seq_index,x_indices,y_index,target_abs_index,target_timestamp,target_beam,split,x_indices_str
88,"[np.int64(15000), np.int64(15001), np.int64(15002), np.int64(15003), np.int64(15004)]",15005,20670,12-23-28.943799,35,calib,"15000,15001,15002,15003,15004"
88,"[np.int64(15001), np.int64(15002), np.int64(15003), np.int64(15004), np.int64(15005)]",15006,20671,12-23-29.043603,36,calib,"15001,15002,15003,15004,15005"
88,"[np.int64(15002), np.int64(15003), np.int64(15004), np.int64(15005), np.int64(15006)]",15007,20672,12-23-29.143554,36,calib,"15002,15003,15004,15005,15006"
88,"[np.int64(15003), np.int64(15004), np.int64(15005), np.int64(15006), np.int64(15007)]",15008,20673,12-23-29.243562,35,calib,"15003,15004,15005,15006,15007"
88,"[np.int64(15004), np.int64(15005), np.int64(15006), np.int64(15007), np.int64(15008)]",15009,20674,12-23-29.343622,36,calib,"15004,15005,15006,15007,15008"
88,"[np.int64(15005), np.int64(15006), np.int64(15007), np.int64(15008), np.int64(15009)]",15010,20675,12-23-29.443753,35,calib,"15005,15006,15007,15008,15009"
88,"[np.int64(15006), np.int64(15007), np.int64(15008), np.int64(15009), np.int64(15010)]",15011,20676,12-23-29.543879,36,calib,"15006,15007,15008,15009,15010"
88,"[np.int64(15007), np.int64(15008), np.int64(15009), np.int64(15010), np.int64(15011)]",15012,20677,12-23-29.643954,36,calib,"15007,15008,15009,15010,15011"
88,"[np.int64(15008), np.int64(15009), np.int64(15010), np.int64(15011), np.int64(15012)]",15013,20678,12-23-29.743696,36,calib,"15008,15009,15010,15011,15012"
88,"[np.int64(15009), np.int64(15010), np.int64(15011), np.int64(15012), np.int64(15013)]",15014,20679,12-23-29.844203,36,calib,"15009,15010,15011,15012,15013"
88,"[np.int64(15010), np.int64(15011), np.int64(15012), np.int64(15013), np.int64(15014)]",15015,20680,12-23-29.943275,36,calib,"15010,15011,15012,15013,15014"
88,"[np.int64(15011), np.int64(15012), np.int64(15013), np.int64(15014), np.int64(15015)]",15016,20681,12-23-30.043844,36,calib,"15011,15012,15013,15014,15015"
88,"[np.int64(15012), np.int64(15013), np.int64(15014), np.int64(15015), np.int64(15016)]",15017,20682,12-23-30.143686,36,calib,"15012,15013,15014,15015,15016"
88,"[np.int64(15013), np.int64(15014), np.int64(15015), np.int64(15016), np.int64(15017)]",15018,20683,12-23-30.243432,36,calib,"15013,15014,15015,15016,15017"
88,"[np.int64(15014), np.int64(15015), np.int64(15016), np.int64(15017), np.int64(15018)]",15019,20684,12-23-30.343518,36,calib,"15014,15015,15016,15017,15018"
88,"[np.int64(15015), np.int64(15016), np.int64(15017), np.int64(15018), np.int64(15019)]",15020,20685,12-23-30.443626,36,calib,"15015,15016,15017,15018,15019"
88,"[np.int64(15016), np.int64(15017), np.int64(15018), np.int64(15019), np.int64(15020)]",15021,20686,12-23-30.544076,36,calib,"15016,15017,15018,15019,15020"
88,"[np.int64(15017), np.int64(15018), np.int64(15019), np.int64(15020), np.int64(15021)]",15022,20687,12-23-30.643526,36,calib,"15017,15018,15019,15020,15021"
88,"[np.int64(15018), np.int64(15019), np.int64(15020), np.int64(15021), np.int64(15022)]",15023,20688,12-23-30.743473,36,calib,"15018,15019,15020,15021,15022"
88,"[np.int64(15019), np.int64(15020), np.int64(15021), np.int64(15022), np.int64(15023)]",15024,20689,12-23-30.843284,36,calib,"15019,15020,15021,15022,15023"
88,"[np.int64(15020), np.int64(15021), np.int64(15022), np.int64(15023), np.int64(15024)]",15025,20690,12-23-30.943366,36,calib,"15020,15021,15022,15023,15024"
88,"[np.int64(15021), np.int64(15022), np.int64(15023), np.int64(15024), np.int64(15025)]",15026,20691,12-23-31.044048,36,calib,"15021,15022,15023,15024,15025"
88,"[np.int64(15022), np.int64(15023), np.int64(15024), np.int64(15025), np.int64(15026)]",15027,20692,12-23-31.143491,36,calib,"15022,15023,15024,15025,15026"
88,"[np.int64(15023), np.int64(15024), np.int64(15025), np.int64(15026), np.int64(15027)]",15028,20693,12-23-31.244217,36,calib,"15023,15024,15025,15026,15027"
88,"[np.int64(15024), np.int64(15025), np.int64(15026), np.int64(15027), np.int64(15028)]",15029,20694,12-23-31.343919,36,calib,"15024,15025,15026,15027,15028"
88,"[np.int64(15025), np.int64(15026), np.int64(15027), np.int64(15028), np.int64(15029)]",15030,20695,12-23-31.443835,36,calib,"15025,15026,15027,15028,15029"
88,"[np.int64(15026), np.int64(15027), np.int64(15028), np.int64(15029), np.int64(15030)]",15031,20696,12-23-31.543902,36,calib,"15026,15027,15028,15029,15030"
88,"[np.int64(15027), np.int64(15028), np.int64(15029), np.int64(15030), np.int64(15031)]",15032,20697,12-23-31.643620,36,calib,"15027,15028,15029,15030,15031"
88,"[np.int64(15028), np.int64(15029), np.int64(15030), np.int64(15031), np.int64(15032)]",15033,20698,12-23-31.743541,36,calib,"15028,15029,15030,15031,15032"
88,"[np.int64(15029), np.int64(15030), np.int64(15031), np.int64(15032), np.int64(15033)]",15034,20699,12-23-31.843524,36,calib,"15029,15030,15031,15032,15033"
88,"[np.int64(15030), np.int64(15031), np.int64(15032), np.int64(15033), np.int64(15034)]",15035,20700,12-23-31.943877,36,calib,"15030,15031,15032,15033,15034"
88,"[np.int64(15031), np.int64(15032), np.int64(15033), np.int64(15034), np.int64(15035)]",15036,20701,12-23-32.044045,36,calib,"15031,15032,15033,15034,15035"
88,"[np.int64(15032), np.int64(15033), np.int64(15034), np.int64(15035), np.int64(15036)]",15037,20702,12-23-32.144039,36,calib,"15032,15033,15034,15035,15036"
88,"[np.int64(15033), np.int64(15034), np.int64(15035), np.int64(15036), np.int64(15037)]",15038,20703,12-23-32.243618,36,calib,"15033,15034,15035,15036,15037"
88,"[np.int64(15034), np.int64(15035), np.int64(15036), np.int64(15037), np.int64(15038)]",15039,20704,12-23-32.344118,36,calib,"15034,15035,15036,15037,15038"
88,"[np.int64(15035), np.int64(15036), np.int64(15037), np.int64(15038), np.int64(15039)]",15040,20705,12-23-32.443961,36,calib,"15035,15036,15037,15038,15039"
88,"[np.int64(15036), np.int64(15037), np.int64(15038), np.int64(15039), np.int64(15040)]",15041,20706,12-23-32.544185,36,calib,"15036,15037,15038,15039,15040"
88,"[np.int64(15037), np.int64(15038), np.int64(15039), np.int64(15040), np.int64(15041)]",15042,20707,12-23-32.644048,36,calib,"15037,15038,15039,15040,15041"
88,"[np.int64(15038), np.int64(15039), np.int64(15040), np.int64(15041), np.int64(15042)]",15043,20708,12-23-32.744029,35,calib,"15038,15039,15040,15041,15042"
88,"[np.int64(15039), np.int64(15040), np.int64(15041), np.int64(15042), np.int64(15043)]",15044,20709,12-23-32.843390,36,calib,"15039,15040,15041,15042,15043"
88,"[np.int64(15040), np.int64(15041), np.int64(15042), np.int64(15043), np.int64(15044)]",15045,20710,12-23-32.943975,36,calib,"15040,15041,15042,15043,15044"
88,"[np.int64(15041), np.int64(15042), np.int64(15043), np.int64(15044), np.int64(15045)]",15046,20711,12-23-33.044302,36,calib,"15041,15042,15043,15044,15045"
88,"[np.int64(15042), np.int64(15043), np.int64(15044), np.int64(15045), np.int64(15046)]",15047,20712,12-23-33.144068,36,calib,"15042,15043,15044,15045,15046"
88,"[np.int64(15043), np.int64(15044), np.int64(15045), np.int64(15046), np.int64(15047)]",15048,20713,12-23-33.243430,36,calib,"15043,15044,15045,15046,15047"
88,"[np.int64(15044), np.int64(15045), np.int64(15046), np.int64(15047), np.int64(15048)]",15049,20714,12-23-33.343242,36,calib,"15044,15045,15046,15047,15048"
88,"[np.int64(15045), np.int64(15046), np.int64(15047), np.int64(15048), np.int64(15049)]",15050,20715,12-23-33.444053,36,calib,"15045,15046,15047,15048,15049"
88,"[np.int64(15046), np.int64(15047), np.int64(15048), np.int64(15049), np.int64(15050)]",15051,20716,12-23-33.544195,36,calib,"15046,15047,15048,15049,15050"
88,"[np.int64(15047), np.int64(15048), np.int64(15049), np.int64(15050), np.int64(15051)]",15052,20717,12-23-33.643856,36,calib,"15047,15048,15049,15050,15051"
88,"[np.int64(15048), np.int64(15049), np.int64(15050), np.int64(15051), np.int64(15052)]",15053,20718,12-23-33.743526,36,calib,"15048,15049,15050,15051,15052"
88,"[np.int64(15049), np.int64(15050), np.int64(15051), np.int64(15052), np.int64(15053)]",15054,20719,12-23-33.843945,36,calib,"15049,15050,15051,15052,15053"
88,"[np.int64(15050), np.int64(15051), np.int64(15052), np.int64(15053), np.int64(15054)]",15055,20720,12-23-33.943616,36,calib,"15050,15051,15052,15053,15054"
88,"[np.int64(15051), np.int64(15052), np.int64(15053), np.int64(15054), np.int64(15055)]",15056,20721,12-23-34.043522,36,calib,"15051,15052,15053,15054,15055"
88,"[np.int64(15052), np.int64(15053), np.int64(15054), np.int64(15055), np.int64(15056)]",15057,20722,12-23-34.143230,36,calib,"15052,15053,15054,15055,15056"
88,"[np.int64(15053), np.int64(15054), np.int64(15055), np.int64(15056), np.int64(15057)]",15058,20723,12-23-34.244021,36,calib,"15053,15054,15055,15056,15057"
88,"[np.int64(15054), np.int64(15055), np.int64(15056), np.int64(15057), np.int64(15058)]",15059,20724,12-23-34.344305,36,calib,"15054,15055,15056,15057,15058"
88,"[np.int64(15055), np.int64(15056), np.int64(15057), np.int64(15058), np.int64(15059)]",15060,20725,12-23-34.444267,35,calib,"15055,15056,15057,15058,15059"
88,"[np.int64(15056), np.int64(15057), np.int64(15058), np.int64(15059), np.int64(15060)]",15061,20726,12-23-34.544111,36,calib,"15056,15057,15058,15059,15060"
88,"[np.int64(15057), np.int64(15058), np.int64(15059), np.int64(15060), np.int64(15061)]",15062,20727,12-23-34.643809,36,calib,"15057,15058,15059,15060,15061"
88,"[np.int64(15058), np.int64(15059), np.int64(15060), np.int64(15061), np.int64(15062)]",15063,20728,12-23-34.743621,36,calib,"15058,15059,15060,15061,15062"
88,"[np.int64(15059), np.int64(15060), np.int64(15061), np.int64(15062), np.int64(15063)]",15064,20729,12-23-34.844106,36,calib,"15059,15060,15061,15062,15063"
88,"[np.int64(15060), np.int64(15061), np.int64(15062), np.int64(15063), np.int64(15064)]",15065,20730,12-23-34.943518,36,calib,"15060,15061,15062,15063,15064"
88,"[np.int64(15061), np.int64(15062), np.int64(15063), np.int64(15064), np.int64(15065)]",15066,20731,12-23-35.043805,35,calib,"15061,15062,15063,15064,15065"
88,"[np.int64(15062), np.int64(15063), np.int64(15064), np.int64(15065), np.int64(15066)]",15067,20732,12-23-35.144182,36,calib,"15062,15063,15064,15065,15066"
88,"[np.int64(15063), np.int64(15064), np.int64(15065), np.int64(15066), np.int64(15067)]",15068,20733,12-23-35.243437,36,calib,"15063,15064,15065,15066,15067"
88,"[np.int64(15064), np.int64(15065), np.int64(15066), np.int64(15067), np.int64(15068)]",15069,20734,12-23-35.343963,36,calib,"15064,15065,15066,15067,15068"
88,"[np.int64(15065), np.int64(15066), np.int64(15067), np.int64(15068), np.int64(15069)]",15070,20735,12-23-35.443335,36,calib,"15065,15066,15067,15068,15069"
88,"[np.int64(15066), np.int64(15067), np.int64(15068), np.int64(15069), np.int64(15070)]",15071,20736,12-23-35.544103,36,calib,"15066,15067,15068,15069,15070"
88,"[np.int64(15067), np.int64(15068), np.int64(15069), np.int64(15070), np.int64(15071)]",15072,20737,12-23-35.643947,36,calib,"15067,15068,15069,15070,15071"
88,"[np.int64(15068), np.int64(15069), np.int64(15070), np.int64(15071), np.int64(15072)]",15073,20738,12-23-35.743627,36,calib,"15068,15069,15070,15071,15072"
88,"[np.int64(15069), np.int64(15070), np.int64(15071), np.int64(15072), np.int64(15073)]",15074,20739,12-23-35.843730,36,calib,"15069,15070,15071,15072,15073"
88,"[np.int64(15070), np.int64(15071), np.int64(15072), np.int64(15073), np.int64(15074)]",15075,20740,12-23-35.944138,36,calib,"15070,15071,15072,15073,15074"
88,"[np.int64(15071), np.int64(15072), np.int64(15073), np.int64(15074), np.int64(15075)]",15076,20741,12-23-36.044248,36,calib,"15071,15072,15073,15074,15075"
88,"[np.int64(15072), np.int64(15073), np.int64(15074), np.int64(15075), np.int64(15076)]",15077,20742,12-23-36.143683,35,calib,"15072,15073,15074,15075,15076"
88,"[np.int64(15073), np.int64(15074), np.int64(15075), np.int64(15076), np.int64(15077)]",15078,20743,12-23-36.244236,35,calib,"15073,15074,15075,15076,15077"
88,"[np.int64(15074), np.int64(15075), np.int64(15076), np.int64(15077), np.int64(15078)]",15079,20744,12-23-36.343325,36,calib,"15074,15075,15076,15077,15078"
88,"[np.int64(15075), np.int64(15076), np.int64(15077), np.int64(15078), np.int64(15079)]",15080,20745,12-23-36.443354,36,calib,"15075,15076,15077,15078,15079"
88,"[np.int64(15076), np.int64(15077), np.int64(15078), np.int64(15079), np.int64(15080)]",15081,20746,12-23-36.543469,36,calib,"15076,15077,15078,15079,15080"
88,"[np.int64(15077), np.int64(15078), np.int64(15079), np.int64(15080), np.int64(15081)]",15082,20747,12-23-36.644214,36,calib,"15077,15078,15079,15080,15081"
88,"[np.int64(15078), np.int64(15079), np.int64(15080), np.int64(15081), np.int64(15082)]",15083,20748,12-23-36.744010,36,calib,"15078,15079,15080,15081,15082"
88,"[np.int64(15079), np.int64(15080), np.int64(15081), np.int64(15082), np.int64(15083)]",15084,20749,12-23-36.843696,36,calib,"15079,15080,15081,15082,15083"
88,"[np.int64(15080), np.int64(15081), np.int64(15082), np.int64(15083), np.int64(15084)]",15085,20750,12-23-36.944145,36,calib,"15080,15081,15082,15083,15084"
88,"[np.int64(15081), np.int64(15082), np.int64(15083), np.int64(15084), np.int64(15085)]",15086,20751,12-23-37.043580,36,calib,"15081,15082,15083,15084,15085"
88,"[np.int64(15082), np.int64(15083), np.int64(15084), np.int64(15085), np.int64(15086)]",15087,20752,12-23-37.143538,36,calib,"15082,15083,15084,15085,15086"
88,"[np.int64(15083), np.int64(15084), np.int64(15085), np.int64(15086), np.int64(15087)]",15088,20753,12-23-37.243806,36,calib,"15083,15084,15085,15086,15087"
88,"[np.int64(15084), np.int64(15085), np.int64(15086), np.int64(15087), np.int64(15088)]",15089,20754,12-23-37.343457,37,calib,"15084,15085,15086,15087,15088"
88,"[np.int64(15085), np.int64(15086), np.int64(15087), np.int64(15088), np.int64(15089)]",15090,20755,12-23-37.443883,36,calib,"15085,15086,15087,15088,15089"
88,"[np.int64(15086), np.int64(15087), np.int64(15088), np.int64(15089), np.int64(15090)]",15091,20756,12-23-37.544192,36,calib,"15086,15087,15088,15089,15090"
88,"[np.int64(15087), np.int64(15088), np.int64(15089), np.int64(15090), np.int64(15091)]",15092,20757,12-23-37.643619,36,calib,"15087,15088,15089,15090,15091"
88,"[np.int64(15088), np.int64(15089), np.int64(15090), np.int64(15091), np.int64(15092)]",15093,20758,12-23-37.743832,36,calib,"15088,15089,15090,15091,15092"
88,"[np.int64(15089), np.int64(15090), np.int64(15091), np.int64(15092), np.int64(15093)]",15094,20759,12-23-37.843381,36,calib,"15089,15090,15091,15092,15093"
88,"[np.int64(15090), np.int64(15091), np.int64(15092), np.int64(15093), np.int64(15094)]",15095,20760,12-23-37.944008,36,calib,"15090,15091,15092,15093,15094"
88,"[np.int64(15091), np.int64(15092), np.int64(15093), np.int64(15094), np.int64(15095)]",15096,20761,12-23-38.044139,36,calib,"15091,15092,15093,15094,15095"
88,"[np.int64(15092), np.int64(15093), np.int64(15094), np.int64(15095), np.int64(15096)]",15097,20762,12-23-38.143618,37,calib,"15092,15093,15094,15095,15096"
88,"[np.int64(15093), np.int64(15094), np.int64(15095), np.int64(15096), np.int64(15097)]",15098,20763,12-23-38.243830,37,calib,"15093,15094,15095,15096,15097"
88,"[np.int64(15094), np.int64(15095), np.int64(15096), np.int64(15097), np.int64(15098)]",15099,20764,12-23-38.344005,37,calib,"15094,15095,15096,15097,15098"
88,"[np.int64(15095), np.int64(15096), np.int64(15097), np.int64(15098), np.int64(15099)]",15100,20765,12-23-38.443366,37,calib,"15095,15096,15097,15098,15099"
88,"[np.int64(15096), np.int64(15097), np.int64(15098), np.int64(15099), np.int64(15100)]",15101,20766,12-23-38.543762,36,calib,"15096,15097,15098,15099,15100"
88,"[np.int64(15097), np.int64(15098), np.int64(15099), np.int64(15100), np.int64(15101)]",15102,20767,12-23-38.643425,36,calib,"15097,15098,15099,15100,15101"
88,"[np.int64(15098), np.int64(15099), np.int64(15100), np.int64(15101), np.int64(15102)]",15103,20768,12-23-38.743309,38,calib,"15098,15099,15100,15101,15102"
88,"[np.int64(15099), np.int64(15100), np.int64(15101), np.int64(15102), np.int64(15103)]",15104,20769,12-23-38.843395,37,calib,"15099,15100,15101,15102,15103"
88,"[np.int64(15100), np.int64(15101), np.int64(15102), np.int64(15103), np.int64(15104)]",15105,20770,12-23-38.943393,37,calib,"15100,15101,15102,15103,15104"
88,"[np.int64(15101), np.int64(15102), np.int64(15103), np.int64(15104), np.int64(15105)]",15106,20771,12-23-39.043742,37,calib,"15101,15102,15103,15104,15105"
88,"[np.int64(15102), np.int64(15103), np.int64(15104), np.int64(15105), np.int64(15106)]",15107,20772,12-23-39.144165,36,calib,"15102,15103,15104,15105,15106"
88,"[np.int64(15103), np.int64(15104), np.int64(15105), np.int64(15106), np.int64(15107)]",15108,20773,12-23-39.244243,37,calib,"15103,15104,15105,15106,15107"
88,"[np.int64(15104), np.int64(15105), np.int64(15106), np.int64(15107), np.int64(15108)]",15109,20774,12-23-39.343526,36,calib,"15104,15105,15106,15107,15108"
88,"[np.int64(15105), np.int64(15106), np.int64(15107), np.int64(15108), np.int64(15109)]",15110,20775,12-23-39.444001,37,calib,"15105,15106,15107,15108,15109"
88,"[np.int64(15106), np.int64(15107), np.int64(15108), np.int64(15109), np.int64(15110)]",15111,20776,12-23-39.543327,37,calib,"15106,15107,15108,15109,15110"
88,"[np.int64(15107), np.int64(15108), np.int64(15109), np.int64(15110), np.int64(15111)]",15112,20777,12-23-39.643236,37,calib,"15107,15108,15109,15110,15111"
88,"[np.int64(15108), np.int64(15109), np.int64(15110), np.int64(15111), np.int64(15112)]",15113,20778,12-23-39.744003,37,calib,"15108,15109,15110,15111,15112"
88,"[np.int64(15109), np.int64(15110), np.int64(15111), np.int64(15112), np.int64(15113)]",15114,20779,12-23-39.843395,37,calib,"15109,15110,15111,15112,15113"
88,"[np.int64(15110), np.int64(15111), np.int64(15112), np.int64(15113), np.int64(15114)]",15115,20780,12-23-39.943581,36,calib,"15110,15111,15112,15113,15114"
88,"[np.int64(15111), np.int64(15112), np.int64(15113), np.int64(15114), np.int64(15115)]",15116,20781,12-23-40.043467,36,calib,"15111,15112,15113,15114,15115"
88,"[np.int64(15112), np.int64(15113), np.int64(15114), np.int64(15115), np.int64(15116)]",15117,20782,12-23-40.144184,36,calib,"15112,15113,15114,15115,15116"
88,"[np.int64(15113), np.int64(15114), np.int64(15115), np.int64(15116), np.int64(15117)]",15118,20783,12-23-40.243632,37,calib,"15113,15114,15115,15116,15117"
88,"[np.int64(15114), np.int64(15115), np.int64(15116), np.int64(15117), np.int64(15118)]",15119,20784,12-23-40.343548,37,calib,"15114,15115,15116,15117,15118"
88,"[np.int64(15115), np.int64(15116), np.int64(15117), np.int64(15118), np.int64(15119)]",15120,20785,12-23-40.443566,37,calib,"15115,15116,15117,15118,15119"
88,"[np.int64(15116), np.int64(15117), np.int64(15118), np.int64(15119), np.int64(15120)]",15121,20786,12-23-40.543782,36,calib,"15116,15117,15118,15119,15120"
88,"[np.int64(15117), np.int64(15118), np.int64(15119), np.int64(15120), np.int64(15121)]",15122,20787,12-23-40.643886,37,calib,"15117,15118,15119,15120,15121"
88,"[np.int64(15118), np.int64(15119), np.int64(15120), np.int64(15121), np.int64(15122)]",15123,20788,12-23-40.743461,37,calib,"15118,15119,15120,15121,15122"
88,"[np.int64(15119), np.int64(15120), np.int64(15121), np.int64(15122), np.int64(15123)]",15124,20789,12-23-40.843415,36,calib,"15119,15120,15121,15122,15123"
88,"[np.int64(15120), np.int64(15121), np.int64(15122), np.int64(15123), np.int64(15124)]",15125,20790,12-23-40.944054,37,calib,"15120,15121,15122,15123,15124"
88,"[np.int64(15121), np.int64(15122), np.int64(15123), np.int64(15124), np.int64(15125)]",15126,20791,12-23-41.043621,37,calib,"15121,15122,15123,15124,15125"
88,"[np.int64(15122), np.int64(15123), np.int64(15124), np.int64(15125), np.int64(15126)]",15127,20792,12-23-41.144154,38,calib,"15122,15123,15124,15125,15126"
88,"[np.int64(15123), np.int64(15124), np.int64(15125), np.int64(15126), np.int64(15127)]",15128,20793,12-23-41.243902,37,calib,"15123,15124,15125,15126,15127"
88,"[np.int64(15124), np.int64(15125), np.int64(15126), np.int64(15127), np.int64(15128)]",15129,20794,12-23-41.343272,37,calib,"15124,15125,15126,15127,15128"
88,"[np.int64(15125), np.int64(15126), np.int64(15127), np.int64(15128), np.int64(15129)]",15130,20795,12-23-41.443257,37,calib,"15125,15126,15127,15128,15129"
88,"[np.int64(15126), np.int64(15127), np.int64(15128), np.int64(15129), np.int64(15130)]",15131,20796,12-23-41.543301,37,calib,"15126,15127,15128,15129,15130"
88,"[np.int64(15127), np.int64(15128), np.int64(15129), np.int64(15130), np.int64(15131)]",15132,20797,12-23-41.643548,38,calib,"15127,15128,15129,15130,15131"
88,"[np.int64(15128), np.int64(15129), np.int64(15130), np.int64(15131), np.int64(15132)]",15133,20798,12-23-41.743406,51,calib,"15128,15129,15130,15131,15132"
88,"[np.int64(15129), np.int64(15130), np.int64(15131), np.int64(15132), np.int64(15133)]",15134,20799,12-23-41.844007,37,calib,"15129,15130,15131,15132,15133"
88,"[np.int64(15130), np.int64(15131), np.int64(15132), np.int64(15133), np.int64(15134)]",15135,20800,12-23-41.944276,37,calib,"15130,15131,15132,15133,15134"
88,"[np.int64(15131), np.int64(15132), np.int64(15133), np.int64(15134), np.int64(15135)]",15136,20801,12-23-42.043999,38,calib,"15131,15132,15133,15134,15135"
88,"[np.int64(15132), np.int64(15133), np.int64(15134), np.int64(15135), np.int64(15136)]",15137,20802,12-23-42.143953,38,calib,"15132,15133,15134,15135,15136"
88,"[np.int64(15133), np.int64(15134), np.int64(15135), np.int64(15136), np.int64(15137)]",15138,20803,12-23-42.244265,38,calib,"15133,15134,15135,15136,15137"
88,"[np.int64(15134), np.int64(15135), np.int64(15136), np.int64(15137), np.int64(15138)]",15139,20804,12-23-42.343420,38,calib,"15134,15135,15136,15137,15138"
88,"[np.int64(15135), np.int64(15136), np.int64(15137), np.int64(15138), np.int64(15139)]",15140,20805,12-23-42.443672,38,calib,"15135,15136,15137,15138,15139"
88,"[np.int64(15136), np.int64(15137), np.int64(15138), np.int64(15139), np.int64(15140)]",15141,20806,12-23-42.543906,38,calib,"15136,15137,15138,15139,15140"
88,"[np.int64(15137), np.int64(15138), np.int64(15139), np.int64(15140), np.int64(15141)]",15142,20807,12-23-42.643835,37,calib,"15137,15138,15139,15140,15141"
88,"[np.int64(15138), np.int64(15139), np.int64(15140), np.int64(15141), np.int64(15142)]",15143,20808,12-23-42.743505,38,calib,"15138,15139,15140,15141,15142"
88,"[np.int64(15139), np.int64(15140), np.int64(15141), np.int64(15142), np.int64(15143)]",15144,20809,12-23-42.843615,38,calib,"15139,15140,15141,15142,15143"
88,"[np.int64(15140), np.int64(15141), np.int64(15142), np.int64(15143), np.int64(15144)]",15145,20810,12-23-42.943822,38,calib,"15140,15141,15142,15143,15144"
88,"[np.int64(15141), np.int64(15142), np.int64(15143), np.int64(15144), np.int64(15145)]",15146,20811,12-23-43.043532,38,calib,"15141,15142,15143,15144,15145"
88,"[np.int64(15142), np.int64(15143), np.int64(15144), np.int64(15145), np.int64(15146)]",15147,20812,12-23-43.143778,38,calib,"15142,15143,15144,15145,15146"
88,"[np.int64(15143), np.int64(15144), np.int64(15145), np.int64(15146), np.int64(15147)]",15148,20813,12-23-43.243973,38,calib,"15143,15144,15145,15146,15147"
88,"[np.int64(15144), np.int64(15145), np.int64(15146), np.int64(15147), np.int64(15148)]",15149,20814,12-23-43.343609,38,calib,"15144,15145,15146,15147,15148"
88,"[np.int64(15145), np.int64(15146), np.int64(15147), np.int64(15148), np.int64(15149)]",15150,20815,12-23-43.444051,38,calib,"15145,15146,15147,15148,15149"
88,"[np.int64(15146), np.int64(15147), np.int64(15148), np.int64(15149), np.int64(15150)]",15151,20816,12-23-43.543753,38,calib,"15146,15147,15148,15149,15150"
88,"[np.int64(15147), np.int64(15148), np.int64(15149), np.int64(15150), np.int64(15151)]",15152,20817,12-23-43.643456,38,calib,"15147,15148,15149,15150,15151"
88,"[np.int64(15148), np.int64(15149), np.int64(15150), np.int64(15151), np.int64(15152)]",15153,20818,12-23-43.744061,38,calib,"15148,15149,15150,15151,15152"
88,"[np.int64(15149), np.int64(15150), np.int64(15151), np.int64(15152), np.int64(15153)]",15154,20819,12-23-43.843455,38,calib,"15149,15150,15151,15152,15153"
88,"[np.int64(15150), np.int64(15151), np.int64(15152), np.int64(15153), np.int64(15154)]",15155,20820,12-23-43.943926,38,calib,"15150,15151,15152,15153,15154"
88,"[np.int64(15151), np.int64(15152), np.int64(15153), np.int64(15154), np.int64(15155)]",15156,20821,12-23-44.044262,39,calib,"15151,15152,15153,15154,15155"
88,"[np.int64(15152), np.int64(15153), np.int64(15154), np.int64(15155), np.int64(15156)]",15157,20822,12-23-44.143832,38,calib,"15152,15153,15154,15155,15156"
88,"[np.int64(15153), np.int64(15154), np.int64(15155), np.int64(15156), np.int64(15157)]",15158,20823,12-23-44.244220,38,calib,"15153,15154,15155,15156,15157"
88,"[np.int64(15154), np.int64(15155), np.int64(15156), np.int64(15157), np.int64(15158)]",15159,20824,12-23-44.343790,38,calib,"15154,15155,15156,15157,15158"
88,"[np.int64(15155), np.int64(15156), np.int64(15157), np.int64(15158), np.int64(15159)]",15160,20825,12-23-44.443964,40,calib,"15155,15156,15157,15158,15159"
88,"[np.int64(15156), np.int64(15157), np.int64(15158), np.int64(15159), np.int64(15160)]",15161,20826,12-23-44.544271,38,calib,"15156,15157,15158,15159,15160"
88,"[np.int64(15157), np.int64(15158), np.int64(15159), np.int64(15160), np.int64(15161)]",15162,20827,12-23-44.643269,39,calib,"15157,15158,15159,15160,15161"
88,"[np.int64(15158), np.int64(15159), np.int64(15160), np.int64(15161), np.int64(15162)]",15163,20828,12-23-44.743428,39,calib,"15158,15159,15160,15161,15162"
88,"[np.int64(15159), np.int64(15160), np.int64(15161), np.int64(15162), np.int64(15163)]",15164,20829,12-23-44.844052,39,calib,"15159,15160,15161,15162,15163"
88,"[np.int64(15160), np.int64(15161), np.int64(15162), np.int64(15163), np.int64(15164)]",15165,20830,12-23-44.943322,39,calib,"15160,15161,15162,15163,15164"
88,"[np.int64(15161), np.int64(15162), np.int64(15163), np.int64(15164), np.int64(15165)]",15166,20831,12-23-45.043850,40,calib,"15161,15162,15163,15164,15165"
88,"[np.int64(15162), np.int64(15163), np.int64(15164), np.int64(15165), np.int64(15166)]",15167,20832,12-23-45.143456,40,calib,"15162,15163,15164,15165,15166"
88,"[np.int64(15163), np.int64(15164), np.int64(15165), np.int64(15166), np.int64(15167)]",15168,20833,12-23-45.243993,40,calib,"15163,15164,15165,15166,15167"
88,"[np.int64(15164), np.int64(15165), np.int64(15166), np.int64(15167), np.int64(15168)]",15169,20834,12-23-45.344222,40,calib,"15164,15165,15166,15167,15168"
88,"[np.int64(15165), np.int64(15166), np.int64(15167), np.int64(15168), np.int64(15169)]",15170,20835,12-23-45.443280,40,calib,"15165,15166,15167,15168,15169"
88,"[np.int64(15166), np.int64(15167), np.int64(15168), np.int64(15169), np.int64(15170)]",15171,20836,12-23-45.543497,40,calib,"15166,15167,15168,15169,15170"
88,"[np.int64(15167), np.int64(15168), np.int64(15169), np.int64(15170), np.int64(15171)]",15172,20837,12-23-45.643560,40,calib,"15167,15168,15169,15170,15171"
88,"[np.int64(15168), np.int64(15169), np.int64(15170), np.int64(15171), np.int64(15172)]",15173,20838,12-23-45.744193,40,calib,"15168,15169,15170,15171,15172"
88,"[np.int64(15169), np.int64(15170), np.int64(15171), np.int64(15172), np.int64(15173)]",15174,20839,12-23-45.843620,40,calib,"15169,15170,15171,15172,15173"
88,"[np.int64(15170), np.int64(15171), np.int64(15172), np.int64(15173), np.int64(15174)]",15175,20840,12-23-45.943485,40,calib,"15170,15171,15172,15173,15174"
88,"[np.int64(15171), np.int64(15172), np.int64(15173), np.int64(15174), np.int64(15175)]",15176,20841,12-23-46.043442,40,calib,"15171,15172,15173,15174,15175"
88,"[np.int64(15172), np.int64(15173), np.int64(15174), np.int64(15175), np.int64(15176)]",15177,20842,12-23-46.143618,40,calib,"15172,15173,15174,15175,15176"
88,"[np.int64(15173), np.int64(15174), np.int64(15175), np.int64(15176), np.int64(15177)]",15178,20843,12-23-46.243568,41,calib,"15173,15174,15175,15176,15177"
88,"[np.int64(15174), np.int64(15175), np.int64(15176), np.int64(15177), np.int64(15178)]",15179,20844,12-23-46.343258,40,calib,"15174,15175,15176,15177,15178"
88,"[np.int64(15175), np.int64(15176), np.int64(15177), np.int64(15178), np.int64(15179)]",15180,20845,12-23-46.443620,40,calib,"15175,15176,15177,15178,15179"
88,"[np.int64(15176), np.int64(15177), np.int64(15178), np.int64(15179), np.int64(15180)]",15181,20846,12-23-46.543333,40,calib,"15176,15177,15178,15179,15180"
88,"[np.int64(15177), np.int64(15178), np.int64(15179), np.int64(15180), np.int64(15181)]",15182,20847,12-23-46.644301,40,calib,"15177,15178,15179,15180,15181"
88,"[np.int64(15178), np.int64(15179), np.int64(15180), np.int64(15181), np.int64(15182)]",15183,20848,12-23-46.743742,41,calib,"15178,15179,15180,15181,15182"
88,"[np.int64(15179), np.int64(15180), np.int64(15181), np.int64(15182), np.int64(15183)]",15184,20849,12-23-46.843266,41,calib,"15179,15180,15181,15182,15183"
88,"[np.int64(15180), np.int64(15181), np.int64(15182), np.int64(15183), np.int64(15184)]",15185,20850,12-23-46.944198,41,calib,"15180,15181,15182,15183,15184"
88,"[np.int64(15181), np.int64(15182), np.int64(15183), np.int64(15184), np.int64(15185)]",15186,20851,12-23-47.043888,41,calib,"15181,15182,15183,15184,15185"
88,"[np.int64(15182), np.int64(15183), np.int64(15184), np.int64(15185), np.int64(15186)]",15187,20852,12-23-47.143765,42,calib,"15182,15183,15184,15185,15186"
88,"[np.int64(15183), np.int64(15184), np.int64(15185), np.int64(15186), np.int64(15187)]",15188,20853,12-23-47.243231,42,calib,"15183,15184,15185,15186,15187"
88,"[np.int64(15184), np.int64(15185), np.int64(15186), np.int64(15187), np.int64(15188)]",15189,20854,12-23-47.343498,41,calib,"15184,15185,15186,15187,15188"
88,"[np.int64(15185), np.int64(15186), np.int64(15187), np.int64(15188), np.int64(15189)]",15190,20855,12-23-47.444098,41,calib,"15185,15186,15187,15188,15189"
88,"[np.int64(15186), np.int64(15187), np.int64(15188), np.int64(15189), np.int64(15190)]",15191,20856,12-23-47.544044,42,calib,"15186,15187,15188,15189,15190"
88,"[np.int64(15187), np.int64(15188), np.int64(15189), np.int64(15190), np.int64(15191)]",15192,20857,12-23-47.644149,41,calib,"15187,15188,15189,15190,15191"
88,"[np.int64(15188), np.int64(15189), np.int64(15190), np.int64(15191), np.int64(15192)]",15193,20858,12-23-47.743285,41,calib,"15188,15189,15190,15191,15192"
88,"[np.int64(15189), np.int64(15190), np.int64(15191), np.int64(15192), np.int64(15193)]",15194,20859,12-23-47.843955,42,calib,"15189,15190,15191,15192,15193"
88,"[np.int64(15190), np.int64(15191), np.int64(15192), np.int64(15193), np.int64(15194)]",15195,20860,12-23-47.943269,41,calib,"15190,15191,15192,15193,15194"
88,"[np.int64(15191), np.int64(15192), np.int64(15193), np.int64(15194), np.int64(15195)]",15196,20861,12-23-48.044055,42,calib,"15191,15192,15193,15194,15195"
88,"[np.int64(15192), np.int64(15193), np.int64(15194), np.int64(15195), np.int64(15196)]",15197,20862,12-23-48.143834,42,calib,"15192,15193,15194,15195,15196"
88,"[np.int64(15193), np.int64(15194), np.int64(15195), np.int64(15196), np.int64(15197)]",15198,20863,12-23-48.243231,42,calib,"15193,15194,15195,15196,15197"
88,"[np.int64(15194), np.int64(15195), np.int64(15196), np.int64(15197), np.int64(15198)]",15199,20864,12-23-48.343271,42,calib,"15194,15195,15196,15197,15198"
88,"[np.int64(15195), np.int64(15196), np.int64(15197), np.int64(15198), np.int64(15199)]",15200,20865,12-23-48.443600,42,calib,"15195,15196,15197,15198,15199"
88,"[np.int64(15196), np.int64(15197), np.int64(15198), np.int64(15199), np.int64(15200)]",15201,20866,12-23-48.543725,42,calib,"15196,15197,15198,15199,15200"
88,"[np.int64(15197), np.int64(15198), np.int64(15199), np.int64(15200), np.int64(15201)]",15202,20867,12-23-48.644208,42,calib,"15197,15198,15199,15200,15201"
88,"[np.int64(15198), np.int64(15199), np.int64(15200), np.int64(15201), np.int64(15202)]",15203,20868,12-23-48.744285,42,calib,"15198,15199,15200,15201,15202"
88,"[np.int64(15199), np.int64(15200), np.int64(15201), np.int64(15202), np.int64(15203)]",15204,20869,12-23-48.843228,41,calib,"15199,15200,15201,15202,15203"
88,"[np.int64(15200), np.int64(15201), np.int64(15202), np.int64(15203), np.int64(15204)]",15205,20870,12-23-48.943924,42,calib,"15200,15201,15202,15203,15204"
88,"[np.int64(15201), np.int64(15202), np.int64(15203), np.int64(15204), np.int64(15205)]",15206,20871,12-23-49.043823,42,calib,"15201,15202,15203,15204,15205"
88,"[np.int64(15202), np.int64(15203), np.int64(15204), np.int64(15205), np.int64(15206)]",15207,20872,12-23-49.144133,42,calib,"15202,15203,15204,15205,15206"
88,"[np.int64(15203), np.int64(15204), np.int64(15205), np.int64(15206), np.int64(15207)]",15208,20873,12-23-49.244019,43,calib,"15203,15204,15205,15206,15207"
88,"[np.int64(15204), np.int64(15205), np.int64(15206), np.int64(15207), np.int64(15208)]",15209,20874,12-23-49.343418,43,calib,"15204,15205,15206,15207,15208"
88,"[np.int64(15205), np.int64(15206), np.int64(15207), np.int64(15208), np.int64(15209)]",15210,20875,12-23-49.444141,43,calib,"15205,15206,15207,15208,15209"
88,"[np.int64(15206), np.int64(15207), np.int64(15208), np.int64(15209), np.int64(15210)]",15211,20876,12-23-49.543836,43,calib,"15206,15207,15208,15209,15210"
88,"[np.int64(15207), np.int64(15208), np.int64(15209), np.int64(15210), np.int64(15211)]",15212,20877,12-23-49.644142,43,calib,"15207,15208,15209,15210,15211"
88,"[np.int64(15208), np.int64(15209), np.int64(15210), np.int64(15211), np.int64(15212)]",15213,20878,12-23-49.743849,43,calib,"15208,15209,15210,15211,15212"
88,"[np.int64(15209), np.int64(15210), np.int64(15211), np.int64(15212), np.int64(15213)]",15214,20879,12-23-49.843560,43,calib,"15209,15210,15211,15212,15213"
88,"[np.int64(15210), np.int64(15211), np.int64(15212), np.int64(15213), np.int64(15214)]",15215,20880,12-23-49.944204,43,calib,"15210,15211,15212,15213,15214"
88,"[np.int64(15211), np.int64(15212), np.int64(15213), np.int64(15214), np.int64(15215)]",15216,20881,12-23-50.044270,43,calib,"15211,15212,15213,15214,15215"
88,"[np.int64(15212), np.int64(15213), np.int64(15214), np.int64(15215), np.int64(15216)]",15217,20882,12-23-50.144054,43,calib,"15212,15213,15214,15215,15216"
88,"[np.int64(15213), np.int64(15214), np.int64(15215), np.int64(15216), np.int64(15217)]",15218,20883,12-23-50.243547,43,calib,"15213,15214,15215,15216,15217"
88,"[np.int64(15214), np.int64(15215), np.int64(15216), np.int64(15217), np.int64(15218)]",15219,20884,12-23-50.343922,44,calib,"15214,15215,15216,15217,15218"
88,"[np.int64(15215), np.int64(15216), np.int64(15217), np.int64(15218), np.int64(15219)]",15220,20885,12-23-50.444174,44,calib,"15215,15216,15217,15218,15219"
88,"[np.int64(15216), np.int64(15217), np.int64(15218), np.int64(15219), np.int64(15220)]",15221,20886,12-23-50.543586,44,calib,"15216,15217,15218,15219,15220"
88,"[np.int64(15217), np.int64(15218), np.int64(15219), np.int64(15220), np.int64(15221)]",15222,20887,12-23-50.644053,44,calib,"15217,15218,15219,15220,15221"
88,"[np.int64(15218), np.int64(15219), np.int64(15220), np.int64(15221), np.int64(15222)]",15223,20888,12-23-50.743816,44,calib,"15218,15219,15220,15221,15222"
88,"[np.int64(15219), np.int64(15220), np.int64(15221), np.int64(15222), np.int64(15223)]",15224,20889,12-23-50.843953,44,calib,"15219,15220,15221,15222,15223"
88,"[np.int64(15220), np.int64(15221), np.int64(15222), np.int64(15223), np.int64(15224)]",15225,20890,12-23-50.944155,44,calib,"15220,15221,15222,15223,15224"
88,"[np.int64(15221), np.int64(15222), np.int64(15223), np.int64(15224), np.int64(15225)]",15226,20891,12-23-51.043498,44,calib,"15221,15222,15223,15224,15225"
88,"[np.int64(15222), np.int64(15223), np.int64(15224), np.int64(15225), np.int64(15226)]",15227,20892,12-23-51.143753,45,calib,"15222,15223,15224,15225,15226"
88,"[np.int64(15223), np.int64(15224), np.int64(15225), np.int64(15226), np.int64(15227)]",15228,20893,12-23-51.244174,46,calib,"15223,15224,15225,15226,15227"
88,"[np.int64(15224), np.int64(15225), np.int64(15226), np.int64(15227), np.int64(15228)]",15229,20894,12-23-51.343754,46,calib,"15224,15225,15226,15227,15228"
88,"[np.int64(15225), np.int64(15226), np.int64(15227), np.int64(15228), np.int64(15229)]",15230,20895,12-23-51.443714,46,calib,"15225,15226,15227,15228,15229"
88,"[np.int64(15226), np.int64(15227), np.int64(15228), np.int64(15229), np.int64(15230)]",15231,20896,12-23-51.543512,46,calib,"15226,15227,15228,15229,15230"
88,"[np.int64(15227), np.int64(15228), np.int64(15229), np.int64(15230), np.int64(15231)]",15232,20897,12-23-51.643230,46,calib,"15227,15228,15229,15230,15231"
88,"[np.int64(15228), np.int64(15229), np.int64(15230), np.int64(15231), np.int64(15232)]",15233,20898,12-23-51.744088,46,calib,"15228,15229,15230,15231,15232"
88,"[np.int64(15229), np.int64(15230), np.int64(15231), np.int64(15232), np.int64(15233)]",15234,20899,12-23-51.843778,46,calib,"15229,15230,15231,15232,15233"
88,"[np.int64(15230), np.int64(15231), np.int64(15232), np.int64(15233), np.int64(15234)]",15235,20900,12-23-51.943582,46,calib,"15230,15231,15232,15233,15234"
88,"[np.int64(15231), np.int64(15232), np.int64(15233), np.int64(15234), np.int64(15235)]",15236,20901,12-23-52.043237,46,calib,"15231,15232,15233,15234,15235"
88,"[np.int64(15232), np.int64(15233), np.int64(15234), np.int64(15235), np.int64(15236)]",15237,20902,12-23-52.143673,46,calib,"15232,15233,15234,15235,15236"
88,"[np.int64(15233), np.int64(15234), np.int64(15235), np.int64(15236), np.int64(15237)]",15238,20903,12-23-52.243271,46,calib,"15233,15234,15235,15236,15237"
88,"[np.int64(15234), np.int64(15235), np.int64(15236), np.int64(15237), np.int64(15238)]",15239,20904,12-23-52.344170,47,calib,"15234,15235,15236,15237,15238"
88,"[np.int64(15235), np.int64(15236), np.int64(15237), np.int64(15238), np.int64(15239)]",15240,20905,12-23-52.443412,48,calib,"15235,15236,15237,15238,15239"
88,"[np.int64(15236), np.int64(15237), np.int64(15238), np.int64(15239), np.int64(15240)]",15241,20906,12-23-52.544266,48,calib,"15236,15237,15238,15239,15240"
88,"[np.int64(15237), np.int64(15238), np.int64(15239), np.int64(15240), np.int64(15241)]",15242,20907,12-23-52.644095,48,calib,"15237,15238,15239,15240,15241"
88,"[np.int64(15238), np.int64(15239), np.int64(15240), np.int64(15241), np.int64(15242)]",15243,20908,12-23-52.744045,47,calib,"15238,15239,15240,15241,15242"
88,"[np.int64(15239), np.int64(15240), np.int64(15241), np.int64(15242), np.int64(15243)]",15244,20909,12-23-52.844063,48,calib,"15239,15240,15241,15242,15243"
88,"[np.int64(15240), np.int64(15241), np.int64(15242), np.int64(15243), np.int64(15244)]",15245,20910,12-23-52.944046,48,calib,"15240,15241,15242,15243,15244"
88,"[np.int64(15241), np.int64(15242), np.int64(15243), np.int64(15244), np.int64(15245)]",15246,20911,12-23-53.043739,48,calib,"15241,15242,15243,15244,15245"
88,"[np.int64(15242), np.int64(15243), np.int64(15244), np.int64(15245), np.int64(15246)]",15247,20912,12-23-53.143863,49,calib,"15242,15243,15244,15245,15246"
88,"[np.int64(15243), np.int64(15244), np.int64(15245), np.int64(15246), np.int64(15247)]",15248,20913,12-23-53.243917,49,calib,"15243,15244,15245,15246,15247"
88,"[np.int64(15244), np.int64(15245), np.int64(15246), np.int64(15247), np.int64(15248)]",15249,20914,12-23-53.344018,49,calib,"15244,15245,15246,15247,15248"
88,"[np.int64(15245), np.int64(15246), np.int64(15247), np.int64(15248), np.int64(15249)]",15250,20915,12-23-53.443292,50,calib,"15245,15246,15247,15248,15249"
88,"[np.int64(15246), np.int64(15247), np.int64(15248), np.int64(15249), np.int64(15250)]",15251,20916,12-23-53.544033,50,calib,"15246,15247,15248,15249,15250"
88,"[np.int64(15247), np.int64(15248), np.int64(15249), np.int64(15250), np.int64(15251)]",15252,20917,12-23-53.643940,50,calib,"15247,15248,15249,15250,15251"
88,"[np.int64(15248), np.int64(15249), np.int64(15250), np.int64(15251), np.int64(15252)]",15253,20918,12-23-53.743708,51,calib,"15248,15249,15250,15251,15252"
88,"[np.int64(15249), np.int64(15250), np.int64(15251), np.int64(15252), np.int64(15253)]",15254,20919,12-23-53.844044,50,calib,"15249,15250,15251,15252,15253"
88,"[np.int64(15250), np.int64(15251), np.int64(15252), np.int64(15253), np.int64(15254)]",15255,20920,12-23-53.943834,51,calib,"15250,15251,15252,15253,15254"
88,"[np.int64(15251), np.int64(15252), np.int64(15253), np.int64(15254), np.int64(15255)]",15256,20921,12-23-54.043617,51,calib,"15251,15252,15253,15254,15255"
88,"[np.int64(15252), np.int64(15253), np.int64(15254), np.int64(15255), np.int64(15256)]",15257,20922,12-23-54.143758,51,calib,"15252,15253,15254,15255,15256"
88,"[np.int64(15253), np.int64(15254), np.int64(15255), np.int64(15256), np.int64(15257)]",15258,20923,12-23-54.244229,52,calib,"15253,15254,15255,15256,15257"
88,"[np.int64(15254), np.int64(15255), np.int64(15256), np.int64(15257), np.int64(15258)]",15259,20924,12-23-54.343478,52,calib,"15254,15255,15256,15257,15258"
88,"[np.int64(15255), np.int64(15256), np.int64(15257), np.int64(15258), np.int64(15259)]",15260,20925,12-23-54.443432,53,calib,"15255,15256,15257,15258,15259"
88,"[np.int64(15256), np.int64(15257), np.int64(15258), np.int64(15259), np.int64(15260)]",15261,20926,12-23-54.543602,52,calib,"15256,15257,15258,15259,15260"
88,"[np.int64(15257), np.int64(15258), np.int64(15259), np.int64(15260), np.int64(15261)]",15262,20927,12-23-54.644243,54,calib,"15257,15258,15259,15260,15261"
88,"[np.int64(15258), np.int64(15259), np.int64(15260), np.int64(15261), np.int64(15262)]",15263,20928,12-23-54.743616,53,calib,"15258,15259,15260,15261,15262"
88,"[np.int64(15259), np.int64(15260), np.int64(15261), np.int64(15262), np.int64(15263)]",15264,20929,12-23-54.843607,54,calib,"15259,15260,15261,15262,15263"
88,"[np.int64(15260), np.int64(15261), np.int64(15262), np.int64(15263), np.int64(15264)]",15265,20930,12-23-54.944011,54,calib,"15260,15261,15262,15263,15264"
88,"[np.int64(15261), np.int64(15262), np.int64(15263), np.int64(15264), np.int64(15265)]",15266,20931,12-23-55.043753,55,calib,"15261,15262,15263,15264,15265"
88,"[np.int64(15262), np.int64(15263), np.int64(15264), np.int64(15265), np.int64(15266)]",15267,20932,12-23-55.143845,55,calib,"15262,15263,15264,15265,15266"
88,"[np.int64(15263), np.int64(15264), np.int64(15265), np.int64(15266), np.int64(15267)]",15268,20933,12-23-55.243567,55,calib,"15263,15264,15265,15266,15267"
88,"[np.int64(15264), np.int64(15265), np.int64(15266), np.int64(15267), np.int64(15268)]",15269,20934,12-23-55.343387,56,calib,"15264,15265,15266,15267,15268"
88,"[np.int64(15265), np.int64(15266), np.int64(15267), np.int64(15268), np.int64(15269)]",15270,20935,12-23-55.443946,56,calib,"15265,15266,15267,15268,15269"
88,"[np.int64(15266), np.int64(15267), np.int64(15268), np.int64(15269), np.int64(15270)]",15271,20936,12-23-55.544263,57,calib,"15266,15267,15268,15269,15270"
88,"[np.int64(15267), np.int64(15268), np.int64(15269), np.int64(15270), np.int64(15271)]",15272,20937,12-23-55.643870,57,calib,"15267,15268,15269,15270,15271"
88,"[np.int64(15268), np.int64(15269), np.int64(15270), np.int64(15271), np.int64(15272)]",15273,20938,12-23-55.743319,58,calib,"15268,15269,15270,15271,15272"
88,"[np.int64(15269), np.int64(15270), np.int64(15271), np.int64(15272), np.int64(15273)]",15274,20939,12-23-55.844081,58,calib,"15269,15270,15271,15272,15273"
88,"[np.int64(15270), np.int64(15271), np.int64(15272), np.int64(15273), np.int64(15274)]",15275,20940,12-23-55.943804,57,calib,"15270,15271,15272,15273,15274"
88,"[np.int64(15271), np.int64(15272), np.int64(15273), np.int64(15274), np.int64(15275)]",15276,20941,12-23-56.043789,57,calib,"15271,15272,15273,15274,15275"
88,"[np.int64(15272), np.int64(15273), np.int64(15274), np.int64(15275), np.int64(15276)]",15277,20942,12-23-56.143714,59,calib,"15272,15273,15274,15275,15276"
88,"[np.int64(15273), np.int64(15274), np.int64(15275), np.int64(15276), np.int64(15277)]",15278,20943,12-23-56.243976,59,calib,"15273,15274,15275,15276,15277"
88,"[np.int64(15274), np.int64(15275), np.int64(15276), np.int64(15277), np.int64(15278)]",15279,20944,12-23-56.343942,61,calib,"15274,15275,15276,15277,15278"
88,"[np.int64(15275), np.int64(15276), np.int64(15277), np.int64(15278), np.int64(15279)]",15280,20945,12-23-56.443977,61,calib,"15275,15276,15277,15278,15279"
88,"[np.int64(15276), np.int64(15277), np.int64(15278), np.int64(15279), np.int64(15280)]",15281,20946,12-23-56.544086,61,calib,"15276,15277,15278,15279,15280"
88,"[np.int64(15277), np.int64(15278), np.int64(15279), np.int64(15280), np.int64(15281)]",15282,20947,12-23-56.643377,61,calib,"15277,15278,15279,15280,15281"
88,"[np.int64(15278), np.int64(15279), np.int64(15280), np.int64(15281), np.int64(15282)]",15283,20948,12-23-56.743279,61,calib,"15278,15279,15280,15281,15282"
88,"[np.int64(15279), np.int64(15280), np.int64(15281), np.int64(15282), np.int64(15283)]",15284,20949,12-23-56.843233,61,calib,"15279,15280,15281,15282,15283"
88,"[np.int64(15280), np.int64(15281), np.int64(15282), np.int64(15283), np.int64(15284)]",15285,20950,12-23-56.943844,65,calib,"15280,15281,15282,15283,15284"
88,"[np.int64(15281), np.int64(15282), np.int64(15283), np.int64(15284), np.int64(15285)]",15286,20951,12-23-57.043573,67,calib,"15281,15282,15283,15284,15285"
88,"[np.int64(15282), np.int64(15283), np.int64(15284), np.int64(15285), np.int64(15286)]",15287,20952,12-23-57.143828,68,calib,"15282,15283,15284,15285,15286"
88,"[np.int64(15283), np.int64(15284), np.int64(15285), np.int64(15286), np.int64(15287)]",15288,20953,12-23-57.243568,69,calib,"15283,15284,15285,15286,15287"
88,"[np.int64(15284), np.int64(15285), np.int64(15286), np.int64(15287), np.int64(15288)]",15289,20954,12-23-57.343681,68,calib,"15284,15285,15286,15287,15288"
88,"[np.int64(15285), np.int64(15286), np.int64(15287), np.int64(15288), np.int64(15289)]",15290,20955,12-23-57.443762,69,calib,"15285,15286,15287,15288,15289"
88,"[np.int64(15286), np.int64(15287), np.int64(15288), np.int64(15289), np.int64(15290)]",15291,20956,12-23-57.543707,69,calib,"15286,15287,15288,15289,15290"
88,"[np.int64(15287), np.int64(15288), np.int64(15289), np.int64(15290), np.int64(15291)]",15292,20957,12-23-57.644255,70,calib,"15287,15288,15289,15290,15291"
88,"[np.int64(15288), np.int64(15289), np.int64(15290), np.int64(15291), np.int64(15292)]",15293,20958,12-23-57.744159,70,calib,"15288,15289,15290,15291,15292"
88,"[np.int64(15289), np.int64(15290), np.int64(15291), np.int64(15292), np.int64(15293)]",15294,20959,12-23-57.843591,70,calib,"15289,15290,15291,15292,15293"
88,"[np.int64(15290), np.int64(15291), np.int64(15292), np.int64(15293), np.int64(15294)]",15295,20960,12-23-57.944279,71,calib,"15290,15291,15292,15293,15294"
88,"[np.int64(15291), np.int64(15292), np.int64(15293), np.int64(15294), np.int64(15295)]",15296,20961,12-23-58.043746,72,calib,"15291,15292,15293,15294,15295"
88,"[np.int64(15292), np.int64(15293), np.int64(15294), np.int64(15295), np.int64(15296)]",15297,20962,12-23-58.143824,74,calib,"15292,15293,15294,15295,15296"
88,"[np.int64(15293), np.int64(15294), np.int64(15295), np.int64(15296), np.int64(15297)]",15298,20963,12-23-58.243794,75,calib,"15293,15294,15295,15296,15297"
88,"[np.int64(15294), np.int64(15295), np.int64(15296), np.int64(15297), np.int64(15298)]",15299,20964,12-23-58.344141,77,calib,"15294,15295,15296,15297,15298"
88,"[np.int64(15295), np.int64(15296), np.int64(15297), np.int64(15298), np.int64(15299)]",15300,20965,12-23-58.443283,77,calib,"15295,15296,15297,15298,15299"
88,"[np.int64(15296), np.int64(15297), np.int64(15298), np.int64(15299), np.int64(15300)]",15301,20966,12-23-58.544132,77,calib,"15296,15297,15298,15299,15300"
88,"[np.int64(15297), np.int64(15298), np.int64(15299), np.int64(15300), np.int64(15301)]",15302,20967,12-23-58.643515,77,calib,"15297,15298,15299,15300,15301"
88,"[np.int64(15298), np.int64(15299), np.int64(15300), np.int64(15301), np.int64(15302)]",15303,20968,12-23-58.743426,78,calib,"15298,15299,15300,15301,15302"
88,"[np.int64(15299), np.int64(15300), np.int64(15301), np.int64(15302), np.int64(15303)]",15304,20969,12-23-58.843293,81,calib,"15299,15300,15301,15302,15303"
88,"[np.int64(15300), np.int64(15301), np.int64(15302), np.int64(15303), np.int64(15304)]",15305,20970,12-23-58.944080,81,calib,"15300,15301,15302,15303,15304"
88,"[np.int64(15301), np.int64(15302), np.int64(15303), np.int64(15304), np.int64(15305)]",15306,20971,12-23-59.043735,84,calib,"15301,15302,15303,15304,15305"
88,"[np.int64(15302), np.int64(15303), np.int64(15304), np.int64(15305), np.int64(15306)]",15307,20972,12-23-59.143603,82,calib,"15302,15303,15304,15305,15306"
88,"[np.int64(15303), np.int64(15304), np.int64(15305), np.int64(15306), np.int64(15307)]",15308,20973,12-23-59.244005,85,calib,"15303,15304,15305,15306,15307"
88,"[np.int64(15304), np.int64(15305), np.int64(15306), np.int64(15307), np.int64(15308)]",15309,20974,12-23-59.343425,85,calib,"15304,15305,15306,15307,15308"
88,"[np.int64(15305), np.int64(15306), np.int64(15307), np.int64(15308), np.int64(15309)]",15310,20975,12-23-59.443561,86,calib,"15305,15306,15307,15308,15309"
88,"[np.int64(15306), np.int64(15307), np.int64(15308), np.int64(15309), np.int64(15310)]",15311,20976,12-23-59.543590,90,calib,"15306,15307,15308,15309,15310"
88,"[np.int64(15307), np.int64(15308), np.int64(15309), np.int64(15310), np.int64(15311)]",15312,20977,12-23-59.643324,90,calib,"15307,15308,15309,15310,15311"
88,"[np.int64(15308), np.int64(15309), np.int64(15310), np.int64(15311), np.int64(15312)]",15313,20978,12-23-59.743819,91,calib,"15308,15309,15310,15311,15312"
88,"[np.int64(15309), np.int64(15310), np.int64(15311), np.int64(15312), np.int64(15313)]",15314,20979,12-23-59.843511,92,calib,"15309,15310,15311,15312,15313"
88,"[np.int64(15310), np.int64(15311), np.int64(15312), np.int64(15313), np.int64(15314)]",15315,20980,12-23-59.943380,94,calib,"15310,15311,15312,15313,15314"
88,"[np.int64(15311), np.int64(15312), np.int64(15313), np.int64(15314), np.int64(15315)]",15316,20981,12-24-00.043675,96,calib,"15311,15312,15313,15314,15315"
88,"[np.int64(15312), np.int64(15313), np.int64(15314), np.int64(15315), np.int64(15316)]",15317,20982,12-24-00.143967,96,calib,"15312,15313,15314,15315,15316"
88,"[np.int64(15313), np.int64(15314), np.int64(15315), np.int64(15316), np.int64(15317)]",15318,20983,12-24-00.243717,99,calib,"15313,15314,15315,15316,15317"
88,"[np.int64(15314), np.int64(15315), np.int64(15316), np.int64(15317), np.int64(15318)]",15319,20984,12-24-00.343945,99,calib,"15314,15315,15316,15317,15318"
88,"[np.int64(15315), np.int64(15316), np.int64(15317), np.int64(15318), np.int64(15319)]",15320,20985,12-24-00.443421,99,calib,"15315,15316,15317,15318,15319"
88,"[np.int64(15316), np.int64(15317), np.int64(15318), np.int64(15319), np.int64(15320)]",15321,20986,12-24-00.543836,99,calib,"15316,15317,15318,15319,15320"
88,"[np.int64(15317), np.int64(15318), np.int64(15319), np.int64(15320), np.int64(15321)]",15322,20987,12-24-00.644167,101,calib,"15317,15318,15319,15320,15321"
88,"[np.int64(15318), np.int64(15319), np.int64(15320), np.int64(15321), np.int64(15322)]",15323,20988,12-24-00.743672,101,calib,"15318,15319,15320,15321,15322"
88,"[np.int64(15319), np.int64(15320), np.int64(15321), np.int64(15322), np.int64(15323)]",15324,20989,12-24-00.843831,104,calib,"15319,15320,15321,15322,15323"
88,"[np.int64(15320), np.int64(15321), np.int64(15322), np.int64(15323), np.int64(15324)]",15325,20990,12-24-00.943306,104,calib,"15320,15321,15322,15323,15324"
88,"[np.int64(15321), np.int64(15322), np.int64(15323), np.int64(15324), np.int64(15325)]",15326,20991,12-24-01.043283,105,calib,"15321,15322,15323,15324,15325"
88,"[np.int64(15322), np.int64(15323), np.int64(15324), np.int64(15325), np.int64(15326)]",15327,20992,12-24-01.143440,106,calib,"15322,15323,15324,15325,15326"
88,"[np.int64(15323), np.int64(15324), np.int64(15325), np.int64(15326), np.int64(15327)]",15328,20993,12-24-01.243932,107,calib,"15323,15324,15325,15326,15327"
88,"[np.int64(15324), np.int64(15325), np.int64(15326), np.int64(15327), np.int64(15328)]",15329,20994,12-24-01.343923,109,calib,"15324,15325,15326,15327,15328"
88,"[np.int64(15325), np.int64(15326), np.int64(15327), np.int64(15328), np.int64(15329)]",15330,20995,12-24-01.443585,110,calib,"15325,15326,15327,15328,15329"
88,"[np.int64(15326), np.int64(15327), np.int64(15328), np.int64(15329), np.int64(15330)]",15331,20996,12-24-01.543671,110,calib,"15326,15327,15328,15329,15330"
88,"[np.int64(15327), np.int64(15328), np.int64(15329), np.int64(15330), np.int64(15331)]",15332,20997,12-24-01.644207,111,calib,"15327,15328,15329,15330,15331"
88,"[np.int64(15328), np.int64(15329), np.int64(15330), np.int64(15331), np.int64(15332)]",15333,20998,12-24-01.743422,112,calib,"15328,15329,15330,15331,15332"
88,"[np.int64(15329), np.int64(15330), np.int64(15331), np.int64(15332), np.int64(15333)]",15334,20999,12-24-01.843314,113,calib,"15329,15330,15331,15332,15333"
88,"[np.int64(15330), np.int64(15331), np.int64(15332), np.int64(15333), np.int64(15334)]",15335,21000,12-24-01.943621,114,calib,"15330,15331,15332,15333,15334"
88,"[np.int64(15331), np.int64(15332), np.int64(15333), np.int64(15334), np.int64(15335)]",15336,21001,12-24-02.043960,114,calib,"15331,15332,15333,15334,15335"
88,"[np.int64(15332), np.int64(15333), np.int64(15334), np.int64(15335), np.int64(15336)]",15337,21002,12-24-02.144177,115,calib,"15332,15333,15334,15335,15336"
88,"[np.int64(15333), np.int64(15334), np.int64(15335), np.int64(15336), np.int64(15337)]",15338,21003,12-24-02.243778,115,calib,"15333,15334,15335,15336,15337"
88,"[np.int64(15334), np.int64(15335), np.int64(15336), np.int64(15337), np.int64(15338)]",15339,21004,12-24-02.343359,116,calib,"15334,15335,15336,15337,15338"
88,"[np.int64(15335), np.int64(15336), np.int64(15337), np.int64(15338), np.int64(15339)]",15340,21005,12-24-02.443368,119,calib,"15335,15336,15337,15338,15339"
88,"[np.int64(15336), np.int64(15337), np.int64(15338), np.int64(15339), np.int64(15340)]",15341,21006,12-24-02.543830,118,calib,"15336,15337,15338,15339,15340"
88,"[np.int64(15337), np.int64(15338), np.int64(15339), np.int64(15340), np.int64(15341)]",15342,21007,12-24-02.643622,118,calib,"15337,15338,15339,15340,15341"
88,"[np.int64(15338), np.int64(15339), np.int64(15340), np.int64(15341), np.int64(15342)]",15343,21008,12-24-02.743808,120,calib,"15338,15339,15340,15341,15342"
88,"[np.int64(15339), np.int64(15340), np.int64(15341), np.int64(15342), np.int64(15343)]",15344,21009,12-24-02.844147,120,calib,"15339,15340,15341,15342,15343"
88,"[np.int64(15340), np.int64(15341), np.int64(15342), np.int64(15343), np.int64(15344)]",15345,21010,12-24-02.943336,120,calib,"15340,15341,15342,15343,15344"
88,"[np.int64(15341), np.int64(15342), np.int64(15343), np.int64(15344), np.int64(15345)]",15346,21011,12-24-03.043786,120,calib,"15341,15342,15343,15344,15345"
88,"[np.int64(15342), np.int64(15343), np.int64(15344), np.int64(15345), np.int64(15346)]",15347,21012,12-24-03.143358,120,calib,"15342,15343,15344,15345,15346"
88,"[np.int64(15343), np.int64(15344), np.int64(15345), np.int64(15346), np.int64(15347)]",15348,21013,12-24-03.243963,120,calib,"15343,15344,15345,15346,15347"
88,"[np.int64(15344), np.int64(15345), np.int64(15346), np.int64(15347), np.int64(15348)]",15349,21014,12-24-03.343912,121,calib,"15344,15345,15346,15347,15348"
88,"[np.int64(15345), np.int64(15346), np.int64(15347), np.int64(15348), np.int64(15349)]",15350,21015,12-24-03.444248,121,calib,"15345,15346,15347,15348,15349"
88,"[np.int64(15346), np.int64(15347), np.int64(15348), np.int64(15349), np.int64(15350)]",15351,21016,12-24-03.543437,123,calib,"15346,15347,15348,15349,15350"
88,"[np.int64(15347), np.int64(15348), np.int64(15349), np.int64(15350), np.int64(15351)]",15352,21017,12-24-03.644208,123,calib,"15347,15348,15349,15350,15351"
88,"[np.int64(15348), np.int64(15349), np.int64(15350), np.int64(15351), np.int64(15352)]",15353,21018,12-24-03.743833,123,calib,"15348,15349,15350,15351,15352"
88,"[np.int64(15349), np.int64(15350), np.int64(15351), np.int64(15352), np.int64(15353)]",15354,21019,12-24-03.843601,123,calib,"15349,15350,15351,15352,15353"
88,"[np.int64(15350), np.int64(15351), np.int64(15352), np.int64(15353), np.int64(15354)]",15355,21020,12-24-03.943971,125,calib,"15350,15351,15352,15353,15354"
88,"[np.int64(15351), np.int64(15352), np.int64(15353), np.int64(15354), np.int64(15355)]",15356,21021,12-24-04.043885,125,calib,"15351,15352,15353,15354,15355"
88,"[np.int64(15352), np.int64(15353), np.int64(15354), np.int64(15355), np.int64(15356)]",15357,21022,12-24-04.144136,126,calib,"15352,15353,15354,15355,15356"
88,"[np.int64(15353), np.int64(15354), np.int64(15355), np.int64(15356), np.int64(15357)]",15358,21023,12-24-04.243522,125,calib,"15353,15354,15355,15356,15357"
88,"[np.int64(15354), np.int64(15355), np.int64(15356), np.int64(15357), np.int64(15358)]",15359,21024,12-24-04.343618,126,calib,"15354,15355,15356,15357,15358"
88,"[np.int64(15355), np.int64(15356), np.int64(15357), np.int64(15358), np.int64(15359)]",15360,21025,12-24-04.444241,125,calib,"15355,15356,15357,15358,15359"
88,"[np.int64(15356), np.int64(15357), np.int64(15358), np.int64(15359), np.int64(15360)]",15361,21026,12-24-04.544097,125,calib,"15356,15357,15358,15359,15360"
88,"[np.int64(15357), np.int64(15358), np.int64(15359), np.int64(15360), np.int64(15361)]",15362,21027,12-24-04.643330,125,calib,"15357,15358,15359,15360,15361"
88,"[np.int64(15358), np.int64(15359), np.int64(15360), np.int64(15361), np.int64(15362)]",15363,21028,12-24-04.743295,125,calib,"15358,15359,15360,15361,15362"
88,"[np.int64(15359), np.int64(15360), np.int64(15361), np.int64(15362), np.int64(15363)]",15364,21029,12-24-04.843535,129,calib,"15359,15360,15361,15362,15363"
88,"[np.int64(15360), np.int64(15361), np.int64(15362), np.int64(15363), np.int64(15364)]",15365,21030,12-24-04.944002,131,calib,"15360,15361,15362,15363,15364"
88,"[np.int64(15361), np.int64(15362), np.int64(15363), np.int64(15364), np.int64(15365)]",15366,21031,12-24-05.044258,129,calib,"15361,15362,15363,15364,15365"
88,"[np.int64(15362), np.int64(15363), np.int64(15364), np.int64(15365), np.int64(15366)]",15367,21032,12-24-05.144128,131,calib,"15362,15363,15364,15365,15366"
88,"[np.int64(15363), np.int64(15364), np.int64(15365), np.int64(15366), np.int64(15367)]",15368,21033,12-24-05.243812,131,calib,"15363,15364,15365,15366,15367"
88,"[np.int64(15364), np.int64(15365), np.int64(15366), np.int64(15367), np.int64(15368)]",15369,21034,12-24-05.343596,131,calib,"15364,15365,15366,15367,15368"
88,"[np.int64(15365), np.int64(15366), np.int64(15367), np.int64(15368), np.int64(15369)]",15370,21035,12-24-05.443772,131,calib,"15365,15366,15367,15368,15369"
88,"[np.int64(15366), np.int64(15367), np.int64(15368), np.int64(15369), np.int64(15370)]",15371,21036,12-24-05.543978,132,calib,"15366,15367,15368,15369,15370"
88,"[np.int64(15367), np.int64(15368), np.int64(15369), np.int64(15370), np.int64(15371)]",15372,21037,12-24-05.643827,132,calib,"15367,15368,15369,15370,15371"
88,"[np.int64(15368), np.int64(15369), np.int64(15370), np.int64(15371), np.int64(15372)]",15373,21038,12-24-05.743771,133,calib,"15368,15369,15370,15371,15372"
88,"[np.int64(15369), np.int64(15370), np.int64(15371), np.int64(15372), np.int64(15373)]",15374,21039,12-24-05.844183,133,calib,"15369,15370,15371,15372,15373"
88,"[np.int64(15370), np.int64(15371), np.int64(15372), np.int64(15373), np.int64(15374)]",15375,21040,12-24-05.944054,133,calib,"15370,15371,15372,15373,15374"
88,"[np.int64(15371), np.int64(15372), np.int64(15373), np.int64(15374), np.int64(15375)]",15376,21041,12-24-06.043299,133,calib,"15371,15372,15373,15374,15375"
88,"[np.int64(15372), np.int64(15373), np.int64(15374), np.int64(15375), np.int64(15376)]",15377,21042,12-24-06.143492,133,calib,"15372,15373,15374,15375,15376"
88,"[np.int64(15373), np.int64(15374), np.int64(15375), np.int64(15376), np.int64(15377)]",15378,21043,12-24-06.243369,135,calib,"15373,15374,15375,15376,15377"
88,"[np.int64(15374), np.int64(15375), np.int64(15376), np.int64(15377), np.int64(15378)]",15379,21044,12-24-06.343751,135,calib,"15374,15375,15376,15377,15378"
88,"[np.int64(15375), np.int64(15376), np.int64(15377), np.int64(15378), np.int64(15379)]",15380,21045,12-24-06.443244,136,calib,"15375,15376,15377,15378,15379"
88,"[np.int64(15376), np.int64(15377), np.int64(15378), np.int64(15379), np.int64(15380)]",15381,21046,12-24-06.543984,136,calib,"15376,15377,15378,15379,15380"
88,"[np.int64(15377), np.int64(15378), np.int64(15379), np.int64(15380), np.int64(15381)]",15382,21047,12-24-06.643909,136,calib,"15377,15378,15379,15380,15381"
88,"[np.int64(15378), np.int64(15379), np.int64(15380), np.int64(15381), np.int64(15382)]",15383,21048,12-24-06.744050,136,calib,"15378,15379,15380,15381,15382"
88,"[np.int64(15379), np.int64(15380), np.int64(15381), np.int64(15382), np.int64(15383)]",15384,21049,12-24-06.843556,136,calib,"15379,15380,15381,15382,15383"
88,"[np.int64(15380), np.int64(15381), np.int64(15382), np.int64(15383), np.int64(15384)]",15385,21050,12-24-06.944060,137,calib,"15380,15381,15382,15383,15384"
88,"[np.int64(15381), np.int64(15382), np.int64(15383), np.int64(15384), np.int64(15385)]",15386,21051,12-24-07.044075,139,calib,"15381,15382,15383,15384,15385"
88,"[np.int64(15382), np.int64(15383), np.int64(15384), np.int64(15385), np.int64(15386)]",15387,21052,12-24-07.143807,138,calib,"15382,15383,15384,15385,15386"
88,"[np.int64(15383), np.int64(15384), np.int64(15385), np.int64(15386), np.int64(15387)]",15388,21053,12-24-07.243624,139,calib,"15383,15384,15385,15386,15387"
88,"[np.int64(15384), np.int64(15385), np.int64(15386), np.int64(15387), np.int64(15388)]",15389,21054,12-24-07.343617,139,calib,"15384,15385,15386,15387,15388"
88,"[np.int64(15385), np.int64(15386), np.int64(15387), np.int64(15388), np.int64(15389)]",15390,21055,12-24-07.443955,139,calib,"15385,15386,15387,15388,15389"
88,"[np.int64(15386), np.int64(15387), np.int64(15388), np.int64(15389), np.int64(15390)]",15391,21056,12-24-07.544190,139,calib,"15386,15387,15388,15389,15390"
88,"[np.int64(15387), np.int64(15388), np.int64(15389), np.int64(15390), np.int64(15391)]",15392,21057,12-24-07.644047,140,calib,"15387,15388,15389,15390,15391"
88,"[np.int64(15388), np.int64(15389), np.int64(15390), np.int64(15391), np.int64(15392)]",15393,21058,12-24-07.743935,140,calib,"15388,15389,15390,15391,15392"
88,"[np.int64(15389), np.int64(15390), np.int64(15391), np.int64(15392), np.int64(15393)]",15394,21059,12-24-07.843832,140,calib,"15389,15390,15391,15392,15393"
88,"[np.int64(15390), np.int64(15391), np.int64(15392), np.int64(15393), np.int64(15394)]",15395,21060,12-24-07.943484,141,calib,"15390,15391,15392,15393,15394"
88,"[np.int64(15391), np.int64(15392), np.int64(15393), np.int64(15394), np.int64(15395)]",15396,21061,12-24-08.043914,141,calib,"15391,15392,15393,15394,15395"
88,"[np.int64(15392), np.int64(15393), np.int64(15394), np.int64(15395), np.int64(15396)]",15397,21062,12-24-08.143415,140,calib,"15392,15393,15394,15395,15396"
88,"[np.int64(15393), np.int64(15394), np.int64(15395), np.int64(15396), np.int64(15397)]",15398,21063,12-24-08.243900,141,calib,"15393,15394,15395,15396,15397"
88,"[np.int64(15394), np.int64(15395), np.int64(15396), np.int64(15397), np.int64(15398)]",15399,21064,12-24-08.343822,142,calib,"15394,15395,15396,15397,15398"
88,"[np.int64(15395), np.int64(15396), np.int64(15397), np.int64(15398), np.int64(15399)]",15400,21065,12-24-08.444131,142,calib,"15395,15396,15397,15398,15399"
88,"[np.int64(15396), np.int64(15397), np.int64(15398), np.int64(15399), np.int64(15400)]",15401,21066,12-24-08.543762,143,calib,"15396,15397,15398,15399,15400"
88,"[np.int64(15397), np.int64(15398), np.int64(15399), np.int64(15400), np.int64(15401)]",15402,21067,12-24-08.644229,143,calib,"15397,15398,15399,15400,15401"
88,"[np.int64(15398), np.int64(15399), np.int64(15400), np.int64(15401), np.int64(15402)]",15403,21068,12-24-08.743406,143,calib,"15398,15399,15400,15401,15402"
88,"[np.int64(15399), np.int64(15400), np.int64(15401), np.int64(15402), np.int64(15403)]",15404,21069,12-24-08.844063,143,calib,"15399,15400,15401,15402,15403"
88,"[np.int64(15400), np.int64(15401), np.int64(15402), np.int64(15403), np.int64(15404)]",15405,21070,12-24-08.944086,144,calib,"15400,15401,15402,15403,15404"
88,"[np.int64(15401), np.int64(15402), np.int64(15403), np.int64(15404), np.int64(15405)]",15406,21071,12-24-09.044050,144,calib,"15401,15402,15403,15404,15405"
88,"[np.int64(15402), np.int64(15403), np.int64(15404), np.int64(15405), np.int64(15406)]",15407,21072,12-24-09.143807,144,calib,"15402,15403,15404,15405,15406"
88,"[np.int64(15403), np.int64(15404), np.int64(15405), np.int64(15406), np.int64(15407)]",15408,21073,12-24-09.243998,144,calib,"15403,15404,15405,15406,15407"
88,"[np.int64(15404), np.int64(15405), np.int64(15406), np.int64(15407), np.int64(15408)]",15409,21074,12-24-09.343620,144,calib,"15404,15405,15406,15407,15408"
88,"[np.int64(15405), np.int64(15406), np.int64(15407), np.int64(15408), np.int64(15409)]",15410,21075,12-24-09.444279,144,calib,"15405,15406,15407,15408,15409"
88,"[np.int64(15406), np.int64(15407), np.int64(15408), np.int64(15409), np.int64(15410)]",15411,21076,12-24-09.543615,144,calib,"15406,15407,15408,15409,15410"
88,"[np.int64(15407), np.int64(15408), np.int64(15409), np.int64(15410), np.int64(15411)]",15412,21077,12-24-09.643564,144,calib,"15407,15408,15409,15410,15411"
88,"[np.int64(15408), np.int64(15409), np.int64(15410), np.int64(15411), np.int64(15412)]",15413,21078,12-24-09.743839,144,calib,"15408,15409,15410,15411,15412"
88,"[np.int64(15409), np.int64(15410), np.int64(15411), np.int64(15412), np.int64(15413)]",15414,21079,12-24-09.843623,145,calib,"15409,15410,15411,15412,15413"
88,"[np.int64(15410), np.int64(15411), np.int64(15412), np.int64(15413), np.int64(15414)]",15415,21080,12-24-09.943779,146,calib,"15410,15411,15412,15413,15414"
88,"[np.int64(15411), np.int64(15412), np.int64(15413), np.int64(15414), np.int64(15415)]",15416,21081,12-24-10.043714,146,calib,"15411,15412,15413,15414,15415"
88,"[np.int64(15412), np.int64(15413), np.int64(15414), np.int64(15415), np.int64(15416)]",15417,21082,12-24-10.143289,146,calib,"15412,15413,15414,15415,15416"
88,"[np.int64(15413), np.int64(15414), np.int64(15415), np.int64(15416), np.int64(15417)]",15418,21083,12-24-10.243557,146,calib,"15413,15414,15415,15416,15417"
88,"[np.int64(15414), np.int64(15415), np.int64(15416), np.int64(15417), np.int64(15418)]",15419,21084,12-24-10.343267,146,calib,"15414,15415,15416,15417,15418"
88,"[np.int64(15415), np.int64(15416), np.int64(15417), np.int64(15418), np.int64(15419)]",15420,21085,12-24-10.444047,146,calib,"15415,15416,15417,15418,15419"
88,"[np.int64(15416), np.int64(15417), np.int64(15418), np.int64(15419), np.int64(15420)]",15421,21086,12-24-10.543620,146,calib,"15416,15417,15418,15419,15420"
88,"[np.int64(15417), np.int64(15418), np.int64(15419), np.int64(15420), np.int64(15421)]",15422,21087,12-24-10.643925,146,calib,"15417,15418,15419,15420,15421"
88,"[np.int64(15418), np.int64(15419), np.int64(15420), np.int64(15421), np.int64(15422)]",15423,21088,12-24-10.743401,146,calib,"15418,15419,15420,15421,15422"
88,"[np.int64(15419), np.int64(15420), np.int64(15421), np.int64(15422), np.int64(15423)]",15424,21089,12-24-10.843338,146,calib,"15419,15420,15421,15422,15423"
88,"[np.int64(15420), np.int64(15421), np.int64(15422), np.int64(15423), np.int64(15424)]",15425,21090,12-24-10.943739,146,calib,"15420,15421,15422,15423,15424"
88,"[np.int64(15421), np.int64(15422), np.int64(15423), np.int64(15424), np.int64(15425)]",15426,21091,12-24-11.043990,148,calib,"15421,15422,15423,15424,15425"
88,"[np.int64(15422), np.int64(15423), np.int64(15424), np.int64(15425), np.int64(15426)]",15427,21092,12-24-11.144044,148,calib,"15422,15423,15424,15425,15426"
88,"[np.int64(15423), np.int64(15424), np.int64(15425), np.int64(15426), np.int64(15427)]",15428,21093,12-24-11.243994,148,calib,"15423,15424,15425,15426,15427"
88,"[np.int64(15424), np.int64(15425), np.int64(15426), np.int64(15427), np.int64(15428)]",15429,21094,12-24-11.343620,148,calib,"15424,15425,15426,15427,15428"
88,"[np.int64(15425), np.int64(15426), np.int64(15427), np.int64(15428), np.int64(15429)]",15430,21095,12-24-11.443326,148,calib,"15425,15426,15427,15428,15429"
88,"[np.int64(15426), np.int64(15427), np.int64(15428), np.int64(15429), np.int64(15430)]",15431,21096,12-24-11.543818,148,calib,"15426,15427,15428,15429,15430"
88,"[np.int64(15427), np.int64(15428), np.int64(15429), np.int64(15430), np.int64(15431)]",15432,21097,12-24-11.643386,148,calib,"15427,15428,15429,15430,15431"
88,"[np.int64(15428), np.int64(15429), np.int64(15430), np.int64(15431), np.int64(15432)]",15433,21098,12-24-11.743392,148,calib,"15428,15429,15430,15431,15432"
88,"[np.int64(15429), np.int64(15430), np.int64(15431), np.int64(15432), np.int64(15433)]",15434,21099,12-24-11.843545,148,calib,"15429,15430,15431,15432,15433"
88,"[np.int64(15430), np.int64(15431), np.int64(15432), np.int64(15433), np.int64(15434)]",15435,21100,12-24-11.943651,148,calib,"15430,15431,15432,15433,15434"
88,"[np.int64(15431), np.int64(15432), np.int64(15433), np.int64(15434), np.int64(15435)]",15436,21101,12-24-12.044134,148,calib,"15431,15432,15433,15434,15435"
88,"[np.int64(15432), np.int64(15433), np.int64(15434), np.int64(15435), np.int64(15436)]",15437,21102,12-24-12.143971,149,calib,"15432,15433,15434,15435,15436"
88,"[np.int64(15433), np.int64(15434), np.int64(15435), np.int64(15436), np.int64(15437)]",15438,21103,12-24-12.243492,149,calib,"15433,15434,15435,15436,15437"
88,"[np.int64(15434), np.int64(15435), np.int64(15436), np.int64(15437), np.int64(15438)]",15439,21104,12-24-12.343756,149,calib,"15434,15435,15436,15437,15438"
88,"[np.int64(15435), np.int64(15436), np.int64(15437), np.int64(15438), np.int64(15439)]",15440,21105,12-24-12.444047,149,calib,"15435,15436,15437,15438,15439"
88,"[np.int64(15436), np.int64(15437), np.int64(15438), np.int64(15439), np.int64(15440)]",15441,21106,12-24-12.544270,148,calib,"15436,15437,15438,15439,15440"
88,"[np.int64(15437), np.int64(15438), np.int64(15439), np.int64(15440), np.int64(15441)]",15442,21107,12-24-12.643784,149,calib,"15437,15438,15439,15440,15441"
88,"[np.int64(15438), np.int64(15439), np.int64(15440), np.int64(15441), np.int64(15442)]",15443,21108,12-24-12.744259,149,calib,"15438,15439,15440,15441,15442"
88,"[np.int64(15439), np.int64(15440), np.int64(15441), np.int64(15442), np.int64(15443)]",15444,21109,12-24-12.843732,149,calib,"15439,15440,15441,15442,15443"
88,"[np.int64(15440), np.int64(15441), np.int64(15442), np.int64(15443), np.int64(15444)]",15445,21110,12-24-12.943249,149,calib,"15440,15441,15442,15443,15444"
88,"[np.int64(15441), np.int64(15442), np.int64(15443), np.int64(15444), np.int64(15445)]",15446,21111,12-24-13.044124,150,calib,"15441,15442,15443,15444,15445"
88,"[np.int64(15442), np.int64(15443), np.int64(15444), np.int64(15445), np.int64(15446)]",15447,21112,12-24-13.143618,149,calib,"15442,15443,15444,15445,15446"
88,"[np.int64(15443), np.int64(15444), np.int64(15445), np.int64(15446), np.int64(15447)]",15448,21113,12-24-13.243318,150,calib,"15443,15444,15445,15446,15447"
88,"[np.int64(15444), np.int64(15445), np.int64(15446), np.int64(15447), np.int64(15448)]",15449,21114,12-24-13.343781,150,calib,"15444,15445,15446,15447,15448"
88,"[np.int64(15445), np.int64(15446), np.int64(15447), np.int64(15448), np.int64(15449)]",15450,21115,12-24-13.444257,150,calib,"15445,15446,15447,15448,15449"
88,"[np.int64(15446), np.int64(15447), np.int64(15448), np.int64(15449), np.int64(15450)]",15451,21116,12-24-13.543836,150,calib,"15446,15447,15448,15449,15450"
88,"[np.int64(15447), np.int64(15448), np.int64(15449), np.int64(15450), np.int64(15451)]",15452,21117,12-24-13.644210,150,calib,"15447,15448,15449,15450,15451"
88,"[np.int64(15448), np.int64(15449), np.int64(15450), np.int64(15451), np.int64(15452)]",15453,21118,12-24-13.743755,150,calib,"15448,15449,15450,15451,15452"
88,"[np.int64(15449), np.int64(15450), np.int64(15451), np.int64(15452), np.int64(15453)]",15454,21119,12-24-13.844238,150,calib,"15449,15450,15451,15452,15453"
88,"[np.int64(15450), np.int64(15451), np.int64(15452), np.int64(15453), np.int64(15454)]",15455,21120,12-24-13.944061,152,calib,"15450,15451,15452,15453,15454"
88,"[np.int64(15451), np.int64(15452), np.int64(15453), np.int64(15454), np.int64(15455)]",15456,21121,12-24-14.043955,152,calib,"15451,15452,15453,15454,15455"
88,"[np.int64(15452), np.int64(15453), np.int64(15454), np.int64(15455), np.int64(15456)]",15457,21122,12-24-14.143834,152,calib,"15452,15453,15454,15455,15456"
88,"[np.int64(15453), np.int64(15454), np.int64(15455), np.int64(15456), np.int64(15457)]",15458,21123,12-24-14.243444,152,calib,"15453,15454,15455,15456,15457"
88,"[np.int64(15454), np.int64(15455), np.int64(15456), np.int64(15457), np.int64(15458)]",15459,21124,12-24-14.343833,152,calib,"15454,15455,15456,15457,15458"
88,"[np.int64(15455), np.int64(15456), np.int64(15457), np.int64(15458), np.int64(15459)]",15460,21125,12-24-14.443944,152,calib,"15455,15456,15457,15458,15459"
88,"[np.int64(15456), np.int64(15457), np.int64(15458), np.int64(15459), np.int64(15460)]",15461,21126,12-24-14.543620,152,calib,"15456,15457,15458,15459,15460"
88,"[np.int64(15457), np.int64(15458), np.int64(15459), np.int64(15460), np.int64(15461)]",15462,21127,12-24-14.643861,152,calib,"15457,15458,15459,15460,15461"
88,"[np.int64(15458), np.int64(15459), np.int64(15460), np.int64(15461), np.int64(15462)]",15463,21128,12-24-14.744265,152,calib,"15458,15459,15460,15461,15462"
88,"[np.int64(15459), np.int64(15460), np.int64(15461), np.int64(15462), np.int64(15463)]",15464,21129,12-24-14.843437,152,calib,"15459,15460,15461,15462,15463"
88,"[np.int64(15460), np.int64(15461), np.int64(15462), np.int64(15463), np.int64(15464)]",15465,21130,12-24-14.943959,152,calib,"15460,15461,15462,15463,15464"
88,"[np.int64(15461), np.int64(15462), np.int64(15463), np.int64(15464), np.int64(15465)]",15466,21131,12-24-15.043362,152,calib,"15461,15462,15463,15464,15465"
88,"[np.int64(15462), np.int64(15463), np.int64(15464), np.int64(15465), np.int64(15466)]",15467,21132,12-24-15.143363,152,calib,"15462,15463,15464,15465,15466"
88,"[np.int64(15463), np.int64(15464), np.int64(15465), np.int64(15466), np.int64(15467)]",15468,21133,12-24-15.243819,152,calib,"15463,15464,15465,15466,15467"
88,"[np.int64(15464), np.int64(15465), np.int64(15466), np.int64(15467), np.int64(15468)]",15469,21134,12-24-15.343753,152,calib,"15464,15465,15466,15467,15468"
88,"[np.int64(15465), np.int64(15466), np.int64(15467), np.int64(15468), np.int64(15469)]",15470,21135,12-24-15.443582,153,calib,"15465,15466,15467,15468,15469"
88,"[np.int64(15466), np.int64(15467), np.int64(15468), np.int64(15469), np.int64(15470)]",15471,21136,12-24-15.543359,153,calib,"15466,15467,15468,15469,15470"
88,"[np.int64(15467), np.int64(15468), np.int64(15469), np.int64(15470), np.int64(15471)]",15472,21137,12-24-15.643603,153,calib,"15467,15468,15469,15470,15471"
88,"[np.int64(15468), np.int64(15469), np.int64(15470), np.int64(15471), np.int64(15472)]",15473,21138,12-24-15.744087,153,calib,"15468,15469,15470,15471,15472"
88,"[np.int64(15469), np.int64(15470), np.int64(15471), np.int64(15472), np.int64(15473)]",15474,21139,12-24-15.843545,153,calib,"15469,15470,15471,15472,15473"
88,"[np.int64(15470), np.int64(15471), np.int64(15472), np.int64(15473), np.int64(15474)]",15475,21140,12-24-15.943268,153,calib,"15470,15471,15472,15473,15474"
88,"[np.int64(15471), np.int64(15472), np.int64(15473), np.int64(15474), np.int64(15475)]",15476,21141,12-24-16.043621,153,calib,"15471,15472,15473,15474,15475"
88,"[np.int64(15472), np.int64(15473), np.int64(15474), np.int64(15475), np.int64(15476)]",15477,21142,12-24-16.143427,153,calib,"15472,15473,15474,15475,15476"
88,"[np.int64(15473), np.int64(15474), np.int64(15475), np.int64(15476), np.int64(15477)]",15478,21143,12-24-16.244251,153,calib,"15473,15474,15475,15476,15477"
88,"[np.int64(15474), np.int64(15475), np.int64(15476), np.int64(15477), np.int64(15478)]",15479,21144,12-24-16.343263,153,calib,"15474,15475,15476,15477,15478"
88,"[np.int64(15475), np.int64(15476), np.int64(15477), np.int64(15478), np.int64(15479)]",15480,21145,12-24-16.443828,153,calib,"15475,15476,15477,15478,15479"
88,"[np.int64(15476), np.int64(15477), np.int64(15478), np.int64(15479), np.int64(15480)]",15481,21146,12-24-16.543834,153,calib,"15476,15477,15478,15479,15480"
88,"[np.int64(15477), np.int64(15478), np.int64(15479), np.int64(15480), np.int64(15481)]",15482,21147,12-24-16.643474,153,calib,"15477,15478,15479,15480,15481"
88,"[np.int64(15478), np.int64(15479), np.int64(15480), np.int64(15481), np.int64(15482)]",15483,21148,12-24-16.744052,153,calib,"15478,15479,15480,15481,15482"
88,"[np.int64(15479), np.int64(15480), np.int64(15481), np.int64(15482), np.int64(15483)]",15484,21149,12-24-16.844195,153,calib,"15479,15480,15481,15482,15483"
88,"[np.int64(15480), np.int64(15481), np.int64(15482), np.int64(15483), np.int64(15484)]",15485,21150,12-24-16.943340,153,calib,"15480,15481,15482,15483,15484"
88,"[np.int64(15481), np.int64(15482), np.int64(15483), np.int64(15484), np.int64(15485)]",15486,21151,12-24-17.043840,153,calib,"15481,15482,15483,15484,15485"
88,"[np.int64(15482), np.int64(15483), np.int64(15484), np.int64(15485), np.int64(15486)]",15487,21152,12-24-17.143619,153,calib,"15482,15483,15484,15485,15486"
88,"[np.int64(15483), np.int64(15484), np.int64(15485), np.int64(15486), np.int64(15487)]",15488,21153,12-24-17.244189,155,calib,"15483,15484,15485,15486,15487"
88,"[np.int64(15484), np.int64(15485), np.int64(15486), np.int64(15487), np.int64(15488)]",15489,21154,12-24-17.344142,155,calib,"15484,15485,15486,15487,15488"
88,"[np.int64(15485), np.int64(15486), np.int64(15487), np.int64(15488), np.int64(15489)]",15490,21155,12-24-17.443646,155,calib,"15485,15486,15487,15488,15489"
88,"[np.int64(15486), np.int64(15487), np.int64(15488), np.int64(15489), np.int64(15490)]",15491,21156,12-24-17.543566,155,calib,"15486,15487,15488,15489,15490"
88,"[np.int64(15487), np.int64(15488), np.int64(15489), np.int64(15490), np.int64(15491)]",15492,21157,12-24-17.644246,155,calib,"15487,15488,15489,15490,15491"
88,"[np.int64(15488), np.int64(15489), np.int64(15490), np.int64(15491), np.int64(15492)]",15493,21158,12-24-17.743838,156,calib,"15488,15489,15490,15491,15492"
88,"[np.int64(15489), np.int64(15490), np.int64(15491), np.int64(15492), np.int64(15493)]",15494,21159,12-24-17.843622,156,calib,"15489,15490,15491,15492,15493"
88,"[np.int64(15490), np.int64(15491), np.int64(15492), np.int64(15493), np.int64(15494)]",15495,21160,12-24-17.944226,156,calib,"15490,15491,15492,15493,15494"
88,"[np.int64(15491), np.int64(15492), np.int64(15493), np.int64(15494), np.int64(15495)]",15496,21161,12-24-18.044212,156,calib,"15491,15492,15493,15494,15495"
88,"[np.int64(15492), np.int64(15493), np.int64(15494), np.int64(15495), np.int64(15496)]",15497,21162,12-24-18.144053,156,calib,"15492,15493,15494,15495,15496"
88,"[np.int64(15493), np.int64(15494), np.int64(15495), np.int64(15496), np.int64(15497)]",15498,21163,12-24-18.243274,156,calib,"15493,15494,15495,15496,15497"
88,"[np.int64(15494), np.int64(15495), np.int64(15496), np.int64(15497), np.int64(15498)]",15499,21164,12-24-18.343525,156,calib,"15494,15495,15496,15497,15498"
88,"[np.int64(15495), np.int64(15496), np.int64(15497), np.int64(15498), np.int64(15499)]",15500,21165,12-24-18.443618,156,calib,"15495,15496,15497,15498,15499"
88,"[np.int64(15496), np.int64(15497), np.int64(15498), np.int64(15499), np.int64(15500)]",15501,21166,12-24-18.543808,156,calib,"15496,15497,15498,15499,15500"
88,"[np.int64(15497), np.int64(15498), np.int64(15499), np.int64(15500), np.int64(15501)]",15502,21167,12-24-18.644228,157,calib,"15497,15498,15499,15500,15501"
88,"[np.int64(15498), np.int64(15499), np.int64(15500), np.int64(15501), np.int64(15502)]",15503,21168,12-24-18.743746,156,calib,"15498,15499,15500,15501,15502"
88,"[np.int64(15499), np.int64(15500), np.int64(15501), np.int64(15502), np.int64(15503)]",15504,21169,12-24-18.843863,157,calib,"15499,15500,15501,15502,15503"
88,"[np.int64(15500), np.int64(15501), np.int64(15502), np.int64(15503), np.int64(15504)]",15505,21170,12-24-18.943344,157,calib,"15500,15501,15502,15503,15504"
88,"[np.int64(15501), np.int64(15502), np.int64(15503), np.int64(15504), np.int64(15505)]",15506,21171,12-24-19.043605,157,calib,"15501,15502,15503,15504,15505"
88,"[np.int64(15502), np.int64(15503), np.int64(15504), np.int64(15505), np.int64(15506)]",15507,21172,12-24-19.143576,157,calib,"15502,15503,15504,15505,15506"
88,"[np.int64(15503), np.int64(15504), np.int64(15505), np.int64(15506), np.int64(15507)]",15508,21173,12-24-19.243478,158,calib,"15503,15504,15505,15506,15507"
88,"[np.int64(15504), np.int64(15505), np.int64(15506), np.int64(15507), np.int64(15508)]",15509,21174,12-24-19.343928,157,calib,"15504,15505,15506,15507,15508"
88,"[np.int64(15505), np.int64(15506), np.int64(15507), np.int64(15508), np.int64(15509)]",15510,21175,12-24-19.443841,158,calib,"15505,15506,15507,15508,15509"
88,"[np.int64(15506), np.int64(15507), np.int64(15508), np.int64(15509), np.int64(15510)]",15511,21176,12-24-19.543426,158,calib,"15506,15507,15508,15509,15510"
88,"[np.int64(15507), np.int64(15508), np.int64(15509), np.int64(15510), np.int64(15511)]",15512,21177,12-24-19.643411,158,calib,"15507,15508,15509,15510,15511"
88,"[np.int64(15508), np.int64(15509), np.int64(15510), np.int64(15511), np.int64(15512)]",15513,21178,12-24-19.743975,158,calib,"15508,15509,15510,15511,15512"
88,"[np.int64(15509), np.int64(15510), np.int64(15511), np.int64(15512), np.int64(15513)]",15514,21179,12-24-19.843571,158,calib,"15509,15510,15511,15512,15513"
88,"[np.int64(15510), np.int64(15511), np.int64(15512), np.int64(15513), np.int64(15514)]",15515,21180,12-24-19.943917,158,calib,"15510,15511,15512,15513,15514"
88,"[np.int64(15511), np.int64(15512), np.int64(15513), np.int64(15514), np.int64(15515)]",15516,21181,12-24-20.043973,158,calib,"15511,15512,15513,15514,15515"
88,"[np.int64(15512), np.int64(15513), np.int64(15514), np.int64(15515), np.int64(15516)]",15517,21182,12-24-20.143435,158,calib,"15512,15513,15514,15515,15516"
88,"[np.int64(15513), np.int64(15514), np.int64(15515), np.int64(15516), np.int64(15517)]",15518,21183,12-24-20.243950,158,calib,"15513,15514,15515,15516,15517"
88,"[np.int64(15514), np.int64(15515), np.int64(15516), np.int64(15517), np.int64(15518)]",15519,21184,12-24-20.343978,159,calib,"15514,15515,15516,15517,15518"
88,"[np.int64(15515), np.int64(15516), np.int64(15517), np.int64(15518), np.int64(15519)]",15520,21185,12-24-20.443919,158,calib,"15515,15516,15517,15518,15519"
88,"[np.int64(15516), np.int64(15517), np.int64(15518), np.int64(15519), np.int64(15520)]",15521,21186,12-24-20.543943,159,calib,"15516,15517,15518,15519,15520"
88,"[np.int64(15517), np.int64(15518), np.int64(15519), np.int64(15520), np.int64(15521)]",15522,21187,12-24-20.643234,159,calib,"15517,15518,15519,15520,15521"
88,"[np.int64(15518), np.int64(15519), np.int64(15520), np.int64(15521), np.int64(15522)]",15523,21188,12-24-20.743452,159,calib,"15518,15519,15520,15521,15522"
88,"[np.int64(15519), np.int64(15520), np.int64(15521), np.int64(15522), np.int64(15523)]",15524,21189,12-24-20.843234,160,calib,"15519,15520,15521,15522,15523"
88,"[np.int64(15520), np.int64(15521), np.int64(15522), np.int64(15523), np.int64(15524)]",15525,21190,12-24-20.944309,160,calib,"15520,15521,15522,15523,15524"
88,"[np.int64(15521), np.int64(15522), np.int64(15523), np.int64(15524), np.int64(15525)]",15526,21191,12-24-21.043494,159,calib,"15521,15522,15523,15524,15525"
88,"[np.int64(15522), np.int64(15523), np.int64(15524), np.int64(15525), np.int64(15526)]",15527,21192,12-24-21.143563,160,calib,"15522,15523,15524,15525,15526"
88,"[np.int64(15523), np.int64(15524), np.int64(15525), np.int64(15526), np.int64(15527)]",15528,21193,12-24-21.243397,160,calib,"15523,15524,15525,15526,15527"
88,"[np.int64(15524), np.int64(15525), np.int64(15526), np.int64(15527), np.int64(15528)]",15529,21194,12-24-21.343477,160,calib,"15524,15525,15526,15527,15528"
88,"[np.int64(15525), np.int64(15526), np.int64(15527), np.int64(15528), np.int64(15529)]",15530,21195,12-24-21.443565,160,calib,"15525,15526,15527,15528,15529"
88,"[np.int64(15526), np.int64(15527), np.int64(15528), np.int64(15529), np.int64(15530)]",15531,21196,12-24-21.543771,160,calib,"15526,15527,15528,15529,15530"
88,"[np.int64(15527), np.int64(15528), np.int64(15529), np.int64(15530), np.int64(15531)]",15532,21197,12-24-21.643250,160,calib,"15527,15528,15529,15530,15531"
88,"[np.int64(15528), np.int64(15529), np.int64(15530), np.int64(15531), np.int64(15532)]",15533,21198,12-24-21.743865,160,calib,"15528,15529,15530,15531,15532"
88,"[np.int64(15529), np.int64(15530), np.int64(15531), np.int64(15532), np.int64(15533)]",15534,21199,12-24-21.844139,160,calib,"15529,15530,15531,15532,15533"
88,"[np.int64(15530), np.int64(15531), np.int64(15532), np.int64(15533), np.int64(15534)]",15535,21200,12-24-21.943762,161,calib,"15530,15531,15532,15533,15534"
88,"[np.int64(15531), np.int64(15532), np.int64(15533), np.int64(15534), np.int64(15535)]",15536,21201,12-24-22.044173,161,calib,"15531,15532,15533,15534,15535"
88,"[np.int64(15532), np.int64(15533), np.int64(15534), np.int64(15535), np.int64(15536)]",15537,21202,12-24-22.143423,161,calib,"15532,15533,15534,15535,15536"
88,"[np.int64(15533), np.int64(15534), np.int64(15535), np.int64(15536), np.int64(15537)]",15538,21203,12-24-22.243618,160,calib,"15533,15534,15535,15536,15537"
88,"[np.int64(15534), np.int64(15535), np.int64(15536), np.int64(15537), np.int64(15538)]",15539,21204,12-24-22.343764,161,calib,"15534,15535,15536,15537,15538"
88,"[np.int64(15535), np.int64(15536), np.int64(15537), np.int64(15538), np.int64(15539)]",15540,21205,12-24-22.443619,161,calib,"15535,15536,15537,15538,15539"
88,"[np.int64(15536), np.int64(15537), np.int64(15538), np.int64(15539), np.int64(15540)]",15541,21206,12-24-22.543432,162,calib,"15536,15537,15538,15539,15540"
88,"[np.int64(15537), np.int64(15538), np.int64(15539), np.int64(15540), np.int64(15541)]",15542,21207,12-24-22.644201,161,calib,"15537,15538,15539,15540,15541"
88,"[np.int64(15538), np.int64(15539), np.int64(15540), np.int64(15541), np.int64(15542)]",15543,21208,12-24-22.743423,161,calib,"15538,15539,15540,15541,15542"
88,"[np.int64(15539), np.int64(15540), np.int64(15541), np.int64(15542), np.int64(15543)]",15544,21209,12-24-22.843418,161,calib,"15539,15540,15541,15542,15543"
88,"[np.int64(15540), np.int64(15541), np.int64(15542), np.int64(15543), np.int64(15544)]",15545,21210,12-24-22.943618,161,calib,"15540,15541,15542,15543,15544"
88,"[np.int64(15541), np.int64(15542), np.int64(15543), np.int64(15544), np.int64(15545)]",15546,21211,12-24-23.043426,161,calib,"15541,15542,15543,15544,15545"
88,"[np.int64(15542), np.int64(15543), np.int64(15544), np.int64(15545), np.int64(15546)]",15547,21212,12-24-23.144005,161,calib,"15542,15543,15544,15545,15546"
88,"[np.int64(15543), np.int64(15544), np.int64(15545), np.int64(15546), np.int64(15547)]",15548,21213,12-24-23.243423,162,calib,"15543,15544,15545,15546,15547"
88,"[np.int64(15544), np.int64(15545), np.int64(15546), np.int64(15547), np.int64(15548)]",15549,21214,12-24-23.343404,161,calib,"15544,15545,15546,15547,15548"
88,"[np.int64(15545), np.int64(15546), np.int64(15547), np.int64(15548), np.int64(15549)]",15550,21215,12-24-23.443831,161,calib,"15545,15546,15547,15548,15549"
88,"[np.int64(15546), np.int64(15547), np.int64(15548), np.int64(15549), np.int64(15550)]",15551,21216,12-24-23.543990,161,calib,"15546,15547,15548,15549,15550"
88,"[np.int64(15547), np.int64(15548), np.int64(15549), np.int64(15550), np.int64(15551)]",15552,21217,12-24-23.643278,161,calib,"15547,15548,15549,15550,15551"
88,"[np.int64(15548), np.int64(15549), np.int64(15550), np.int64(15551), np.int64(15552)]",15553,21218,12-24-23.743593,162,calib,"15548,15549,15550,15551,15552"
88,"[np.int64(15549), np.int64(15550), np.int64(15551), np.int64(15552), np.int64(15553)]",15554,21219,12-24-23.843439,161,calib,"15549,15550,15551,15552,15553"
88,"[np.int64(15550), np.int64(15551), np.int64(15552), np.int64(15553), np.int64(15554)]",15555,21220,12-24-23.943386,162,calib,"15550,15551,15552,15553,15554"
88,"[np.int64(15551), np.int64(15552), np.int64(15553), np.int64(15554), np.int64(15555)]",15556,21221,12-24-24.043845,161,calib,"15551,15552,15553,15554,15555"
88,"[np.int64(15552), np.int64(15553), np.int64(15554), np.int64(15555), np.int64(15556)]",15557,21222,12-24-24.143405,161,calib,"15552,15553,15554,15555,15556"
88,"[np.int64(15553), np.int64(15554), np.int64(15555), np.int64(15556), np.int64(15557)]",15558,21223,12-24-24.243555,161,calib,"15553,15554,15555,15556,15557"
88,"[np.int64(15554), np.int64(15555), np.int64(15556), np.int64(15557), np.int64(15558)]",15559,21224,12-24-24.343726,161,calib,"15554,15555,15556,15557,15558"
88,"[np.int64(15555), np.int64(15556), np.int64(15557), np.int64(15558), np.int64(15559)]",15560,21225,12-24-24.443743,161,calib,"15555,15556,15557,15558,15559"
88,"[np.int64(15556), np.int64(15557), np.int64(15558), np.int64(15559), np.int64(15560)]",15561,21226,12-24-24.543621,162,calib,"15556,15557,15558,15559,15560"
88,"[np.int64(15557), np.int64(15558), np.int64(15559), np.int64(15560), np.int64(15561)]",15562,21227,12-24-24.643724,162,calib,"15557,15558,15559,15560,15561"
88,"[np.int64(15558), np.int64(15559), np.int64(15560), np.int64(15561), np.int64(15562)]",15563,21228,12-24-24.744262,161,calib,"15558,15559,15560,15561,15562"
88,"[np.int64(15559), np.int64(15560), np.int64(15561), np.int64(15562), np.int64(15563)]",15564,21229,12-24-24.843926,161,calib,"15559,15560,15561,15562,15563"
88,"[np.int64(15560), np.int64(15561), np.int64(15562), np.int64(15563), np.int64(15564)]",15565,21230,12-24-24.944220,161,calib,"15560,15561,15562,15563,15564"
88,"[np.int64(15561), np.int64(15562), np.int64(15563), np.int64(15564), np.int64(15565)]",15566,21231,12-24-25.043489,161,calib,"15561,15562,15563,15564,15565"
88,"[np.int64(15562), np.int64(15563), np.int64(15564), np.int64(15565), np.int64(15566)]",15567,21232,12-24-25.143323,161,calib,"15562,15563,15564,15565,15566"
88,"[np.int64(15563), np.int64(15564), np.int64(15565), np.int64(15566), np.int64(15567)]",15568,21233,12-24-25.243524,161,calib,"15563,15564,15565,15566,15567"
88,"[np.int64(15564), np.int64(15565), np.int64(15566), np.int64(15567), np.int64(15568)]",15569,21234,12-24-25.344016,161,calib,"15564,15565,15566,15567,15568"
88,"[np.int64(15565), np.int64(15566), np.int64(15567), np.int64(15568), np.int64(15569)]",15570,21235,12-24-25.443241,161,calib,"15565,15566,15567,15568,15569"
88,"[np.int64(15566), np.int64(15567), np.int64(15568), np.int64(15569), np.int64(15570)]",15571,21236,12-24-25.544052,162,calib,"15566,15567,15568,15569,15570"
88,"[np.int64(15567), np.int64(15568), np.int64(15569), np.int64(15570), np.int64(15571)]",15572,21237,12-24-25.644230,161,calib,"15567,15568,15569,15570,15571"
88,"[np.int64(15568), np.int64(15569), np.int64(15570), np.int64(15571), np.int64(15572)]",15573,21238,12-24-25.743458,161,calib,"15568,15569,15570,15571,15572"
88,"[np.int64(15569), np.int64(15570), np.int64(15571), np.int64(15572), np.int64(15573)]",15574,21239,12-24-25.843749,161,calib,"15569,15570,15571,15572,15573"
88,"[np.int64(15570), np.int64(15571), np.int64(15572), np.int64(15573), np.int64(15574)]",15575,21240,12-24-25.943543,161,calib,"15570,15571,15572,15573,15574"
88,"[np.int64(15571), np.int64(15572), np.int64(15573), np.int64(15574), np.int64(15575)]",15576,21241,12-24-26.043470,161,calib,"15571,15572,15573,15574,15575"
88,"[np.int64(15572), np.int64(15573), np.int64(15574), np.int64(15575), np.int64(15576)]",15577,21242,12-24-26.143365,162,calib,"15572,15573,15574,15575,15576"
88,"[np.int64(15573), np.int64(15574), np.int64(15575), np.int64(15576), np.int64(15577)]",15578,21243,12-24-26.243756,162,calib,"15573,15574,15575,15576,15577"
88,"[np.int64(15574), np.int64(15575), np.int64(15576), np.int64(15577), np.int64(15578)]",15579,21244,12-24-26.344472,161,calib,"15574,15575,15576,15577,15578"
88,"[np.int64(15575), np.int64(15576), np.int64(15577), np.int64(15578), np.int64(15579)]",15580,21245,12-24-26.443725,129,calib,"15575,15576,15577,15578,15579"
88,"[np.int64(15576), np.int64(15577), np.int64(15578), np.int64(15579), np.int64(15580)]",15581,21246,12-24-26.544241,161,calib,"15576,15577,15578,15579,15580"
88,"[np.int64(15577), np.int64(15578), np.int64(15579), np.int64(15580), np.int64(15581)]",15582,21247,12-24-26.643241,161,calib,"15577,15578,15579,15580,15581"
88,"[np.int64(15578), np.int64(15579), np.int64(15580), np.int64(15581), np.int64(15582)]",15583,21248,12-24-26.743708,161,calib,"15578,15579,15580,15581,15582"
88,"[np.int64(15579), np.int64(15580), np.int64(15581), np.int64(15582), np.int64(15583)]",15584,21249,12-24-26.843583,162,calib,"15579,15580,15581,15582,15583"
88,"[np.int64(15580), np.int64(15581), np.int64(15582), np.int64(15583), np.int64(15584)]",15585,21250,12-24-26.943388,161,calib,"15580,15581,15582,15583,15584"
88,"[np.int64(15581), np.int64(15582), np.int64(15583), np.int64(15584), np.int64(15585)]",15586,21251,12-24-27.044048,161,calib,"15581,15582,15583,15584,15585"
88,"[np.int64(15582), np.int64(15583), np.int64(15584), np.int64(15585), np.int64(15586)]",15587,21252,12-24-27.144050,162,calib,"15582,15583,15584,15585,15586"
88,"[np.int64(15583), np.int64(15584), np.int64(15585), np.int64(15586), np.int64(15587)]",15588,21253,12-24-27.243562,162,calib,"15583,15584,15585,15586,15587"
88,"[np.int64(15584), np.int64(15585), np.int64(15586), np.int64(15587), np.int64(15588)]",15589,21254,12-24-27.343838,161,calib,"15584,15585,15586,15587,15588"
88,"[np.int64(15585), np.int64(15586), np.int64(15587), np.int64(15588), np.int64(15589)]",15590,21255,12-24-27.443684,161,calib,"15585,15586,15587,15588,15589"
88,"[np.int64(15586), np.int64(15587), np.int64(15588), np.int64(15589), np.int64(15590)]",15591,21256,12-24-27.543308,161,calib,"15586,15587,15588,15589,15590"
88,"[np.int64(15587), np.int64(15588), np.int64(15589), np.int64(15590), np.int64(15591)]",15592,21257,12-24-27.643522,132,calib,"15587,15588,15589,15590,15591"
88,"[np.int64(15588), np.int64(15589), np.int64(15590), np.int64(15591), np.int64(15592)]",15593,21258,12-24-27.743732,162,calib,"15588,15589,15590,15591,15592"
88,"[np.int64(15589), np.int64(15590), np.int64(15591), np.int64(15592), np.int64(15593)]",15594,21259,12-24-27.844142,162,calib,"15589,15590,15591,15592,15593"
88,"[np.int64(15590), np.int64(15591), np.int64(15592), np.int64(15593), np.int64(15594)]",15595,21260,12-24-27.943544,161,calib,"15590,15591,15592,15593,15594"
88,"[np.int64(15591), np.int64(15592), np.int64(15593), np.int64(15594), np.int64(15595)]",15596,21261,12-24-28.043897,161,calib,"15591,15592,15593,15594,15595"
88,"[np.int64(15592), np.int64(15593), np.int64(15594), np.int64(15595), np.int64(15596)]",15597,21262,12-24-28.144253,161,calib,"15592,15593,15594,15595,15596"
88,"[np.int64(15593), np.int64(15594), np.int64(15595), np.int64(15596), np.int64(15597)]",15598,21263,12-24-28.243429,161,calib,"15593,15594,15595,15596,15597"
88,"[np.int64(15594), np.int64(15595), np.int64(15596), np.int64(15597), np.int64(15598)]",15599,21264,12-24-28.343354,162,calib,"15594,15595,15596,15597,15598"
88,"[np.int64(15595), np.int64(15596), np.int64(15597), np.int64(15598), np.int64(15599)]",15600,21265,12-24-28.443427,162,calib,"15595,15596,15597,15598,15599"
88,"[np.int64(15596), np.int64(15597), np.int64(15598), np.int64(15599), np.int64(15600)]",15601,21266,12-24-28.543305,162,calib,"15596,15597,15598,15599,15600"
88,"[np.int64(15597), np.int64(15598), np.int64(15599), np.int64(15600), np.int64(15601)]",15602,21267,12-24-28.644171,161,calib,"15597,15598,15599,15600,15601"
88,"[np.int64(15598), np.int64(15599), np.int64(15600), np.int64(15601), np.int64(15602)]",15603,21268,12-24-28.743239,161,calib,"15598,15599,15600,15601,15602"
88,"[np.int64(15599), np.int64(15600), np.int64(15601), np.int64(15602), np.int64(15603)]",15604,21269,12-24-28.843698,162,calib,"15599,15600,15601,15602,15603"
88,"[np.int64(15600), np.int64(15601), np.int64(15602), np.int64(15603), np.int64(15604)]",15605,21270,12-24-28.943816,162,calib,"15600,15601,15602,15603,15604"
88,"[np.int64(15601), np.int64(15602), np.int64(15603), np.int64(15604), np.int64(15605)]",15606,21271,12-24-29.043799,162,calib,"15601,15602,15603,15604,15605"
88,"[np.int64(15602), np.int64(15603), np.int64(15604), np.int64(15605), np.int64(15606)]",15607,21272,12-24-29.143872,162,calib,"15602,15603,15604,15605,15606"
88,"[np.int64(15603), np.int64(15604), np.int64(15605), np.int64(15606), np.int64(15607)]",15608,21273,12-24-29.243704,161,calib,"15603,15604,15605,15606,15607"
88,"[np.int64(15604), np.int64(15605), np.int64(15606), np.int64(15607), np.int64(15608)]",15609,21274,12-24-29.343441,161,calib,"15604,15605,15606,15607,15608"
88,"[np.int64(15605), np.int64(15606), np.int64(15607), np.int64(15608), np.int64(15609)]",15610,21275,12-24-29.443734,162,calib,"15605,15606,15607,15608,15609"
88,"[np.int64(15606), np.int64(15607), np.int64(15608), np.int64(15609), np.int64(15610)]",15611,21276,12-24-29.543832,162,calib,"15606,15607,15608,15609,15610"
88,"[np.int64(15607), np.int64(15608), np.int64(15609), np.int64(15610), np.int64(15611)]",15612,21277,12-24-29.643994,162,calib,"15607,15608,15609,15610,15611"
88,"[np.int64(15608), np.int64(15609), np.int64(15610), np.int64(15611), np.int64(15612)]",15613,21278,12-24-29.744196,162,calib,"15608,15609,15610,15611,15612"
88,"[np.int64(15609), np.int64(15610), np.int64(15611), np.int64(15612), np.int64(15613)]",15614,21279,12-24-29.843785,162,calib,"15609,15610,15611,15612,15613"
88,"[np.int64(15610), np.int64(15611), np.int64(15612), np.int64(15613), np.int64(15614)]",15615,21280,12-24-29.944192,162,calib,"15610,15611,15612,15613,15614"
88,"[np.int64(15611), np.int64(15612), np.int64(15613), np.int64(15614), np.int64(15615)]",15616,21281,12-24-30.044220,162,calib,"15611,15612,15613,15614,15615"
88,"[np.int64(15612), np.int64(15613), np.int64(15614), np.int64(15615), np.int64(15616)]",15617,21282,12-24-30.144026,162,calib,"15612,15613,15614,15615,15616"
88,"[np.int64(15613), np.int64(15614), np.int64(15615), np.int64(15616), np.int64(15617)]",15618,21283,12-24-30.244036,162,calib,"15613,15614,15615,15616,15617"
88,"[np.int64(15614), np.int64(15615), np.int64(15616), np.int64(15617), np.int64(15618)]",15619,21284,12-24-30.343575,162,calib,"15614,15615,15616,15617,15618"
88,"[np.int64(15615), np.int64(15616), np.int64(15617), np.int64(15618), np.int64(15619)]",15620,21285,12-24-30.443673,162,calib,"15615,15616,15617,15618,15619"
88,"[np.int64(15616), np.int64(15617), np.int64(15618), np.int64(15619), np.int64(15620)]",15621,21286,12-24-30.543441,162,calib,"15616,15617,15618,15619,15620"
88,"[np.int64(15617), np.int64(15618), np.int64(15619), np.int64(15620), np.int64(15621)]",15622,21287,12-24-30.643434,161,calib,"15617,15618,15619,15620,15621"
88,"[np.int64(15618), np.int64(15619), np.int64(15620), np.int64(15621), np.int64(15622)]",15623,21288,12-24-30.743619,161,calib,"15618,15619,15620,15621,15622"
88,"[np.int64(15619), np.int64(15620), np.int64(15621), np.int64(15622), np.int64(15623)]",15624,21289,12-24-30.844086,162,calib,"15619,15620,15621,15622,15623"
88,"[np.int64(15620), np.int64(15621), np.int64(15622), np.int64(15623), np.int64(15624)]",15625,21290,12-24-30.943385,161,calib,"15620,15621,15622,15623,15624"
88,"[np.int64(15621), np.int64(15622), np.int64(15623), np.int64(15624), np.int64(15625)]",15626,21291,12-24-31.044193,162,calib,"15621,15622,15623,15624,15625"
88,"[np.int64(15622), np.int64(15623), np.int64(15624), np.int64(15625), np.int64(15626)]",15627,21292,12-24-31.143390,162,calib,"15622,15623,15624,15625,15626"
88,"[np.int64(15623), np.int64(15624), np.int64(15625), np.int64(15626), np.int64(15627)]",15628,21293,12-24-31.243868,162,calib,"15623,15624,15625,15626,15627"
88,"[np.int64(15624), np.int64(15625), np.int64(15626), np.int64(15627), np.int64(15628)]",15629,21294,12-24-31.344257,162,calib,"15624,15625,15626,15627,15628"
88,"[np.int64(15625), np.int64(15626), np.int64(15627), np.int64(15628), np.int64(15629)]",15630,21295,12-24-31.443834,162,calib,"15625,15626,15627,15628,15629"
88,"[np.int64(15626), np.int64(15627), np.int64(15628), np.int64(15629), np.int64(15630)]",15631,21296,12-24-31.544253,162,calib,"15626,15627,15628,15629,15630"
88,"[np.int64(15627), np.int64(15628), np.int64(15629), np.int64(15630), np.int64(15631)]",15632,21297,12-24-31.643899,162,calib,"15627,15628,15629,15630,15631"
88,"[np.int64(15628), np.int64(15629), np.int64(15630), np.int64(15631), np.int64(15632)]",15633,21298,12-24-31.744118,162,calib,"15628,15629,15630,15631,15632"
88,"[np.int64(15629), np.int64(15630), np.int64(15631), np.int64(15632), np.int64(15633)]",15634,21299,12-24-31.843969,162,calib,"15629,15630,15631,15632,15633"
88,"[np.int64(15630), np.int64(15631), np.int64(15632), np.int64(15633), np.int64(15634)]",15635,21300,12-24-31.943911,161,calib,"15630,15631,15632,15633,15634"
88,"[np.int64(15631), np.int64(15632), np.int64(15633), np.int64(15634), np.int64(15635)]",15636,21301,12-24-32.043843,162,calib,"15631,15632,15633,15634,15635"
88,"[np.int64(15632), np.int64(15633), np.int64(15634), np.int64(15635), np.int64(15636)]",15637,21302,12-24-32.144158,162,calib,"15632,15633,15634,15635,15636"
88,"[np.int64(15633), np.int64(15634), np.int64(15635), np.int64(15636), np.int64(15637)]",15638,21303,12-24-32.243590,162,calib,"15633,15634,15635,15636,15637"
88,"[np.int64(15634), np.int64(15635), np.int64(15636), np.int64(15637), np.int64(15638)]",15639,21304,12-24-32.343781,162,calib,"15634,15635,15636,15637,15638"
88,"[np.int64(15635), np.int64(15636), np.int64(15637), np.int64(15638), np.int64(15639)]",15640,21305,12-24-32.444262,162,calib,"15635,15636,15637,15638,15639"
88,"[np.int64(15636), np.int64(15637), np.int64(15638), np.int64(15639), np.int64(15640)]",15641,21306,12-24-32.544112,162,calib,"15636,15637,15638,15639,15640"
88,"[np.int64(15637), np.int64(15638), np.int64(15639), np.int64(15640), np.int64(15641)]",15642,21307,12-24-32.643488,162,calib,"15637,15638,15639,15640,15641"
88,"[np.int64(15638), np.int64(15639), np.int64(15640), np.int64(15641), np.int64(15642)]",15643,21308,12-24-32.743406,162,calib,"15638,15639,15640,15641,15642"
88,"[np.int64(15639), np.int64(15640), np.int64(15641), np.int64(15642), np.int64(15643)]",15644,21309,12-24-32.843745,162,calib,"15639,15640,15641,15642,15643"
88,"[np.int64(15640), np.int64(15641), np.int64(15642), np.int64(15643), np.int64(15644)]",15645,21310,12-24-32.943638,161,calib,"15640,15641,15642,15643,15644"
88,"[np.int64(15641), np.int64(15642), np.int64(15643), np.int64(15644), np.int64(15645)]",15646,21311,12-24-33.043310,162,calib,"15641,15642,15643,15644,15645"
88,"[np.int64(15642), np.int64(15643), np.int64(15644), np.int64(15645), np.int64(15646)]",15647,21312,12-24-33.144019,162,calib,"15642,15643,15644,15645,15646"
88,"[np.int64(15643), np.int64(15644), np.int64(15645), np.int64(15646), np.int64(15647)]",15648,21313,12-24-33.243733,162,calib,"15643,15644,15645,15646,15647"
88,"[np.int64(15644), np.int64(15645), np.int64(15646), np.int64(15647), np.int64(15648)]",15649,21314,12-24-33.343607,161,calib,"15644,15645,15646,15647,15648"
88,"[np.int64(15645), np.int64(15646), np.int64(15647), np.int64(15648), np.int64(15649)]",15650,21315,12-24-33.443601,161,calib,"15645,15646,15647,15648,15649"
88,"[np.int64(15646), np.int64(15647), np.int64(15648), np.int64(15649), np.int64(15650)]",15651,21316,12-24-33.543800,162,calib,"15646,15647,15648,15649,15650"
88,"[np.int64(15647), np.int64(15648), np.int64(15649), np.int64(15650), np.int64(15651)]",15652,21317,12-24-33.644183,162,calib,"15647,15648,15649,15650,15651"
88,"[np.int64(15648), np.int64(15649), np.int64(15650), np.int64(15651), np.int64(15652)]",15653,21318,12-24-33.743793,162,calib,"15648,15649,15650,15651,15652"
88,"[np.int64(15649), np.int64(15650), np.int64(15651), np.int64(15652), np.int64(15653)]",15654,21319,12-24-33.843686,161,calib,"15649,15650,15651,15652,15653"
88,"[np.int64(15650), np.int64(15651), np.int64(15652), np.int64(15653), np.int64(15654)]",15655,21320,12-24-33.943267,161,calib,"15650,15651,15652,15653,15654"
88,"[np.int64(15651), np.int64(15652), np.int64(15653), np.int64(15654), np.int64(15655)]",15656,21321,12-24-34.043933,161,calib,"15651,15652,15653,15654,15655"
88,"[np.int64(15652), np.int64(15653), np.int64(15654), np.int64(15655), np.int64(15656)]",15657,21322,12-24-34.144251,161,calib,"15652,15653,15654,15655,15656"
88,"[np.int64(15653), np.int64(15654), np.int64(15655), np.int64(15656), np.int64(15657)]",15658,21323,12-24-34.243326,161,calib,"15653,15654,15655,15656,15657"
88,"[np.int64(15654), np.int64(15655), np.int64(15656), np.int64(15657), np.int64(15658)]",15659,21324,12-24-34.343321,162,calib,"15654,15655,15656,15657,15658"
88,"[np.int64(15655), np.int64(15656), np.int64(15657), np.int64(15658), np.int64(15659)]",15660,21325,12-24-34.443965,162,calib,"15655,15656,15657,15658,15659"
88,"[np.int64(15656), np.int64(15657), np.int64(15658), np.int64(15659), np.int64(15660)]",15661,21326,12-24-34.543599,162,calib,"15656,15657,15658,15659,15660"
88,"[np.int64(15657), np.int64(15658), np.int64(15659), np.int64(15660), np.int64(15661)]",15662,21327,12-24-34.643904,161,calib,"15657,15658,15659,15660,15661"
88,"[np.int64(15658), np.int64(15659), np.int64(15660), np.int64(15661), np.int64(15662)]",15663,21328,12-24-34.743413,161,calib,"15658,15659,15660,15661,15662"
88,"[np.int64(15659), np.int64(15660), np.int64(15661), np.int64(15662), np.int64(15663)]",15664,21329,12-24-34.844137,161,calib,"15659,15660,15661,15662,15663"
88,"[np.int64(15660), np.int64(15661), np.int64(15662), np.int64(15663), np.int64(15664)]",15665,21330,12-24-34.944053,162,calib,"15660,15661,15662,15663,15664"
88,"[np.int64(15661), np.int64(15662), np.int64(15663), np.int64(15664), np.int64(15665)]",15666,21331,12-24-35.044154,161,calib,"15661,15662,15663,15664,15665"
88,"[np.int64(15662), np.int64(15663), np.int64(15664), np.int64(15665), np.int64(15666)]",15667,21332,12-24-35.143621,161,calib,"15662,15663,15664,15665,15666"
88,"[np.int64(15663), np.int64(15664), np.int64(15665), np.int64(15666), np.int64(15667)]",15668,21333,12-24-35.243495,161,calib,"15663,15664,15665,15666,15667"
88,"[np.int64(15664), np.int64(15665), np.int64(15666), np.int64(15667), np.int64(15668)]",15669,21334,12-24-35.344262,162,calib,"15664,15665,15666,15667,15668"
88,"[np.int64(15665), np.int64(15666), np.int64(15667), np.int64(15668), np.int64(15669)]",15670,21335,12-24-35.443289,162,calib,"15665,15666,15667,15668,15669"
88,"[np.int64(15666), np.int64(15667), np.int64(15668), np.int64(15669), np.int64(15670)]",15671,21336,12-24-35.543834,161,calib,"15666,15667,15668,15669,15670"
88,"[np.int64(15667), np.int64(15668), np.int64(15669), np.int64(15670), np.int64(15671)]",15672,21337,12-24-35.644195,161,calib,"15667,15668,15669,15670,15671"
88,"[np.int64(15668), np.int64(15669), np.int64(15670), np.int64(15671), np.int64(15672)]",15673,21338,12-24-35.743442,162,calib,"15668,15669,15670,15671,15672"
88,"[np.int64(15669), np.int64(15670), np.int64(15671), np.int64(15672), np.int64(15673)]",15674,21339,12-24-35.844052,161,calib,"15669,15670,15671,15672,15673"
88,"[np.int64(15670), np.int64(15671), np.int64(15672), np.int64(15673), np.int64(15674)]",15675,21340,12-24-35.944289,162,calib,"15670,15671,15672,15673,15674"
88,"[np.int64(15671), np.int64(15672), np.int64(15673), np.int64(15674), np.int64(15675)]",15676,21341,12-24-36.043952,161,calib,"15671,15672,15673,15674,15675"
88,"[np.int64(15672), np.int64(15673), np.int64(15674), np.int64(15675), np.int64(15676)]",15677,21342,12-24-36.143616,161,calib,"15672,15673,15674,15675,15676"
88,"[np.int64(15673), np.int64(15674), np.int64(15675), np.int64(15676), np.int64(15677)]",15678,21343,12-24-36.243472,161,calib,"15673,15674,15675,15676,15677"
88,"[np.int64(15674), np.int64(15675), np.int64(15676), np.int64(15677), np.int64(15678)]",15679,21344,12-24-36.344145,161,calib,"15674,15675,15676,15677,15678"
88,"[np.int64(15675), np.int64(15676), np.int64(15677), np.int64(15678), np.int64(15679)]",15680,21345,12-24-36.443618,162,calib,"15675,15676,15677,15678,15679"
88,"[np.int64(15676), np.int64(15677), np.int64(15678), np.int64(15679), np.int64(15680)]",15681,21346,12-24-36.543922,161,calib,"15676,15677,15678,15679,15680"
88,"[np.int64(15677), np.int64(15678), np.int64(15679), np.int64(15680), np.int64(15681)]",15682,21347,12-24-36.643312,161,calib,"15677,15678,15679,15680,15681"
88,"[np.int64(15678), np.int64(15679), np.int64(15680), np.int64(15681), np.int64(15682)]",15683,21348,12-24-36.743486,161,calib,"15678,15679,15680,15681,15682"
88,"[np.int64(15679), np.int64(15680), np.int64(15681), np.int64(15682), np.int64(15683)]",15684,21349,12-24-36.843736,162,calib,"15679,15680,15681,15682,15683"
88,"[np.int64(15680), np.int64(15681), np.int64(15682), np.int64(15683), np.int64(15684)]",15685,21350,12-24-36.943568,162,calib,"15680,15681,15682,15683,15684"
88,"[np.int64(15681), np.int64(15682), np.int64(15683), np.int64(15684), np.int64(15685)]",15686,21351,12-24-37.043833,162,calib,"15681,15682,15683,15684,15685"
88,"[np.int64(15682), np.int64(15683), np.int64(15684), np.int64(15685), np.int64(15686)]",15687,21352,12-24-37.143551,162,calib,"15682,15683,15684,15685,15686"
88,"[np.int64(15683), np.int64(15684), np.int64(15685), np.int64(15686), np.int64(15687)]",15688,21353,12-24-37.243512,162,calib,"15683,15684,15685,15686,15687"
88,"[np.int64(15684), np.int64(15685), np.int64(15686), np.int64(15687), np.int64(15688)]",15689,21354,12-24-37.343416,162,calib,"15684,15685,15686,15687,15688"
88,"[np.int64(15685), np.int64(15686), np.int64(15687), np.int64(15688), np.int64(15689)]",15690,21355,12-24-37.444040,162,calib,"15685,15686,15687,15688,15689"
88,"[np.int64(15686), np.int64(15687), np.int64(15688), np.int64(15689), np.int64(15690)]",15691,21356,12-24-37.544049,162,calib,"15686,15687,15688,15689,15690"
88,"[np.int64(15687), np.int64(15688), np.int64(15689), np.int64(15690), np.int64(15691)]",15692,21357,12-24-37.644259,162,calib,"15687,15688,15689,15690,15691"
88,"[np.int64(15688), np.int64(15689), np.int64(15690), np.int64(15691), np.int64(15692)]",15693,21358,12-24-37.744165,161,calib,"15688,15689,15690,15691,15692"
88,"[np.int64(15689), np.int64(15690), np.int64(15691), np.int64(15692), np.int64(15693)]",15694,21359,12-24-37.843464,162,calib,"15689,15690,15691,15692,15693"
88,"[np.int64(15690), np.int64(15691), np.int64(15692), np.int64(15693), np.int64(15694)]",15695,21360,12-24-37.943715,162,calib,"15690,15691,15692,15693,15694"
88,"[np.int64(15691), np.int64(15692), np.int64(15693), np.int64(15694), np.int64(15695)]",15696,21361,12-24-38.043421,162,calib,"15691,15692,15693,15694,15695"
88,"[np.int64(15692), np.int64(15693), np.int64(15694), np.int64(15695), np.int64(15696)]",15697,21362,12-24-38.143408,162,calib,"15692,15693,15694,15695,15696"
88,"[np.int64(15693), np.int64(15694), np.int64(15695), np.int64(15696), np.int64(15697)]",15698,21363,12-24-38.244006,162,calib,"15693,15694,15695,15696,15697"
88,"[np.int64(15694), np.int64(15695), np.int64(15696), np.int64(15697), np.int64(15698)]",15699,21364,12-24-38.343619,162,calib,"15694,15695,15696,15697,15698"
88,"[np.int64(15695), np.int64(15696), np.int64(15697), np.int64(15698), np.int64(15699)]",15700,21365,12-24-38.443617,162,calib,"15695,15696,15697,15698,15699"
88,"[np.int64(15696), np.int64(15697), np.int64(15698), np.int64(15699), np.int64(15700)]",15701,21366,12-24-38.543576,162,calib,"15696,15697,15698,15699,15700"
88,"[np.int64(15697), np.int64(15698), np.int64(15699), np.int64(15700), np.int64(15701)]",15702,21367,12-24-38.643496,162,calib,"15697,15698,15699,15700,15701"
88,"[np.int64(15698), np.int64(15699), np.int64(15700), np.int64(15701), np.int64(15702)]",15703,21368,12-24-38.743298,162,calib,"15698,15699,15700,15701,15702"
88,"[np.int64(15699), np.int64(15700), np.int64(15701), np.int64(15702), np.int64(15703)]",15704,21369,12-24-38.843322,162,calib,"15699,15700,15701,15702,15703"
88,"[np.int64(15700), np.int64(15701), np.int64(15702), np.int64(15703), np.int64(15704)]",15705,21370,12-24-38.943290,162,calib,"15700,15701,15702,15703,15704"
88,"[np.int64(15701), np.int64(15702), np.int64(15703), np.int64(15704), np.int64(15705)]",15706,21371,12-24-39.043964,162,calib,"15701,15702,15703,15704,15705"
88,"[np.int64(15702), np.int64(15703), np.int64(15704), np.int64(15705), np.int64(15706)]",15707,21372,12-24-39.143522,162,calib,"15702,15703,15704,15705,15706"
88,"[np.int64(15703), np.int64(15704), np.int64(15705), np.int64(15706), np.int64(15707)]",15708,21373,12-24-39.243784,162,calib,"15703,15704,15705,15706,15707"
88,"[np.int64(15704), np.int64(15705), np.int64(15706), np.int64(15707), np.int64(15708)]",15709,21374,12-24-39.343319,161,calib,"15704,15705,15706,15707,15708"
88,"[np.int64(15705), np.int64(15706), np.int64(15707), np.int64(15708), np.int64(15709)]",15710,21375,12-24-39.443440,162,calib,"15705,15706,15707,15708,15709"
88,"[np.int64(15706), np.int64(15707), np.int64(15708), np.int64(15709), np.int64(15710)]",15711,21376,12-24-39.544060,162,calib,"15706,15707,15708,15709,15710"
88,"[np.int64(15707), np.int64(15708), np.int64(15709), np.int64(15710), np.int64(15711)]",15712,21377,12-24-39.644131,162,calib,"15707,15708,15709,15710,15711"
88,"[np.int64(15708), np.int64(15709), np.int64(15710), np.int64(15711), np.int64(15712)]",15713,21378,12-24-39.744249,161,calib,"15708,15709,15710,15711,15712"
88,"[np.int64(15709), np.int64(15710), np.int64(15711), np.int64(15712), np.int64(15713)]",15714,21379,12-24-39.843617,162,calib,"15709,15710,15711,15712,15713"
88,"[np.int64(15710), np.int64(15711), np.int64(15712), np.int64(15713), np.int64(15714)]",15715,21380,12-24-39.944257,162,calib,"15710,15711,15712,15713,15714"
88,"[np.int64(15711), np.int64(15712), np.int64(15713), np.int64(15714), np.int64(15715)]",15716,21381,12-24-40.043454,162,calib,"15711,15712,15713,15714,15715"
88,"[np.int64(15712), np.int64(15713), np.int64(15714), np.int64(15715), np.int64(15716)]",15717,21382,12-24-40.144239,162,calib,"15712,15713,15714,15715,15716"
88,"[np.int64(15713), np.int64(15714), np.int64(15715), np.int64(15716), np.int64(15717)]",15718,21383,12-24-40.244004,162,calib,"15713,15714,15715,15716,15717"
88,"[np.int64(15714), np.int64(15715), np.int64(15716), np.int64(15717), np.int64(15718)]",15719,21384,12-24-40.344113,162,calib,"15714,15715,15716,15717,15718"
88,"[np.int64(15715), np.int64(15716), np.int64(15717), np.int64(15718), np.int64(15719)]",15720,21385,12-24-40.444199,162,calib,"15715,15716,15717,15718,15719"
88,"[np.int64(15716), np.int64(15717), np.int64(15718), np.int64(15719), np.int64(15720)]",15721,21386,12-24-40.543759,161,calib,"15716,15717,15718,15719,15720"
88,"[np.int64(15717), np.int64(15718), np.int64(15719), np.int64(15720), np.int64(15721)]",15722,21387,12-24-40.643621,162,calib,"15717,15718,15719,15720,15721"
88,"[np.int64(15718), np.int64(15719), np.int64(15720), np.int64(15721), np.int64(15722)]",15723,21388,12-24-40.743466,162,calib,"15718,15719,15720,15721,15722"
88,"[np.int64(15719), np.int64(15720), np.int64(15721), np.int64(15722), np.int64(15723)]",15724,21389,12-24-40.843983,162,calib,"15719,15720,15721,15722,15723"
88,"[np.int64(15720), np.int64(15721), np.int64(15722), np.int64(15723), np.int64(15724)]",15725,21390,12-24-40.943321,162,calib,"15720,15721,15722,15723,15724"
88,"[np.int64(15721), np.int64(15722), np.int64(15723), np.int64(15724), np.int64(15725)]",15726,21391,12-24-41.043556,162,calib,"15721,15722,15723,15724,15725"
88,"[np.int64(15722), np.int64(15723), np.int64(15724), np.int64(15725), np.int64(15726)]",15727,21392,12-24-41.144049,162,calib,"15722,15723,15724,15725,15726"
88,"[np.int64(15723), np.int64(15724), np.int64(15725), np.int64(15726), np.int64(15727)]",15728,21393,12-24-41.243427,161,calib,"15723,15724,15725,15726,15727"
88,"[np.int64(15724), np.int64(15725), np.int64(15726), np.int64(15727), np.int64(15728)]",15729,21394,12-24-41.343868,162,calib,"15724,15725,15726,15727,15728"
88,"[np.int64(15725), np.int64(15726), np.int64(15727), np.int64(15728), np.int64(15729)]",15730,21395,12-24-41.443941,162,calib,"15725,15726,15727,15728,15729"
88,"[np.int64(15726), np.int64(15727), np.int64(15728), np.int64(15729), np.int64(15730)]",15731,21396,12-24-41.543266,162,calib,"15726,15727,15728,15729,15730"
88,"[np.int64(15727), np.int64(15728), np.int64(15729), np.int64(15730), np.int64(15731)]",15732,21397,12-24-41.644248,162,calib,"15727,15728,15729,15730,15731"
88,"[np.int64(15728), np.int64(15729), np.int64(15730), np.int64(15731), np.int64(15732)]",15733,21398,12-24-41.743619,162,calib,"15728,15729,15730,15731,15732"
88,"[np.int64(15729), np.int64(15730), np.int64(15731), np.int64(15732), np.int64(15733)]",15734,21399,12-24-41.843867,162,calib,"15729,15730,15731,15732,15733"
88,"[np.int64(15730), np.int64(15731), np.int64(15732), np.int64(15733), np.int64(15734)]",15735,21400,12-24-41.943341,162,calib,"15730,15731,15732,15733,15734"
88,"[np.int64(15731), np.int64(15732), np.int64(15733), np.int64(15734), np.int64(15735)]",15736,21401,12-24-42.043588,162,calib,"15731,15732,15733,15734,15735"
88,"[np.int64(15732), np.int64(15733), np.int64(15734), np.int64(15735), np.int64(15736)]",15737,21402,12-24-42.144003,162,calib,"15732,15733,15734,15735,15736"
88,"[np.int64(15733), np.int64(15734), np.int64(15735), np.int64(15736), np.int64(15737)]",15738,21403,12-24-42.243251,162,calib,"15733,15734,15735,15736,15737"
88,"[np.int64(15734), np.int64(15735), np.int64(15736), np.int64(15737), np.int64(15738)]",15739,21404,12-24-42.344142,162,calib,"15734,15735,15736,15737,15738"
88,"[np.int64(15735), np.int64(15736), np.int64(15737), np.int64(15738), np.int64(15739)]",15740,21405,12-24-42.443491,162,calib,"15735,15736,15737,15738,15739"
88,"[np.int64(15736), np.int64(15737), np.int64(15738), np.int64(15739), np.int64(15740)]",15741,21406,12-24-42.543354,162,calib,"15736,15737,15738,15739,15740"
88,"[np.int64(15737), np.int64(15738), np.int64(15739), np.int64(15740), np.int64(15741)]",15742,21407,12-24-42.644226,162,calib,"15737,15738,15739,15740,15741"
88,"[np.int64(15738), np.int64(15739), np.int64(15740), np.int64(15741), np.int64(15742)]",15743,21408,12-24-42.743619,162,calib,"15738,15739,15740,15741,15742"
88,"[np.int64(15739), np.int64(15740), np.int64(15741), np.int64(15742), np.int64(15743)]",15744,21409,12-24-42.843930,162,calib,"15739,15740,15741,15742,15743"
88,"[np.int64(15740), np.int64(15741), np.int64(15742), np.int64(15743), np.int64(15744)]",15745,21410,12-24-42.943419,162,calib,"15740,15741,15742,15743,15744"
88,"[np.int64(15741), np.int64(15742), np.int64(15743), np.int64(15744), np.int64(15745)]",15746,21411,12-24-43.043490,162,calib,"15741,15742,15743,15744,15745"
88,"[np.int64(15742), np.int64(15743), np.int64(15744), np.int64(15745), np.int64(15746)]",15747,21412,12-24-43.144211,162,calib,"15742,15743,15744,15745,15746"
88,"[np.int64(15743), np.int64(15744), np.int64(15745), np.int64(15746), np.int64(15747)]",15748,21413,12-24-43.243521,161,calib,"15743,15744,15745,15746,15747"
88,"[np.int64(15744), np.int64(15745), np.int64(15746), np.int64(15747), np.int64(15748)]",15749,21414,12-24-43.343313,161,calib,"15744,15745,15746,15747,15748"
88,"[np.int64(15745), np.int64(15746), np.int64(15747), np.int64(15748), np.int64(15749)]",15750,21415,12-24-43.443550,162,calib,"15745,15746,15747,15748,15749"
88,"[np.int64(15746), np.int64(15747), np.int64(15748), np.int64(15749), np.int64(15750)]",15751,21416,12-24-43.544119,161,calib,"15746,15747,15748,15749,15750"
88,"[np.int64(15747), np.int64(15748), np.int64(15749), np.int64(15750), np.int64(15751)]",15752,21417,12-24-43.643745,162,calib,"15747,15748,15749,15750,15751"
88,"[np.int64(15748), np.int64(15749), np.int64(15750), np.int64(15751), np.int64(15752)]",15753,21418,12-24-43.744032,162,calib,"15748,15749,15750,15751,15752"
88,"[np.int64(15749), np.int64(15750), np.int64(15751), np.int64(15752), np.int64(15753)]",15754,21419,12-24-43.844176,162,calib,"15749,15750,15751,15752,15753"
88,"[np.int64(15750), np.int64(15751), np.int64(15752), np.int64(15753), np.int64(15754)]",15755,21420,12-24-43.943755,162,calib,"15750,15751,15752,15753,15754"
88,"[np.int64(15751), np.int64(15752), np.int64(15753), np.int64(15754), np.int64(15755)]",15756,21421,12-24-44.044275,162,calib,"15751,15752,15753,15754,15755"
88,"[np.int64(15752), np.int64(15753), np.int64(15754), np.int64(15755), np.int64(15756)]",15757,21422,12-24-44.144299,162,calib,"15752,15753,15754,15755,15756"
88,"[np.int64(15753), np.int64(15754), np.int64(15755), np.int64(15756), np.int64(15757)]",15758,21423,12-24-44.244022,162,calib,"15753,15754,15755,15756,15757"
88,"[np.int64(15754), np.int64(15755), np.int64(15756), np.int64(15757), np.int64(15758)]",15759,21424,12-24-44.343597,162,calib,"15754,15755,15756,15757,15758"
88,"[np.int64(15755), np.int64(15756), np.int64(15757), np.int64(15758), np.int64(15759)]",15760,21425,12-24-44.443839,161,calib,"15755,15756,15757,15758,15759"
88,"[np.int64(15756), np.int64(15757), np.int64(15758), np.int64(15759), np.int64(15760)]",15761,21426,12-24-44.543459,162,calib,"15756,15757,15758,15759,15760"
88,"[np.int64(15757), np.int64(15758), np.int64(15759), np.int64(15760), np.int64(15761)]",15762,21427,12-24-44.643467,162,calib,"15757,15758,15759,15760,15761"
88,"[np.int64(15758), np.int64(15759), np.int64(15760), np.int64(15761), np.int64(15762)]",15763,21428,12-24-44.743572,162,calib,"15758,15759,15760,15761,15762"
88,"[np.int64(15759), np.int64(15760), np.int64(15761), np.int64(15762), np.int64(15763)]",15764,21429,12-24-44.844210,162,calib,"15759,15760,15761,15762,15763"
88,"[np.int64(15760), np.int64(15761), np.int64(15762), np.int64(15763), np.int64(15764)]",15765,21430,12-24-44.943579,162,calib,"15760,15761,15762,15763,15764"
88,"[np.int64(15761), np.int64(15762), np.int64(15763), np.int64(15764), np.int64(15765)]",15766,21431,12-24-45.043970,162,calib,"15761,15762,15763,15764,15765"
88,"[np.int64(15762), np.int64(15763), np.int64(15764), np.int64(15765), np.int64(15766)]",15767,21432,12-24-45.143669,162,calib,"15762,15763,15764,15765,15766"
88,"[np.int64(15763), np.int64(15764), np.int64(15765), np.int64(15766), np.int64(15767)]",15768,21433,12-24-45.243314,161,calib,"15763,15764,15765,15766,15767"
88,"[np.int64(15764), np.int64(15765), np.int64(15766), np.int64(15767), np.int64(15768)]",15769,21434,12-24-45.343834,161,calib,"15764,15765,15766,15767,15768"
88,"[np.int64(15765), np.int64(15766), np.int64(15767), np.int64(15768), np.int64(15769)]",15770,21435,12-24-45.443549,162,calib,"15765,15766,15767,15768,15769"
88,"[np.int64(15766), np.int64(15767), np.int64(15768), np.int64(15769), np.int64(15770)]",15771,21436,12-24-45.544003,162,calib,"15766,15767,15768,15769,15770"
88,"[np.int64(15767), np.int64(15768), np.int64(15769), np.int64(15770), np.int64(15771)]",15772,21437,12-24-45.643534,162,calib,"15767,15768,15769,15770,15771"
88,"[np.int64(15768), np.int64(15769), np.int64(15770), np.int64(15771), np.int64(15772)]",15773,21438,12-24-45.743781,162,calib,"15768,15769,15770,15771,15772"
88,"[np.int64(15769), np.int64(15770), np.int64(15771), np.int64(15772), np.int64(15773)]",15774,21439,12-24-45.844054,162,calib,"15769,15770,15771,15772,15773"
88,"[np.int64(15770), np.int64(15771), np.int64(15772), np.int64(15773), np.int64(15774)]",15775,21440,12-24-45.943603,162,calib,"15770,15771,15772,15773,15774"
88,"[np.int64(15771), np.int64(15772), np.int64(15773), np.int64(15774), np.int64(15775)]",15776,21441,12-24-46.044158,162,calib,"15771,15772,15773,15774,15775"
88,"[np.int64(15772), np.int64(15773), np.int64(15774), np.int64(15775), np.int64(15776)]",15777,21442,12-24-46.144045,162,calib,"15772,15773,15774,15775,15776"
88,"[np.int64(15773), np.int64(15774), np.int64(15775), np.int64(15776), np.int64(15777)]",15778,21443,12-24-46.244170,162,calib,"15773,15774,15775,15776,15777"
88,"[np.int64(15774), np.int64(15775), np.int64(15776), np.int64(15777), np.int64(15778)]",15779,21444,12-24-46.343430,162,calib,"15774,15775,15776,15777,15778"
88,"[np.int64(15775), np.int64(15776), np.int64(15777), np.int64(15778), np.int64(15779)]",15780,21445,12-24-46.443758,162,calib,"15775,15776,15777,15778,15779"
88,"[np.int64(15776), np.int64(15777), np.int64(15778), np.int64(15779), np.int64(15780)]",15781,21446,12-24-46.543981,162,calib,"15776,15777,15778,15779,15780"
88,"[np.int64(15777), np.int64(15778), np.int64(15779), np.int64(15780), np.int64(15781)]",15782,21447,12-24-46.644197,162,calib,"15777,15778,15779,15780,15781"
88,"[np.int64(15778), np.int64(15779), np.int64(15780), np.int64(15781), np.int64(15782)]",15783,21448,12-24-46.743475,162,calib,"15778,15779,15780,15781,15782"
88,"[np.int64(15779), np.int64(15780), np.int64(15781), np.int64(15782), np.int64(15783)]",15784,21449,12-24-46.843956,162,calib,"15779,15780,15781,15782,15783"
88,"[np.int64(15780), np.int64(15781), np.int64(15782), np.int64(15783), np.int64(15784)]",15785,21450,12-24-46.944103,162,calib,"15780,15781,15782,15783,15784"
88,"[np.int64(15781), np.int64(15782), np.int64(15783), np.int64(15784), np.int64(15785)]",15786,21451,12-24-47.043824,162,calib,"15781,15782,15783,15784,15785"
88,"[np.int64(15782), np.int64(15783), np.int64(15784), np.int64(15785), np.int64(15786)]",15787,21452,12-24-47.143292,162,calib,"15782,15783,15784,15785,15786"
88,"[np.int64(15783), np.int64(15784), np.int64(15785), np.int64(15786), np.int64(15787)]",15788,21453,12-24-47.244278,162,calib,"15783,15784,15785,15786,15787"
88,"[np.int64(15784), np.int64(15785), np.int64(15786), np.int64(15787), np.int64(15788)]",15789,21454,12-24-47.343499,162,calib,"15784,15785,15786,15787,15788"
88,"[np.int64(15785), np.int64(15786), np.int64(15787), np.int64(15788), np.int64(15789)]",15790,21455,12-24-47.443740,162,calib,"15785,15786,15787,15788,15789"
88,"[np.int64(15786), np.int64(15787), np.int64(15788), np.int64(15789), np.int64(15790)]",15791,21456,12-24-47.543619,162,calib,"15786,15787,15788,15789,15790"
88,"[np.int64(15787), np.int64(15788), np.int64(15789), np.int64(15790), np.int64(15791)]",15792,21457,12-24-47.643359,162,calib,"15787,15788,15789,15790,15791"
88,"[np.int64(15788), np.int64(15789), np.int64(15790), np.int64(15791), np.int64(15792)]",15793,21458,12-24-47.743562,162,calib,"15788,15789,15790,15791,15792"
88,"[np.int64(15789), np.int64(15790), np.int64(15791), np.int64(15792), np.int64(15793)]",15794,21459,12-24-47.843545,162,calib,"15789,15790,15791,15792,15793"
88,"[np.int64(15790), np.int64(15791), np.int64(15792), np.int64(15793), np.int64(15794)]",15795,21460,12-24-47.943929,162,calib,"15790,15791,15792,15793,15794"
88,"[np.int64(15791), np.int64(15792), np.int64(15793), np.int64(15794), np.int64(15795)]",15796,21461,12-24-48.044041,163,calib,"15791,15792,15793,15794,15795"
88,"[np.int64(15792), np.int64(15793), np.int64(15794), np.int64(15795), np.int64(15796)]",15797,21462,12-24-48.143477,162,calib,"15792,15793,15794,15795,15796"
88,"[np.int64(15793), np.int64(15794), np.int64(15795), np.int64(15796), np.int64(15797)]",15798,21463,12-24-48.244153,162,calib,"15793,15794,15795,15796,15797"
88,"[np.int64(15794), np.int64(15795), np.int64(15796), np.int64(15797), np.int64(15798)]",15799,21464,12-24-48.344167,162,calib,"15794,15795,15796,15797,15798"
92,"[np.int64(15800), np.int64(15801), np.int64(15802), np.int64(15803), np.int64(15804)]",15805,21538,12-24-56.644050,161,calib,"15800,15801,15802,15803,15804"
92,"[np.int64(15801), np.int64(15802), np.int64(15803), np.int64(15804), np.int64(15805)]",15806,21539,12-24-56.744054,162,calib,"15801,15802,15803,15804,15805"
92,"[np.int64(15802), np.int64(15803), np.int64(15804), np.int64(15805), np.int64(15806)]",15807,21540,12-24-56.843665,162,calib,"15802,15803,15804,15805,15806"
92,"[np.int64(15803), np.int64(15804), np.int64(15805), np.int64(15806), np.int64(15807)]",15808,21541,12-24-56.943475,161,calib,"15803,15804,15805,15806,15807"
92,"[np.int64(15804), np.int64(15805), np.int64(15806), np.int64(15807), np.int64(15808)]",15809,21542,12-24-57.043429,162,calib,"15804,15805,15806,15807,15808"
92,"[np.int64(15805), np.int64(15806), np.int64(15807), np.int64(15808), np.int64(15809)]",15810,21543,12-24-57.144037,162,calib,"15805,15806,15807,15808,15809"
92,"[np.int64(15806), np.int64(15807), np.int64(15808), np.int64(15809), np.int64(15810)]",15811,21544,12-24-57.244216,161,calib,"15806,15807,15808,15809,15810"
92,"[np.int64(15807), np.int64(15808), np.int64(15809), np.int64(15810), np.int64(15811)]",15812,21545,12-24-57.343627,161,calib,"15807,15808,15809,15810,15811"
92,"[np.int64(15808), np.int64(15809), np.int64(15810), np.int64(15811), np.int64(15812)]",15813,21546,12-24-57.443428,161,calib,"15808,15809,15810,15811,15812"
92,"[np.int64(15809), np.int64(15810), np.int64(15811), np.int64(15812), np.int64(15813)]",15814,21547,12-24-57.543371,162,calib,"15809,15810,15811,15812,15813"
92,"[np.int64(15810), np.int64(15811), np.int64(15812), np.int64(15813), np.int64(15814)]",15815,21548,12-24-57.643768,161,calib,"15810,15811,15812,15813,15814"
92,"[np.int64(15811), np.int64(15812), np.int64(15813), np.int64(15814), np.int64(15815)]",15816,21549,12-24-57.743681,162,calib,"15811,15812,15813,15814,15815"
92,"[np.int64(15812), np.int64(15813), np.int64(15814), np.int64(15815), np.int64(15816)]",15817,21550,12-24-57.843969,162,calib,"15812,15813,15814,15815,15816"
92,"[np.int64(15813), np.int64(15814), np.int64(15815), np.int64(15816), np.int64(15817)]",15818,21551,12-24-57.943903,162,calib,"15813,15814,15815,15816,15817"
92,"[np.int64(15814), np.int64(15815), np.int64(15816), np.int64(15817), np.int64(15818)]",15819,21552,12-24-58.043977,162,calib,"15814,15815,15816,15817,15818"
92,"[np.int64(15815), np.int64(15816), np.int64(15817), np.int64(15818), np.int64(15819)]",15820,21553,12-24-58.143552,162,calib,"15815,15816,15817,15818,15819"
92,"[np.int64(15816), np.int64(15817), np.int64(15818), np.int64(15819), np.int64(15820)]",15821,21554,12-24-58.243821,162,calib,"15816,15817,15818,15819,15820"
92,"[np.int64(15817), np.int64(15818), np.int64(15819), np.int64(15820), np.int64(15821)]",15822,21555,12-24-58.344013,162,calib,"15817,15818,15819,15820,15821"
92,"[np.int64(15818), np.int64(15819), np.int64(15820), np.int64(15821), np.int64(15822)]",15823,21556,12-24-58.444184,162,calib,"15818,15819,15820,15821,15822"
92,"[np.int64(15819), np.int64(15820), np.int64(15821), np.int64(15822), np.int64(15823)]",15824,21557,12-24-58.544271,162,calib,"15819,15820,15821,15822,15823"
92,"[np.int64(15820), np.int64(15821), np.int64(15822), np.int64(15823), np.int64(15824)]",15825,21558,12-24-58.643457,162,calib,"15820,15821,15822,15823,15824"
92,"[np.int64(15821), np.int64(15822), np.int64(15823), np.int64(15824), np.int64(15825)]",15826,21559,12-24-58.744076,162,calib,"15821,15822,15823,15824,15825"
92,"[np.int64(15822), np.int64(15823), np.int64(15824), np.int64(15825), np.int64(15826)]",15827,21560,12-24-58.843563,161,calib,"15822,15823,15824,15825,15826"
92,"[np.int64(15823), np.int64(15824), np.int64(15825), np.int64(15826), np.int64(15827)]",15828,21561,12-24-58.943351,162,calib,"15823,15824,15825,15826,15827"
92,"[np.int64(15824), np.int64(15825), np.int64(15826), np.int64(15827), np.int64(15828)]",15829,21562,12-24-59.043562,162,calib,"15824,15825,15826,15827,15828"
92,"[np.int64(15825), np.int64(15826), np.int64(15827), np.int64(15828), np.int64(15829)]",15830,21563,12-24-59.143842,162,calib,"15825,15826,15827,15828,15829"
92,"[np.int64(15826), np.int64(15827), np.int64(15828), np.int64(15829), np.int64(15830)]",15831,21564,12-24-59.243834,162,calib,"15826,15827,15828,15829,15830"
92,"[np.int64(15827), np.int64(15828), np.int64(15829), np.int64(15830), np.int64(15831)]",15832,21565,12-24-59.343802,162,calib,"15827,15828,15829,15830,15831"
92,"[np.int64(15828), np.int64(15829), np.int64(15830), np.int64(15831), np.int64(15832)]",15833,21566,12-24-59.444088,162,calib,"15828,15829,15830,15831,15832"
92,"[np.int64(15829), np.int64(15830), np.int64(15831), np.int64(15832), np.int64(15833)]",15834,21567,12-24-59.544010,161,calib,"15829,15830,15831,15832,15833"
92,"[np.int64(15830), np.int64(15831), np.int64(15832), np.int64(15833), np.int64(15834)]",15835,21568,12-24-59.643486,162,calib,"15830,15831,15832,15833,15834"
92,"[np.int64(15831), np.int64(15832), np.int64(15833), np.int64(15834), np.int64(15835)]",15836,21569,12-24-59.744054,162,calib,"15831,15832,15833,15834,15835"
92,"[np.int64(15832), np.int64(15833), np.int64(15834), np.int64(15835), np.int64(15836)]",15837,21570,12-24-59.843474,162,calib,"15832,15833,15834,15835,15836"
92,"[np.int64(15833), np.int64(15834), np.int64(15835), np.int64(15836), np.int64(15837)]",15838,21571,12-24-59.943774,162,calib,"15833,15834,15835,15836,15837"
92,"[np.int64(15834), np.int64(15835), np.int64(15836), np.int64(15837), np.int64(15838)]",15839,21572,12-25-00.043228,162,calib,"15834,15835,15836,15837,15838"
92,"[np.int64(15835), np.int64(15836), np.int64(15837), np.int64(15838), np.int64(15839)]",15840,21573,12-25-00.143625,162,calib,"15835,15836,15837,15838,15839"
92,"[np.int64(15836), np.int64(15837), np.int64(15838), np.int64(15839), np.int64(15840)]",15841,21574,12-25-00.244219,162,calib,"15836,15837,15838,15839,15840"
92,"[np.int64(15837), np.int64(15838), np.int64(15839), np.int64(15840), np.int64(15841)]",15842,21575,12-25-00.343373,161,calib,"15837,15838,15839,15840,15841"
92,"[np.int64(15838), np.int64(15839), np.int64(15840), np.int64(15841), np.int64(15842)]",15843,21576,12-25-00.443626,162,calib,"15838,15839,15840,15841,15842"
92,"[np.int64(15839), np.int64(15840), np.int64(15841), np.int64(15842), np.int64(15843)]",15844,21577,12-25-00.543549,162,calib,"15839,15840,15841,15842,15843"
92,"[np.int64(15840), np.int64(15841), np.int64(15842), np.int64(15843), np.int64(15844)]",15845,21578,12-25-00.643397,162,calib,"15840,15841,15842,15843,15844"
92,"[np.int64(15841), np.int64(15842), np.int64(15843), np.int64(15844), np.int64(15845)]",15846,21579,12-25-00.743999,162,calib,"15841,15842,15843,15844,15845"
92,"[np.int64(15842), np.int64(15843), np.int64(15844), np.int64(15845), np.int64(15846)]",15847,21580,12-25-00.843596,162,calib,"15842,15843,15844,15845,15846"
92,"[np.int64(15843), np.int64(15844), np.int64(15845), np.int64(15846), np.int64(15847)]",15848,21581,12-25-00.943571,161,calib,"15843,15844,15845,15846,15847"
92,"[np.int64(15844), np.int64(15845), np.int64(15846), np.int64(15847), np.int64(15848)]",15849,21582,12-25-01.043976,162,calib,"15844,15845,15846,15847,15848"
92,"[np.int64(15845), np.int64(15846), np.int64(15847), np.int64(15848), np.int64(15849)]",15850,21583,12-25-01.143698,162,calib,"15845,15846,15847,15848,15849"
92,"[np.int64(15846), np.int64(15847), np.int64(15848), np.int64(15849), np.int64(15850)]",15851,21584,12-25-01.244076,161,calib,"15846,15847,15848,15849,15850"
92,"[np.int64(15847), np.int64(15848), np.int64(15849), np.int64(15850), np.int64(15851)]",15852,21585,12-25-01.343821,162,calib,"15847,15848,15849,15850,15851"
92,"[np.int64(15848), np.int64(15849), np.int64(15850), np.int64(15851), np.int64(15852)]",15853,21586,12-25-01.443975,162,calib,"15848,15849,15850,15851,15852"
92,"[np.int64(15849), np.int64(15850), np.int64(15851), np.int64(15852), np.int64(15853)]",15854,21587,12-25-01.543431,161,calib,"15849,15850,15851,15852,15853"
92,"[np.int64(15850), np.int64(15851), np.int64(15852), np.int64(15853), np.int64(15854)]",15855,21588,12-25-01.643621,162,calib,"15850,15851,15852,15853,15854"
92,"[np.int64(15851), np.int64(15852), np.int64(15853), np.int64(15854), np.int64(15855)]",15856,21589,12-25-01.743553,161,calib,"15851,15852,15853,15854,15855"
92,"[np.int64(15852), np.int64(15853), np.int64(15854), np.int64(15855), np.int64(15856)]",15857,21590,12-25-01.843329,161,calib,"15852,15853,15854,15855,15856"
92,"[np.int64(15853), np.int64(15854), np.int64(15855), np.int64(15856), np.int64(15857)]",15858,21591,12-25-01.943938,161,calib,"15853,15854,15855,15856,15857"
92,"[np.int64(15854), np.int64(15855), np.int64(15856), np.int64(15857), np.int64(15858)]",15859,21592,12-25-02.043760,161,calib,"15854,15855,15856,15857,15858"
92,"[np.int64(15855), np.int64(15856), np.int64(15857), np.int64(15858), np.int64(15859)]",15860,21593,12-25-02.143767,162,calib,"15855,15856,15857,15858,15859"
92,"[np.int64(15856), np.int64(15857), np.int64(15858), np.int64(15859), np.int64(15860)]",15861,21594,12-25-02.243233,162,calib,"15856,15857,15858,15859,15860"
92,"[np.int64(15857), np.int64(15858), np.int64(15859), np.int64(15860), np.int64(15861)]",15862,21595,12-25-02.343747,162,calib,"15857,15858,15859,15860,15861"
92,"[np.int64(15858), np.int64(15859), np.int64(15860), np.int64(15861), np.int64(15862)]",15863,21596,12-25-02.443670,162,calib,"15858,15859,15860,15861,15862"
92,"[np.int64(15859), np.int64(15860), np.int64(15861), np.int64(15862), np.int64(15863)]",15864,21597,12-25-02.544076,161,calib,"15859,15860,15861,15862,15863"
92,"[np.int64(15860), np.int64(15861), np.int64(15862), np.int64(15863), np.int64(15864)]",15865,21598,12-25-02.643850,161,calib,"15860,15861,15862,15863,15864"
92,"[np.int64(15861), np.int64(15862), np.int64(15863), np.int64(15864), np.int64(15865)]",15866,21599,12-25-02.743977,162,calib,"15861,15862,15863,15864,15865"
92,"[np.int64(15862), np.int64(15863), np.int64(15864), np.int64(15865), np.int64(15866)]",15867,21600,12-25-02.843287,162,calib,"15862,15863,15864,15865,15866"
92,"[np.int64(15863), np.int64(15864), np.int64(15865), np.int64(15866), np.int64(15867)]",15868,21601,12-25-02.943608,161,calib,"15863,15864,15865,15866,15867"
92,"[np.int64(15864), np.int64(15865), np.int64(15866), np.int64(15867), np.int64(15868)]",15869,21602,12-25-03.043688,161,calib,"15864,15865,15866,15867,15868"
92,"[np.int64(15865), np.int64(15866), np.int64(15867), np.int64(15868), np.int64(15869)]",15870,21603,12-25-03.143840,162,calib,"15865,15866,15867,15868,15869"
92,"[np.int64(15866), np.int64(15867), np.int64(15868), np.int64(15869), np.int64(15870)]",15871,21604,12-25-03.243266,162,calib,"15866,15867,15868,15869,15870"
92,"[np.int64(15867), np.int64(15868), np.int64(15869), np.int64(15870), np.int64(15871)]",15872,21605,12-25-03.343285,161,calib,"15867,15868,15869,15870,15871"
92,"[np.int64(15868), np.int64(15869), np.int64(15870), np.int64(15871), np.int64(15872)]",15873,21606,12-25-03.443624,162,calib,"15868,15869,15870,15871,15872"
92,"[np.int64(15869), np.int64(15870), np.int64(15871), np.int64(15872), np.int64(15873)]",15874,21607,12-25-03.544035,125,calib,"15869,15870,15871,15872,15873"
92,"[np.int64(15870), np.int64(15871), np.int64(15872), np.int64(15873), np.int64(15874)]",15875,21608,12-25-03.643617,162,calib,"15870,15871,15872,15873,15874"
92,"[np.int64(15871), np.int64(15872), np.int64(15873), np.int64(15874), np.int64(15875)]",15876,21609,12-25-03.743701,162,calib,"15871,15872,15873,15874,15875"
92,"[np.int64(15872), np.int64(15873), np.int64(15874), np.int64(15875), np.int64(15876)]",15877,21610,12-25-03.843638,162,calib,"15872,15873,15874,15875,15876"
92,"[np.int64(15873), np.int64(15874), np.int64(15875), np.int64(15876), np.int64(15877)]",15878,21611,12-25-03.943384,162,calib,"15873,15874,15875,15876,15877"
92,"[np.int64(15874), np.int64(15875), np.int64(15876), np.int64(15877), np.int64(15878)]",15879,21612,12-25-04.043633,161,calib,"15874,15875,15876,15877,15878"
92,"[np.int64(15875), np.int64(15876), np.int64(15877), np.int64(15878), np.int64(15879)]",15880,21613,12-25-04.143331,162,calib,"15875,15876,15877,15878,15879"
92,"[np.int64(15876), np.int64(15877), np.int64(15878), np.int64(15879), np.int64(15880)]",15881,21614,12-25-04.244118,162,calib,"15876,15877,15878,15879,15880"
92,"[np.int64(15877), np.int64(15878), np.int64(15879), np.int64(15880), np.int64(15881)]",15882,21615,12-25-04.343622,161,calib,"15877,15878,15879,15880,15881"
92,"[np.int64(15878), np.int64(15879), np.int64(15880), np.int64(15881), np.int64(15882)]",15883,21616,12-25-04.443576,161,calib,"15878,15879,15880,15881,15882"
92,"[np.int64(15879), np.int64(15880), np.int64(15881), np.int64(15882), np.int64(15883)]",15884,21617,12-25-04.543409,162,calib,"15879,15880,15881,15882,15883"
92,"[np.int64(15880), np.int64(15881), np.int64(15882), np.int64(15883), np.int64(15884)]",15885,21618,12-25-04.644314,162,calib,"15880,15881,15882,15883,15884"
92,"[np.int64(15881), np.int64(15882), np.int64(15883), np.int64(15884), np.int64(15885)]",15886,21619,12-25-04.743333,162,calib,"15881,15882,15883,15884,15885"
92,"[np.int64(15882), np.int64(15883), np.int64(15884), np.int64(15885), np.int64(15886)]",15887,21620,12-25-04.843328,162,calib,"15882,15883,15884,15885,15886"
92,"[np.int64(15883), np.int64(15884), np.int64(15885), np.int64(15886), np.int64(15887)]",15888,21621,12-25-04.943585,162,calib,"15883,15884,15885,15886,15887"
92,"[np.int64(15884), np.int64(15885), np.int64(15886), np.int64(15887), np.int64(15888)]",15889,21622,12-25-05.044018,162,calib,"15884,15885,15886,15887,15888"
92,"[np.int64(15885), np.int64(15886), np.int64(15887), np.int64(15888), np.int64(15889)]",15890,21623,12-25-05.143972,162,calib,"15885,15886,15887,15888,15889"
92,"[np.int64(15886), np.int64(15887), np.int64(15888), np.int64(15889), np.int64(15890)]",15891,21624,12-25-05.243832,162,calib,"15886,15887,15888,15889,15890"
92,"[np.int64(15887), np.int64(15888), np.int64(15889), np.int64(15890), np.int64(15891)]",15892,21625,12-25-05.344039,162,calib,"15887,15888,15889,15890,15891"
92,"[np.int64(15888), np.int64(15889), np.int64(15890), np.int64(15891), np.int64(15892)]",15893,21626,12-25-05.444264,162,calib,"15888,15889,15890,15891,15892"
92,"[np.int64(15889), np.int64(15890), np.int64(15891), np.int64(15892), np.int64(15893)]",15894,21627,12-25-05.544108,162,calib,"15889,15890,15891,15892,15893"
92,"[np.int64(15890), np.int64(15891), np.int64(15892), np.int64(15893), np.int64(15894)]",15895,21628,12-25-05.644272,161,calib,"15890,15891,15892,15893,15894"
92,"[np.int64(15891), np.int64(15892), np.int64(15893), np.int64(15894), np.int64(15895)]",15896,21629,12-25-05.744049,162,calib,"15891,15892,15893,15894,15895"
92,"[np.int64(15892), np.int64(15893), np.int64(15894), np.int64(15895), np.int64(15896)]",15897,21630,12-25-05.843520,162,calib,"15892,15893,15894,15895,15896"
92,"[np.int64(15893), np.int64(15894), np.int64(15895), np.int64(15896), np.int64(15897)]",15898,21631,12-25-05.943485,162,calib,"15893,15894,15895,15896,15897"
92,"[np.int64(15894), np.int64(15895), np.int64(15896), np.int64(15897), np.int64(15898)]",15899,21632,12-25-06.043619,162,calib,"15894,15895,15896,15897,15898"
92,"[np.int64(15895), np.int64(15896), np.int64(15897), np.int64(15898), np.int64(15899)]",15900,21633,12-25-06.143620,162,calib,"15895,15896,15897,15898,15899"
92,"[np.int64(15896), np.int64(15897), np.int64(15898), np.int64(15899), np.int64(15900)]",15901,21634,12-25-06.244055,162,calib,"15896,15897,15898,15899,15900"
92,"[np.int64(15897), np.int64(15898), np.int64(15899), np.int64(15900), np.int64(15901)]",15902,21635,12-25-06.343332,162,calib,"15897,15898,15899,15900,15901"
92,"[np.int64(15898), np.int64(15899), np.int64(15900), np.int64(15901), np.int64(15902)]",15903,21636,12-25-06.444234,162,calib,"15898,15899,15900,15901,15902"
92,"[np.int64(15899), np.int64(15900), np.int64(15901), np.int64(15902), np.int64(15903)]",15904,21637,12-25-06.543901,162,calib,"15899,15900,15901,15902,15903"
92,"[np.int64(15900), np.int64(15901), np.int64(15902), np.int64(15903), np.int64(15904)]",15905,21638,12-25-06.643570,162,calib,"15900,15901,15902,15903,15904"
92,"[np.int64(15901), np.int64(15902), np.int64(15903), np.int64(15904), np.int64(15905)]",15906,21639,12-25-06.743749,162,calib,"15901,15902,15903,15904,15905"
92,"[np.int64(15902), np.int64(15903), np.int64(15904), np.int64(15905), np.int64(15906)]",15907,21640,12-25-06.844063,162,calib,"15902,15903,15904,15905,15906"
92,"[np.int64(15903), np.int64(15904), np.int64(15905), np.int64(15906), np.int64(15907)]",15908,21641,12-25-06.943617,162,calib,"15903,15904,15905,15906,15907"
92,"[np.int64(15904), np.int64(15905), np.int64(15906), np.int64(15907), np.int64(15908)]",15909,21642,12-25-07.044248,162,calib,"15904,15905,15906,15907,15908"
92,"[np.int64(15905), np.int64(15906), np.int64(15907), np.int64(15908), np.int64(15909)]",15910,21643,12-25-07.144239,162,calib,"15905,15906,15907,15908,15909"
92,"[np.int64(15906), np.int64(15907), np.int64(15908), np.int64(15909), np.int64(15910)]",15911,21644,12-25-07.243409,162,calib,"15906,15907,15908,15909,15910"
92,"[np.int64(15907), np.int64(15908), np.int64(15909), np.int64(15910), np.int64(15911)]",15912,21645,12-25-07.343845,162,calib,"15907,15908,15909,15910,15911"
92,"[np.int64(15908), np.int64(15909), np.int64(15910), np.int64(15911), np.int64(15912)]",15913,21646,12-25-07.444178,162,calib,"15908,15909,15910,15911,15912"
92,"[np.int64(15909), np.int64(15910), np.int64(15911), np.int64(15912), np.int64(15913)]",15914,21647,12-25-07.543750,162,calib,"15909,15910,15911,15912,15913"
92,"[np.int64(15910), np.int64(15911), np.int64(15912), np.int64(15913), np.int64(15914)]",15915,21648,12-25-07.643423,162,calib,"15910,15911,15912,15913,15914"
92,"[np.int64(15911), np.int64(15912), np.int64(15913), np.int64(15914), np.int64(15915)]",15916,21649,12-25-07.743620,162,calib,"15911,15912,15913,15914,15915"
92,"[np.int64(15912), np.int64(15913), np.int64(15914), np.int64(15915), np.int64(15916)]",15917,21650,12-25-07.843733,162,calib,"15912,15913,15914,15915,15916"
92,"[np.int64(15913), np.int64(15914), np.int64(15915), np.int64(15916), np.int64(15917)]",15918,21651,12-25-07.943622,162,calib,"15913,15914,15915,15916,15917"
92,"[np.int64(15914), np.int64(15915), np.int64(15916), np.int64(15917), np.int64(15918)]",15919,21652,12-25-08.043932,162,calib,"15914,15915,15916,15917,15918"
92,"[np.int64(15915), np.int64(15916), np.int64(15917), np.int64(15918), np.int64(15919)]",15920,21653,12-25-08.143320,162,calib,"15915,15916,15917,15918,15919"
92,"[np.int64(15916), np.int64(15917), np.int64(15918), np.int64(15919), np.int64(15920)]",15921,21654,12-25-08.243606,162,calib,"15916,15917,15918,15919,15920"
92,"[np.int64(15917), np.int64(15918), np.int64(15919), np.int64(15920), np.int64(15921)]",15922,21655,12-25-08.344167,161,calib,"15917,15918,15919,15920,15921"
92,"[np.int64(15918), np.int64(15919), np.int64(15920), np.int64(15921), np.int64(15922)]",15923,21656,12-25-08.443391,162,calib,"15918,15919,15920,15921,15922"
92,"[np.int64(15919), np.int64(15920), np.int64(15921), np.int64(15922), np.int64(15923)]",15924,21657,12-25-08.543646,162,calib,"15919,15920,15921,15922,15923"
92,"[np.int64(15920), np.int64(15921), np.int64(15922), np.int64(15923), np.int64(15924)]",15925,21658,12-25-08.644211,162,calib,"15920,15921,15922,15923,15924"
92,"[np.int64(15921), np.int64(15922), np.int64(15923), np.int64(15924), np.int64(15925)]",15926,21659,12-25-08.743385,162,calib,"15921,15922,15923,15924,15925"
92,"[np.int64(15922), np.int64(15923), np.int64(15924), np.int64(15925), np.int64(15926)]",15927,21660,12-25-08.844266,161,calib,"15922,15923,15924,15925,15926"
92,"[np.int64(15923), np.int64(15924), np.int64(15925), np.int64(15926), np.int64(15927)]",15928,21661,12-25-08.944157,161,calib,"15923,15924,15925,15926,15927"
92,"[np.int64(15924), np.int64(15925), np.int64(15926), np.int64(15927), np.int64(15928)]",15929,21662,12-25-09.044125,161,calib,"15924,15925,15926,15927,15928"
92,"[np.int64(15925), np.int64(15926), np.int64(15927), np.int64(15928), np.int64(15929)]",15930,21663,12-25-09.143477,161,calib,"15925,15926,15927,15928,15929"
92,"[np.int64(15926), np.int64(15927), np.int64(15928), np.int64(15929), np.int64(15930)]",15931,21664,12-25-09.243975,161,calib,"15926,15927,15928,15929,15930"
92,"[np.int64(15927), np.int64(15928), np.int64(15929), np.int64(15930), np.int64(15931)]",15932,21665,12-25-09.343885,161,calib,"15927,15928,15929,15930,15931"
92,"[np.int64(15928), np.int64(15929), np.int64(15930), np.int64(15931), np.int64(15932)]",15933,21666,12-25-09.443383,162,calib,"15928,15929,15930,15931,15932"
92,"[np.int64(15929), np.int64(15930), np.int64(15931), np.int64(15932), np.int64(15933)]",15934,21667,12-25-09.544211,162,calib,"15929,15930,15931,15932,15933"
92,"[np.int64(15930), np.int64(15931), np.int64(15932), np.int64(15933), np.int64(15934)]",15935,21668,12-25-09.643835,161,calib,"15930,15931,15932,15933,15934"
92,"[np.int64(15931), np.int64(15932), np.int64(15933), np.int64(15934), np.int64(15935)]",15936,21669,12-25-09.743924,161,calib,"15931,15932,15933,15934,15935"
92,"[np.int64(15932), np.int64(15933), np.int64(15934), np.int64(15935), np.int64(15936)]",15937,21670,12-25-09.844226,161,calib,"15932,15933,15934,15935,15936"
92,"[np.int64(15933), np.int64(15934), np.int64(15935), np.int64(15936), np.int64(15937)]",15938,21671,12-25-09.944175,162,calib,"15933,15934,15935,15936,15937"
92,"[np.int64(15934), np.int64(15935), np.int64(15936), np.int64(15937), np.int64(15938)]",15939,21672,12-25-10.044184,161,calib,"15934,15935,15936,15937,15938"
92,"[np.int64(15935), np.int64(15936), np.int64(15937), np.int64(15938), np.int64(15939)]",15940,21673,12-25-10.143966,162,calib,"15935,15936,15937,15938,15939"
92,"[np.int64(15936), np.int64(15937), np.int64(15938), np.int64(15939), np.int64(15940)]",15941,21674,12-25-10.243543,162,calib,"15936,15937,15938,15939,15940"
92,"[np.int64(15937), np.int64(15938), np.int64(15939), np.int64(15940), np.int64(15941)]",15942,21675,12-25-10.343836,161,calib,"15937,15938,15939,15940,15941"
92,"[np.int64(15938), np.int64(15939), np.int64(15940), np.int64(15941), np.int64(15942)]",15943,21676,12-25-10.443623,161,calib,"15938,15939,15940,15941,15942"
92,"[np.int64(15939), np.int64(15940), np.int64(15941), np.int64(15942), np.int64(15943)]",15944,21677,12-25-10.544276,161,calib,"15939,15940,15941,15942,15943"
92,"[np.int64(15940), np.int64(15941), np.int64(15942), np.int64(15943), np.int64(15944)]",15945,21678,12-25-10.644155,161,calib,"15940,15941,15942,15943,15944"
92,"[np.int64(15941), np.int64(15942), np.int64(15943), np.int64(15944), np.int64(15945)]",15946,21679,12-25-10.743550,161,calib,"15941,15942,15943,15944,15945"
92,"[np.int64(15942), np.int64(15943), np.int64(15944), np.int64(15945), np.int64(15946)]",15947,21680,12-25-10.843596,161,calib,"15942,15943,15944,15945,15946"
92,"[np.int64(15943), np.int64(15944), np.int64(15945), np.int64(15946), np.int64(15947)]",15948,21681,12-25-10.943553,161,calib,"15943,15944,15945,15946,15947"
92,"[np.int64(15944), np.int64(15945), np.int64(15946), np.int64(15947), np.int64(15948)]",15949,21682,12-25-11.043779,160,calib,"15944,15945,15946,15947,15948"
92,"[np.int64(15945), np.int64(15946), np.int64(15947), np.int64(15948), np.int64(15949)]",15950,21683,12-25-11.144273,160,calib,"15945,15946,15947,15948,15949"
92,"[np.int64(15946), np.int64(15947), np.int64(15948), np.int64(15949), np.int64(15950)]",15951,21684,12-25-11.243736,161,calib,"15946,15947,15948,15949,15950"
92,"[np.int64(15947), np.int64(15948), np.int64(15949), np.int64(15950), np.int64(15951)]",15952,21685,12-25-11.344049,160,calib,"15947,15948,15949,15950,15951"
92,"[np.int64(15948), np.int64(15949), np.int64(15950), np.int64(15951), np.int64(15952)]",15953,21686,12-25-11.444096,161,calib,"15948,15949,15950,15951,15952"
92,"[np.int64(15949), np.int64(15950), np.int64(15951), np.int64(15952), np.int64(15953)]",15954,21687,12-25-11.543287,161,calib,"15949,15950,15951,15952,15953"
92,"[np.int64(15950), np.int64(15951), np.int64(15952), np.int64(15953), np.int64(15954)]",15955,21688,12-25-11.643829,161,calib,"15950,15951,15952,15953,15954"
92,"[np.int64(15951), np.int64(15952), np.int64(15953), np.int64(15954), np.int64(15955)]",15956,21689,12-25-11.744067,161,calib,"15951,15952,15953,15954,15955"
92,"[np.int64(15952), np.int64(15953), np.int64(15954), np.int64(15955), np.int64(15956)]",15957,21690,12-25-11.844000,161,calib,"15952,15953,15954,15955,15956"
92,"[np.int64(15953), np.int64(15954), np.int64(15955), np.int64(15956), np.int64(15957)]",15958,21691,12-25-11.944183,161,calib,"15953,15954,15955,15956,15957"
92,"[np.int64(15954), np.int64(15955), np.int64(15956), np.int64(15957), np.int64(15958)]",15959,21692,12-25-12.044265,140,calib,"15954,15955,15956,15957,15958"
92,"[np.int64(15955), np.int64(15956), np.int64(15957), np.int64(15958), np.int64(15959)]",15960,21693,12-25-12.144024,162,calib,"15955,15956,15957,15958,15959"
92,"[np.int64(15956), np.int64(15957), np.int64(15958), np.int64(15959), np.int64(15960)]",15961,21694,12-25-12.243481,161,calib,"15956,15957,15958,15959,15960"
92,"[np.int64(15957), np.int64(15958), np.int64(15959), np.int64(15960), np.int64(15961)]",15962,21695,12-25-12.343476,161,calib,"15957,15958,15959,15960,15961"
92,"[np.int64(15958), np.int64(15959), np.int64(15960), np.int64(15961), np.int64(15962)]",15963,21696,12-25-12.443419,161,calib,"15958,15959,15960,15961,15962"
92,"[np.int64(15959), np.int64(15960), np.int64(15961), np.int64(15962), np.int64(15963)]",15964,21697,12-25-12.544045,161,calib,"15959,15960,15961,15962,15963"
92,"[np.int64(15960), np.int64(15961), np.int64(15962), np.int64(15963), np.int64(15964)]",15965,21698,12-25-12.643462,135,calib,"15960,15961,15962,15963,15964"
92,"[np.int64(15961), np.int64(15962), np.int64(15963), np.int64(15964), np.int64(15965)]",15966,21699,12-25-12.743537,161,calib,"15961,15962,15963,15964,15965"
92,"[np.int64(15962), np.int64(15963), np.int64(15964), np.int64(15965), np.int64(15966)]",15967,21700,12-25-12.844290,160,calib,"15962,15963,15964,15965,15966"
92,"[np.int64(15963), np.int64(15964), np.int64(15965), np.int64(15966), np.int64(15967)]",15968,21701,12-25-12.943723,161,calib,"15963,15964,15965,15966,15967"
92,"[np.int64(15964), np.int64(15965), np.int64(15966), np.int64(15967), np.int64(15968)]",15969,21702,12-25-13.044247,161,calib,"15964,15965,15966,15967,15968"
92,"[np.int64(15965), np.int64(15966), np.int64(15967), np.int64(15968), np.int64(15969)]",15970,21703,12-25-13.143705,160,calib,"15965,15966,15967,15968,15969"
92,"[np.int64(15966), np.int64(15967), np.int64(15968), np.int64(15969), np.int64(15970)]",15971,21704,12-25-13.243413,160,calib,"15966,15967,15968,15969,15970"
92,"[np.int64(15967), np.int64(15968), np.int64(15969), np.int64(15970), np.int64(15971)]",15972,21705,12-25-13.344050,160,calib,"15967,15968,15969,15970,15971"
92,"[np.int64(15968), np.int64(15969), np.int64(15970), np.int64(15971), np.int64(15972)]",15973,21706,12-25-13.443672,160,calib,"15968,15969,15970,15971,15972"
92,"[np.int64(15969), np.int64(15970), np.int64(15971), np.int64(15972), np.int64(15973)]",15974,21707,12-25-13.543618,160,calib,"15969,15970,15971,15972,15973"
92,"[np.int64(15970), np.int64(15971), np.int64(15972), np.int64(15973), np.int64(15974)]",15975,21708,12-25-13.643484,161,calib,"15970,15971,15972,15973,15974"
92,"[np.int64(15971), np.int64(15972), np.int64(15973), np.int64(15974), np.int64(15975)]",15976,21709,12-25-13.743600,161,calib,"15971,15972,15973,15974,15975"
92,"[np.int64(15972), np.int64(15973), np.int64(15974), np.int64(15975), np.int64(15976)]",15977,21710,12-25-13.844291,161,calib,"15972,15973,15974,15975,15976"
92,"[np.int64(15973), np.int64(15974), np.int64(15975), np.int64(15976), np.int64(15977)]",15978,21711,12-25-13.943839,160,calib,"15973,15974,15975,15976,15977"
92,"[np.int64(15974), np.int64(15975), np.int64(15976), np.int64(15977), np.int64(15978)]",15979,21712,12-25-14.043621,161,calib,"15974,15975,15976,15977,15978"
92,"[np.int64(15975), np.int64(15976), np.int64(15977), np.int64(15978), np.int64(15979)]",15980,21713,12-25-14.143400,161,calib,"15975,15976,15977,15978,15979"
92,"[np.int64(15976), np.int64(15977), np.int64(15978), np.int64(15979), np.int64(15980)]",15981,21714,12-25-14.243738,160,calib,"15976,15977,15978,15979,15980"
92,"[np.int64(15977), np.int64(15978), np.int64(15979), np.int64(15980), np.int64(15981)]",15982,21715,12-25-14.343622,161,calib,"15977,15978,15979,15980,15981"
92,"[np.int64(15978), np.int64(15979), np.int64(15980), np.int64(15981), np.int64(15982)]",15983,21716,12-25-14.444231,161,calib,"15978,15979,15980,15981,15982"
92,"[np.int64(15979), np.int64(15980), np.int64(15981), np.int64(15982), np.int64(15983)]",15984,21717,12-25-14.544266,161,calib,"15979,15980,15981,15982,15983"
92,"[np.int64(15980), np.int64(15981), np.int64(15982), np.int64(15983), np.int64(15984)]",15985,21718,12-25-14.643671,161,calib,"15980,15981,15982,15983,15984"
92,"[np.int64(15981), np.int64(15982), np.int64(15983), np.int64(15984), np.int64(15985)]",15986,21719,12-25-14.744191,161,calib,"15981,15982,15983,15984,15985"
92,"[np.int64(15982), np.int64(15983), np.int64(15984), np.int64(15985), np.int64(15986)]",15987,21720,12-25-14.843683,162,calib,"15982,15983,15984,15985,15986"
92,"[np.int64(15983), np.int64(15984), np.int64(15985), np.int64(15986), np.int64(15987)]",15988,21721,12-25-14.943299,162,calib,"15983,15984,15985,15986,15987"
92,"[np.int64(15984), np.int64(15985), np.int64(15986), np.int64(15987), np.int64(15988)]",15989,21722,12-25-15.044201,162,calib,"15984,15985,15986,15987,15988"
92,"[np.int64(15985), np.int64(15986), np.int64(15987), np.int64(15988), np.int64(15989)]",15990,21723,12-25-15.143369,162,calib,"15985,15986,15987,15988,15989"
92,"[np.int64(15986), np.int64(15987), np.int64(15988), np.int64(15989), np.int64(15990)]",15991,21724,12-25-15.243778,163,calib,"15986,15987,15988,15989,15990"
92,"[np.int64(15987), np.int64(15988), np.int64(15989), np.int64(15990), np.int64(15991)]",15992,21725,12-25-15.343732,162,calib,"15987,15988,15989,15990,15991"
92,"[np.int64(15988), np.int64(15989), np.int64(15990), np.int64(15991), np.int64(15992)]",15993,21726,12-25-15.444060,162,calib,"15988,15989,15990,15991,15992"
92,"[np.int64(15989), np.int64(15990), np.int64(15991), np.int64(15992), np.int64(15993)]",15994,21727,12-25-15.543493,162,calib,"15989,15990,15991,15992,15993"
92,"[np.int64(15990), np.int64(15991), np.int64(15992), np.int64(15993), np.int64(15994)]",15995,21728,12-25-15.643734,163,calib,"15990,15991,15992,15993,15994"
92,"[np.int64(15991), np.int64(15992), np.int64(15993), np.int64(15994), np.int64(15995)]",15996,21729,12-25-15.743786,163,calib,"15991,15992,15993,15994,15995"
92,"[np.int64(15992), np.int64(15993), np.int64(15994), np.int64(15995), np.int64(15996)]",15997,21730,12-25-15.843787,163,calib,"15992,15993,15994,15995,15996"
92,"[np.int64(15993), np.int64(15994), np.int64(15995), np.int64(15996), np.int64(15997)]",15998,21731,12-25-15.943979,163,calib,"15993,15994,15995,15996,15997"
92,"[np.int64(15994), np.int64(15995), np.int64(15996), np.int64(15997), np.int64(15998)]",15999,21732,12-25-16.043835,164,calib,"15994,15995,15996,15997,15998"
92,"[np.int64(15995), np.int64(15996), np.int64(15997), np.int64(15998), np.int64(15999)]",16000,21733,12-25-16.143274,163,calib,"15995,15996,15997,15998,15999"
92,"[np.int64(15996), np.int64(15997), np.int64(15998), np.int64(15999), np.int64(16000)]",16001,21734,12-25-16.243429,163,calib,"15996,15997,15998,15999,16000"
92,"[np.int64(15997), np.int64(15998), np.int64(15999), np.int64(16000), np.int64(16001)]",16002,21735,12-25-16.343552,163,calib,"15997,15998,15999,16000,16001"
92,"[np.int64(15998), np.int64(15999), np.int64(16000), np.int64(16001), np.int64(16002)]",16003,21736,12-25-16.443977,163,calib,"15998,15999,16000,16001,16002"
92,"[np.int64(15999), np.int64(16000), np.int64(16001), np.int64(16002), np.int64(16003)]",16004,21737,12-25-16.543729,163,calib,"15999,16000,16001,16002,16003"
92,"[np.int64(16000), np.int64(16001), np.int64(16002), np.int64(16003), np.int64(16004)]",16005,21738,12-25-16.643583,163,calib,"16000,16001,16002,16003,16004"
92,"[np.int64(16001), np.int64(16002), np.int64(16003), np.int64(16004), np.int64(16005)]",16006,21739,12-25-16.744226,162,calib,"16001,16002,16003,16004,16005"
92,"[np.int64(16002), np.int64(16003), np.int64(16004), np.int64(16005), np.int64(16006)]",16007,21740,12-25-16.844296,163,calib,"16002,16003,16004,16005,16006"
92,"[np.int64(16003), np.int64(16004), np.int64(16005), np.int64(16006), np.int64(16007)]",16008,21741,12-25-16.943724,162,calib,"16003,16004,16005,16006,16007"
92,"[np.int64(16004), np.int64(16005), np.int64(16006), np.int64(16007), np.int64(16008)]",16009,21742,12-25-17.043770,162,calib,"16004,16005,16006,16007,16008"
92,"[np.int64(16005), np.int64(16006), np.int64(16007), np.int64(16008), np.int64(16009)]",16010,21743,12-25-17.143567,162,calib,"16005,16006,16007,16008,16009"
92,"[np.int64(16006), np.int64(16007), np.int64(16008), np.int64(16009), np.int64(16010)]",16011,21744,12-25-17.243532,162,calib,"16006,16007,16008,16009,16010"
92,"[np.int64(16007), np.int64(16008), np.int64(16009), np.int64(16010), np.int64(16011)]",16012,21745,12-25-17.343267,161,calib,"16007,16008,16009,16010,16011"
92,"[np.int64(16008), np.int64(16009), np.int64(16010), np.int64(16011), np.int64(16012)]",16013,21746,12-25-17.443512,161,calib,"16008,16009,16010,16011,16012"
92,"[np.int64(16009), np.int64(16010), np.int64(16011), np.int64(16012), np.int64(16013)]",16014,21747,12-25-17.543618,160,calib,"16009,16010,16011,16012,16013"
92,"[np.int64(16010), np.int64(16011), np.int64(16012), np.int64(16013), np.int64(16014)]",16015,21748,12-25-17.643749,160,calib,"16010,16011,16012,16013,16014"
92,"[np.int64(16011), np.int64(16012), np.int64(16013), np.int64(16014), np.int64(16015)]",16016,21749,12-25-17.743234,159,calib,"16011,16012,16013,16014,16015"
92,"[np.int64(16012), np.int64(16013), np.int64(16014), np.int64(16015), np.int64(16016)]",16017,21750,12-25-17.843830,158,calib,"16012,16013,16014,16015,16016"
92,"[np.int64(16013), np.int64(16014), np.int64(16015), np.int64(16016), np.int64(16017)]",16018,21751,12-25-17.943532,158,calib,"16013,16014,16015,16016,16017"
92,"[np.int64(16014), np.int64(16015), np.int64(16016), np.int64(16017), np.int64(16018)]",16019,21752,12-25-18.043565,158,calib,"16014,16015,16016,16017,16018"
92,"[np.int64(16015), np.int64(16016), np.int64(16017), np.int64(16018), np.int64(16019)]",16020,21753,12-25-18.143916,157,calib,"16015,16016,16017,16018,16019"
92,"[np.int64(16016), np.int64(16017), np.int64(16018), np.int64(16019), np.int64(16020)]",16021,21754,12-25-18.243844,156,calib,"16016,16017,16018,16019,16020"
92,"[np.int64(16017), np.int64(16018), np.int64(16019), np.int64(16020), np.int64(16021)]",16022,21755,12-25-18.343617,156,calib,"16017,16018,16019,16020,16021"
92,"[np.int64(16018), np.int64(16019), np.int64(16020), np.int64(16021), np.int64(16022)]",16023,21756,12-25-18.443840,155,calib,"16018,16019,16020,16021,16022"
92,"[np.int64(16019), np.int64(16020), np.int64(16021), np.int64(16022), np.int64(16023)]",16024,21757,12-25-18.543834,153,calib,"16019,16020,16021,16022,16023"
92,"[np.int64(16020), np.int64(16021), np.int64(16022), np.int64(16023), np.int64(16024)]",16025,21758,12-25-18.643327,153,calib,"16020,16021,16022,16023,16024"
92,"[np.int64(16021), np.int64(16022), np.int64(16023), np.int64(16024), np.int64(16025)]",16026,21759,12-25-18.743443,152,calib,"16021,16022,16023,16024,16025"
92,"[np.int64(16022), np.int64(16023), np.int64(16024), np.int64(16025), np.int64(16026)]",16027,21760,12-25-18.843869,150,calib,"16022,16023,16024,16025,16026"
92,"[np.int64(16023), np.int64(16024), np.int64(16025), np.int64(16026), np.int64(16027)]",16028,21761,12-25-18.943640,149,calib,"16023,16024,16025,16026,16027"
92,"[np.int64(16024), np.int64(16025), np.int64(16026), np.int64(16027), np.int64(16028)]",16029,21762,12-25-19.043952,148,calib,"16024,16025,16026,16027,16028"
92,"[np.int64(16025), np.int64(16026), np.int64(16027), np.int64(16028), np.int64(16029)]",16030,21763,12-25-19.143836,148,calib,"16025,16026,16027,16028,16029"
92,"[np.int64(16026), np.int64(16027), np.int64(16028), np.int64(16029), np.int64(16030)]",16031,21764,12-25-19.243696,146,calib,"16026,16027,16028,16029,16030"
92,"[np.int64(16027), np.int64(16028), np.int64(16029), np.int64(16030), np.int64(16031)]",16032,21765,12-25-19.344166,146,calib,"16027,16028,16029,16030,16031"
92,"[np.int64(16028), np.int64(16029), np.int64(16030), np.int64(16031), np.int64(16032)]",16033,21766,12-25-19.444278,144,calib,"16028,16029,16030,16031,16032"
92,"[np.int64(16029), np.int64(16030), np.int64(16031), np.int64(16032), np.int64(16033)]",16034,21767,12-25-19.544006,143,calib,"16029,16030,16031,16032,16033"
92,"[np.int64(16030), np.int64(16031), np.int64(16032), np.int64(16033), np.int64(16034)]",16035,21768,12-25-19.643940,143,calib,"16030,16031,16032,16033,16034"
92,"[np.int64(16031), np.int64(16032), np.int64(16033), np.int64(16034), np.int64(16035)]",16036,21769,12-25-19.743335,141,calib,"16031,16032,16033,16034,16035"
92,"[np.int64(16032), np.int64(16033), np.int64(16034), np.int64(16035), np.int64(16036)]",16037,21770,12-25-19.843632,140,calib,"16032,16033,16034,16035,16036"
92,"[np.int64(16033), np.int64(16034), np.int64(16035), np.int64(16036), np.int64(16037)]",16038,21771,12-25-19.943454,139,calib,"16033,16034,16035,16036,16037"
92,"[np.int64(16034), np.int64(16035), np.int64(16036), np.int64(16037), np.int64(16038)]",16039,21772,12-25-20.043618,139,calib,"16034,16035,16036,16037,16038"
92,"[np.int64(16035), np.int64(16036), np.int64(16037), np.int64(16038), np.int64(16039)]",16040,21773,12-25-20.143682,138,calib,"16035,16036,16037,16038,16039"
92,"[np.int64(16036), np.int64(16037), np.int64(16038), np.int64(16039), np.int64(16040)]",16041,21774,12-25-20.243580,136,calib,"16036,16037,16038,16039,16040"
92,"[np.int64(16037), np.int64(16038), np.int64(16039), np.int64(16040), np.int64(16041)]",16042,21775,12-25-20.344121,136,calib,"16037,16038,16039,16040,16041"
92,"[np.int64(16038), np.int64(16039), np.int64(16040), np.int64(16041), np.int64(16042)]",16043,21776,12-25-20.443582,135,calib,"16038,16039,16040,16041,16042"
92,"[np.int64(16039), np.int64(16040), np.int64(16041), np.int64(16042), np.int64(16043)]",16044,21777,12-25-20.543585,133,calib,"16039,16040,16041,16042,16043"
92,"[np.int64(16040), np.int64(16041), np.int64(16042), np.int64(16043), np.int64(16044)]",16045,21778,12-25-20.644175,133,calib,"16040,16041,16042,16043,16044"
92,"[np.int64(16041), np.int64(16042), np.int64(16043), np.int64(16044), np.int64(16045)]",16046,21779,12-25-20.743427,133,calib,"16041,16042,16043,16044,16045"
92,"[np.int64(16042), np.int64(16043), np.int64(16044), np.int64(16045), np.int64(16046)]",16047,21780,12-25-20.844210,133,calib,"16042,16043,16044,16045,16046"
92,"[np.int64(16043), np.int64(16044), np.int64(16045), np.int64(16046), np.int64(16047)]",16048,21781,12-25-20.943917,132,calib,"16043,16044,16045,16046,16047"
92,"[np.int64(16044), np.int64(16045), np.int64(16046), np.int64(16047), np.int64(16048)]",16049,21782,12-25-21.043850,132,calib,"16044,16045,16046,16047,16048"
92,"[np.int64(16045), np.int64(16046), np.int64(16047), np.int64(16048), np.int64(16049)]",16050,21783,12-25-21.143676,132,calib,"16045,16046,16047,16048,16049"
92,"[np.int64(16046), np.int64(16047), np.int64(16048), np.int64(16049), np.int64(16050)]",16051,21784,12-25-21.243359,132,calib,"16046,16047,16048,16049,16050"
92,"[np.int64(16047), np.int64(16048), np.int64(16049), np.int64(16050), np.int64(16051)]",16052,21785,12-25-21.343837,132,calib,"16047,16048,16049,16050,16051"
92,"[np.int64(16048), np.int64(16049), np.int64(16050), np.int64(16051), np.int64(16052)]",16053,21786,12-25-21.443620,132,calib,"16048,16049,16050,16051,16052"
92,"[np.int64(16049), np.int64(16050), np.int64(16051), np.int64(16052), np.int64(16053)]",16054,21787,12-25-21.543890,132,calib,"16049,16050,16051,16052,16053"
92,"[np.int64(16050), np.int64(16051), np.int64(16052), np.int64(16053), np.int64(16054)]",16055,21788,12-25-21.643739,131,calib,"16050,16051,16052,16053,16054"
92,"[np.int64(16051), np.int64(16052), np.int64(16053), np.int64(16054), np.int64(16055)]",16056,21789,12-25-21.743356,133,calib,"16051,16052,16053,16054,16055"
92,"[np.int64(16052), np.int64(16053), np.int64(16054), np.int64(16055), np.int64(16056)]",16057,21790,12-25-21.843837,133,calib,"16052,16053,16054,16055,16056"
92,"[np.int64(16053), np.int64(16054), np.int64(16055), np.int64(16056), np.int64(16057)]",16058,21791,12-25-21.943418,133,calib,"16053,16054,16055,16056,16057"
92,"[np.int64(16054), np.int64(16055), np.int64(16056), np.int64(16057), np.int64(16058)]",16059,21792,12-25-22.043371,133,calib,"16054,16055,16056,16057,16058"
92,"[np.int64(16055), np.int64(16056), np.int64(16057), np.int64(16058), np.int64(16059)]",16060,21793,12-25-22.144015,135,calib,"16055,16056,16057,16058,16059"
92,"[np.int64(16056), np.int64(16057), np.int64(16058), np.int64(16059), np.int64(16060)]",16061,21794,12-25-22.243833,136,calib,"16056,16057,16058,16059,16060"
92,"[np.int64(16057), np.int64(16058), np.int64(16059), np.int64(16060), np.int64(16061)]",16062,21795,12-25-22.343620,136,calib,"16057,16058,16059,16060,16061"
92,"[np.int64(16058), np.int64(16059), np.int64(16060), np.int64(16061), np.int64(16062)]",16063,21796,12-25-22.443511,138,calib,"16058,16059,16060,16061,16062"
92,"[np.int64(16059), np.int64(16060), np.int64(16061), np.int64(16062), np.int64(16063)]",16064,21797,12-25-22.543570,139,calib,"16059,16060,16061,16062,16063"
92,"[np.int64(16060), np.int64(16061), np.int64(16062), np.int64(16063), np.int64(16064)]",16065,21798,12-25-22.643292,140,calib,"16060,16061,16062,16063,16064"
92,"[np.int64(16061), np.int64(16062), np.int64(16063), np.int64(16064), np.int64(16065)]",16066,21799,12-25-22.743535,141,calib,"16061,16062,16063,16064,16065"
92,"[np.int64(16062), np.int64(16063), np.int64(16064), np.int64(16065), np.int64(16066)]",16067,21800,12-25-22.843301,143,calib,"16062,16063,16064,16065,16066"
92,"[np.int64(16063), np.int64(16064), np.int64(16065), np.int64(16066), np.int64(16067)]",16068,21801,12-25-22.943424,143,calib,"16063,16064,16065,16066,16067"
92,"[np.int64(16064), np.int64(16065), np.int64(16066), np.int64(16067), np.int64(16068)]",16069,21802,12-25-23.044262,144,calib,"16064,16065,16066,16067,16068"
92,"[np.int64(16065), np.int64(16066), np.int64(16067), np.int64(16068), np.int64(16069)]",16070,21803,12-25-23.144010,145,calib,"16065,16066,16067,16068,16069"
92,"[np.int64(16066), np.int64(16067), np.int64(16068), np.int64(16069), np.int64(16070)]",16071,21804,12-25-23.243262,146,calib,"16066,16067,16068,16069,16070"
92,"[np.int64(16067), np.int64(16068), np.int64(16069), np.int64(16070), np.int64(16071)]",16072,21805,12-25-23.343404,148,calib,"16067,16068,16069,16070,16071"
92,"[np.int64(16068), np.int64(16069), np.int64(16070), np.int64(16071), np.int64(16072)]",16073,21806,12-25-23.443824,148,calib,"16068,16069,16070,16071,16072"
92,"[np.int64(16069), np.int64(16070), np.int64(16071), np.int64(16072), np.int64(16073)]",16074,21807,12-25-23.544247,149,calib,"16069,16070,16071,16072,16073"
92,"[np.int64(16070), np.int64(16071), np.int64(16072), np.int64(16073), np.int64(16074)]",16075,21808,12-25-23.643432,149,calib,"16070,16071,16072,16073,16074"
92,"[np.int64(16071), np.int64(16072), np.int64(16073), np.int64(16074), np.int64(16075)]",16076,21809,12-25-23.743841,150,calib,"16071,16072,16073,16074,16075"
92,"[np.int64(16072), np.int64(16073), np.int64(16074), np.int64(16075), np.int64(16076)]",16077,21810,12-25-23.843529,150,calib,"16072,16073,16074,16075,16076"
92,"[np.int64(16073), np.int64(16074), np.int64(16075), np.int64(16076), np.int64(16077)]",16078,21811,12-25-23.943917,152,calib,"16073,16074,16075,16076,16077"
92,"[np.int64(16074), np.int64(16075), np.int64(16076), np.int64(16077), np.int64(16078)]",16079,21812,12-25-24.044187,152,calib,"16074,16075,16076,16077,16078"
92,"[np.int64(16075), np.int64(16076), np.int64(16077), np.int64(16078), np.int64(16079)]",16080,21813,12-25-24.143405,153,calib,"16075,16076,16077,16078,16079"
92,"[np.int64(16076), np.int64(16077), np.int64(16078), np.int64(16079), np.int64(16080)]",16081,21814,12-25-24.243913,153,calib,"16076,16077,16078,16079,16080"
92,"[np.int64(16077), np.int64(16078), np.int64(16079), np.int64(16080), np.int64(16081)]",16082,21815,12-25-24.343436,153,calib,"16077,16078,16079,16080,16081"
92,"[np.int64(16078), np.int64(16079), np.int64(16080), np.int64(16081), np.int64(16082)]",16083,21816,12-25-24.443851,156,calib,"16078,16079,16080,16081,16082"
92,"[np.int64(16079), np.int64(16080), np.int64(16081), np.int64(16082), np.int64(16083)]",16084,21817,12-25-24.543838,156,calib,"16079,16080,16081,16082,16083"
92,"[np.int64(16080), np.int64(16081), np.int64(16082), np.int64(16083), np.int64(16084)]",16085,21818,12-25-24.644152,157,calib,"16080,16081,16082,16083,16084"
92,"[np.int64(16081), np.int64(16082), np.int64(16083), np.int64(16084), np.int64(16085)]",16086,21819,12-25-24.744080,158,calib,"16081,16082,16083,16084,16085"
92,"[np.int64(16082), np.int64(16083), np.int64(16084), np.int64(16085), np.int64(16086)]",16087,21820,12-25-24.843974,159,calib,"16082,16083,16084,16085,16086"
92,"[np.int64(16083), np.int64(16084), np.int64(16085), np.int64(16086), np.int64(16087)]",16088,21821,12-25-24.943401,160,calib,"16083,16084,16085,16086,16087"
92,"[np.int64(16084), np.int64(16085), np.int64(16086), np.int64(16087), np.int64(16088)]",16089,21822,12-25-25.043469,161,calib,"16084,16085,16086,16087,16088"
92,"[np.int64(16085), np.int64(16086), np.int64(16087), np.int64(16088), np.int64(16089)]",16090,21823,12-25-25.143380,162,calib,"16085,16086,16087,16088,16089"
92,"[np.int64(16086), np.int64(16087), np.int64(16088), np.int64(16089), np.int64(16090)]",16091,21824,12-25-25.243423,163,calib,"16086,16087,16088,16089,16090"
92,"[np.int64(16087), np.int64(16088), np.int64(16089), np.int64(16090), np.int64(16091)]",16092,21825,12-25-25.343655,164,calib,"16087,16088,16089,16090,16091"
92,"[np.int64(16088), np.int64(16089), np.int64(16090), np.int64(16091), np.int64(16092)]",16093,21826,12-25-25.443268,164,calib,"16088,16089,16090,16091,16092"
92,"[np.int64(16089), np.int64(16090), np.int64(16091), np.int64(16092), np.int64(16093)]",16094,21827,12-25-25.543371,165,calib,"16089,16090,16091,16092,16093"
92,"[np.int64(16090), np.int64(16091), np.int64(16092), np.int64(16093), np.int64(16094)]",16095,21828,12-25-25.643502,166,calib,"16090,16091,16092,16093,16094"
92,"[np.int64(16091), np.int64(16092), np.int64(16093), np.int64(16094), np.int64(16095)]",16096,21829,12-25-25.743786,167,calib,"16091,16092,16093,16094,16095"
92,"[np.int64(16092), np.int64(16093), np.int64(16094), np.int64(16095), np.int64(16096)]",16097,21830,12-25-25.843576,168,calib,"16092,16093,16094,16095,16096"
92,"[np.int64(16093), np.int64(16094), np.int64(16095), np.int64(16096), np.int64(16097)]",16098,21831,12-25-25.944233,168,calib,"16093,16094,16095,16096,16097"
92,"[np.int64(16094), np.int64(16095), np.int64(16096), np.int64(16097), np.int64(16098)]",16099,21832,12-25-26.043616,169,calib,"16094,16095,16096,16097,16098"
92,"[np.int64(16095), np.int64(16096), np.int64(16097), np.int64(16098), np.int64(16099)]",16100,21833,12-25-26.143970,170,calib,"16095,16096,16097,16098,16099"
92,"[np.int64(16096), np.int64(16097), np.int64(16098), np.int64(16099), np.int64(16100)]",16101,21834,12-25-26.243329,171,calib,"16096,16097,16098,16099,16100"
92,"[np.int64(16097), np.int64(16098), np.int64(16099), np.int64(16100), np.int64(16101)]",16102,21835,12-25-26.343268,172,calib,"16097,16098,16099,16100,16101"
92,"[np.int64(16098), np.int64(16099), np.int64(16100), np.int64(16101), np.int64(16102)]",16103,21836,12-25-26.444084,174,calib,"16098,16099,16100,16101,16102"
92,"[np.int64(16099), np.int64(16100), np.int64(16101), np.int64(16102), np.int64(16103)]",16104,21837,12-25-26.543556,174,calib,"16099,16100,16101,16102,16103"
92,"[np.int64(16100), np.int64(16101), np.int64(16102), np.int64(16103), np.int64(16104)]",16105,21838,12-25-26.643985,174,calib,"16100,16101,16102,16103,16104"
92,"[np.int64(16101), np.int64(16102), np.int64(16103), np.int64(16104), np.int64(16105)]",16106,21839,12-25-26.743349,175,calib,"16101,16102,16103,16104,16105"
92,"[np.int64(16102), np.int64(16103), np.int64(16104), np.int64(16105), np.int64(16106)]",16107,21840,12-25-26.844136,176,calib,"16102,16103,16104,16105,16106"
92,"[np.int64(16103), np.int64(16104), np.int64(16105), np.int64(16106), np.int64(16107)]",16108,21841,12-25-26.943783,177,calib,"16103,16104,16105,16106,16107"
92,"[np.int64(16104), np.int64(16105), np.int64(16106), np.int64(16107), np.int64(16108)]",16109,21842,12-25-27.044270,178,calib,"16104,16105,16106,16107,16108"
92,"[np.int64(16105), np.int64(16106), np.int64(16107), np.int64(16108), np.int64(16109)]",16110,21843,12-25-27.143730,178,calib,"16105,16106,16107,16108,16109"
92,"[np.int64(16106), np.int64(16107), np.int64(16108), np.int64(16109), np.int64(16110)]",16111,21844,12-25-27.243600,179,calib,"16106,16107,16108,16109,16110"
92,"[np.int64(16107), np.int64(16108), np.int64(16109), np.int64(16110), np.int64(16111)]",16112,21845,12-25-27.343570,179,calib,"16107,16108,16109,16110,16111"
92,"[np.int64(16108), np.int64(16109), np.int64(16110), np.int64(16111), np.int64(16112)]",16113,21846,12-25-27.443581,181,calib,"16108,16109,16110,16111,16112"
92,"[np.int64(16109), np.int64(16110), np.int64(16111), np.int64(16112), np.int64(16113)]",16114,21847,12-25-27.544136,181,calib,"16109,16110,16111,16112,16113"
92,"[np.int64(16110), np.int64(16111), np.int64(16112), np.int64(16113), np.int64(16114)]",16115,21848,12-25-27.643687,182,calib,"16110,16111,16112,16113,16114"
92,"[np.int64(16111), np.int64(16112), np.int64(16113), np.int64(16114), np.int64(16115)]",16116,21849,12-25-27.743915,183,calib,"16111,16112,16113,16114,16115"
92,"[np.int64(16112), np.int64(16113), np.int64(16114), np.int64(16115), np.int64(16116)]",16117,21850,12-25-27.844062,183,calib,"16112,16113,16114,16115,16116"
92,"[np.int64(16113), np.int64(16114), np.int64(16115), np.int64(16116), np.int64(16117)]",16118,21851,12-25-27.943327,183,calib,"16113,16114,16115,16116,16117"
92,"[np.int64(16114), np.int64(16115), np.int64(16116), np.int64(16117), np.int64(16118)]",16119,21852,12-25-28.043815,184,calib,"16114,16115,16116,16117,16118"
92,"[np.int64(16115), np.int64(16116), np.int64(16117), np.int64(16118), np.int64(16119)]",16120,21853,12-25-28.143405,184,calib,"16115,16116,16117,16118,16119"
92,"[np.int64(16116), np.int64(16117), np.int64(16118), np.int64(16119), np.int64(16120)]",16121,21854,12-25-28.243249,184,calib,"16116,16117,16118,16119,16120"
92,"[np.int64(16117), np.int64(16118), np.int64(16119), np.int64(16120), np.int64(16121)]",16122,21855,12-25-28.344103,184,calib,"16117,16118,16119,16120,16121"
92,"[np.int64(16118), np.int64(16119), np.int64(16120), np.int64(16121), np.int64(16122)]",16123,21856,12-25-28.443813,184,calib,"16118,16119,16120,16121,16122"
92,"[np.int64(16119), np.int64(16120), np.int64(16121), np.int64(16122), np.int64(16123)]",16124,21857,12-25-28.544052,185,calib,"16119,16120,16121,16122,16123"
92,"[np.int64(16120), np.int64(16121), np.int64(16122), np.int64(16123), np.int64(16124)]",16125,21858,12-25-28.643814,185,calib,"16120,16121,16122,16123,16124"
92,"[np.int64(16121), np.int64(16122), np.int64(16123), np.int64(16124), np.int64(16125)]",16126,21859,12-25-28.743690,184,calib,"16121,16122,16123,16124,16125"
92,"[np.int64(16122), np.int64(16123), np.int64(16124), np.int64(16125), np.int64(16126)]",16127,21860,12-25-28.843835,185,calib,"16122,16123,16124,16125,16126"
92,"[np.int64(16123), np.int64(16124), np.int64(16125), np.int64(16126), np.int64(16127)]",16128,21861,12-25-28.944154,186,calib,"16123,16124,16125,16126,16127"
92,"[np.int64(16124), np.int64(16125), np.int64(16126), np.int64(16127), np.int64(16128)]",16129,21862,12-25-29.043828,185,calib,"16124,16125,16126,16127,16128"
92,"[np.int64(16125), np.int64(16126), np.int64(16127), np.int64(16128), np.int64(16129)]",16130,21863,12-25-29.143291,184,calib,"16125,16126,16127,16128,16129"
92,"[np.int64(16126), np.int64(16127), np.int64(16128), np.int64(16129), np.int64(16130)]",16131,21864,12-25-29.244227,185,calib,"16126,16127,16128,16129,16130"
92,"[np.int64(16127), np.int64(16128), np.int64(16129), np.int64(16130), np.int64(16131)]",16132,21865,12-25-29.343367,184,calib,"16127,16128,16129,16130,16131"
92,"[np.int64(16128), np.int64(16129), np.int64(16130), np.int64(16131), np.int64(16132)]",16133,21866,12-25-29.443725,184,calib,"16128,16129,16130,16131,16132"
92,"[np.int64(16129), np.int64(16130), np.int64(16131), np.int64(16132), np.int64(16133)]",16134,21867,12-25-29.544203,184,calib,"16129,16130,16131,16132,16133"
92,"[np.int64(16130), np.int64(16131), np.int64(16132), np.int64(16133), np.int64(16134)]",16135,21868,12-25-29.644258,184,calib,"16130,16131,16132,16133,16134"
92,"[np.int64(16131), np.int64(16132), np.int64(16133), np.int64(16134), np.int64(16135)]",16136,21869,12-25-29.743273,183,calib,"16131,16132,16133,16134,16135"
92,"[np.int64(16132), np.int64(16133), np.int64(16134), np.int64(16135), np.int64(16136)]",16137,21870,12-25-29.843960,183,calib,"16132,16133,16134,16135,16136"
92,"[np.int64(16133), np.int64(16134), np.int64(16135), np.int64(16136), np.int64(16137)]",16138,21871,12-25-29.944249,181,calib,"16133,16134,16135,16136,16137"
92,"[np.int64(16134), np.int64(16135), np.int64(16136), np.int64(16137), np.int64(16138)]",16139,21872,12-25-30.043938,181,calib,"16134,16135,16136,16137,16138"
92,"[np.int64(16135), np.int64(16136), np.int64(16137), np.int64(16138), np.int64(16139)]",16140,21873,12-25-30.143883,181,calib,"16135,16136,16137,16138,16139"
92,"[np.int64(16136), np.int64(16137), np.int64(16138), np.int64(16139), np.int64(16140)]",16141,21874,12-25-30.243848,180,calib,"16136,16137,16138,16139,16140"
92,"[np.int64(16137), np.int64(16138), np.int64(16139), np.int64(16140), np.int64(16141)]",16142,21875,12-25-30.343775,179,calib,"16137,16138,16139,16140,16141"
92,"[np.int64(16138), np.int64(16139), np.int64(16140), np.int64(16141), np.int64(16142)]",16143,21876,12-25-30.443932,178,calib,"16138,16139,16140,16141,16142"
92,"[np.int64(16139), np.int64(16140), np.int64(16141), np.int64(16142), np.int64(16143)]",16144,21877,12-25-30.543470,177,calib,"16139,16140,16141,16142,16143"
92,"[np.int64(16140), np.int64(16141), np.int64(16142), np.int64(16143), np.int64(16144)]",16145,21878,12-25-30.643393,177,calib,"16140,16141,16142,16143,16144"
92,"[np.int64(16141), np.int64(16142), np.int64(16143), np.int64(16144), np.int64(16145)]",16146,21879,12-25-30.743286,176,calib,"16141,16142,16143,16144,16145"
92,"[np.int64(16142), np.int64(16143), np.int64(16144), np.int64(16145), np.int64(16146)]",16147,21880,12-25-30.843767,175,calib,"16142,16143,16144,16145,16146"
92,"[np.int64(16143), np.int64(16144), np.int64(16145), np.int64(16146), np.int64(16147)]",16148,21881,12-25-30.943993,174,calib,"16143,16144,16145,16146,16147"
92,"[np.int64(16144), np.int64(16145), np.int64(16146), np.int64(16147), np.int64(16148)]",16149,21882,12-25-31.043849,174,calib,"16144,16145,16146,16147,16148"
92,"[np.int64(16145), np.int64(16146), np.int64(16147), np.int64(16148), np.int64(16149)]",16150,21883,12-25-31.144092,174,calib,"16145,16146,16147,16148,16149"
92,"[np.int64(16146), np.int64(16147), np.int64(16148), np.int64(16149), np.int64(16150)]",16151,21884,12-25-31.244046,172,calib,"16146,16147,16148,16149,16150"
92,"[np.int64(16147), np.int64(16148), np.int64(16149), np.int64(16150), np.int64(16151)]",16152,21885,12-25-31.343611,172,calib,"16147,16148,16149,16150,16151"
92,"[np.int64(16148), np.int64(16149), np.int64(16150), np.int64(16151), np.int64(16152)]",16153,21886,12-25-31.444047,171,calib,"16148,16149,16150,16151,16152"
92,"[np.int64(16149), np.int64(16150), np.int64(16151), np.int64(16152), np.int64(16153)]",16154,21887,12-25-31.543595,171,calib,"16149,16150,16151,16152,16153"
92,"[np.int64(16150), np.int64(16151), np.int64(16152), np.int64(16153), np.int64(16154)]",16155,21888,12-25-31.643396,170,calib,"16150,16151,16152,16153,16154"
92,"[np.int64(16151), np.int64(16152), np.int64(16153), np.int64(16154), np.int64(16155)]",16156,21889,12-25-31.743778,168,calib,"16151,16152,16153,16154,16155"
92,"[np.int64(16152), np.int64(16153), np.int64(16154), np.int64(16155), np.int64(16156)]",16157,21890,12-25-31.843740,168,calib,"16152,16153,16154,16155,16156"
92,"[np.int64(16153), np.int64(16154), np.int64(16155), np.int64(16156), np.int64(16157)]",16158,21891,12-25-31.943700,167,calib,"16153,16154,16155,16156,16157"
92,"[np.int64(16154), np.int64(16155), np.int64(16156), np.int64(16157), np.int64(16158)]",16159,21892,12-25-32.043500,166,calib,"16154,16155,16156,16157,16158"
92,"[np.int64(16155), np.int64(16156), np.int64(16157), np.int64(16158), np.int64(16159)]",16160,21893,12-25-32.144199,166,calib,"16155,16156,16157,16158,16159"
92,"[np.int64(16156), np.int64(16157), np.int64(16158), np.int64(16159), np.int64(16160)]",16161,21894,12-25-32.243469,165,calib,"16156,16157,16158,16159,16160"
92,"[np.int64(16157), np.int64(16158), np.int64(16159), np.int64(16160), np.int64(16161)]",16162,21895,12-25-32.344238,164,calib,"16157,16158,16159,16160,16161"
92,"[np.int64(16158), np.int64(16159), np.int64(16160), np.int64(16161), np.int64(16162)]",16163,21896,12-25-32.443682,164,calib,"16158,16159,16160,16161,16162"
92,"[np.int64(16159), np.int64(16160), np.int64(16161), np.int64(16162), np.int64(16163)]",16164,21897,12-25-32.543917,164,calib,"16159,16160,16161,16162,16163"
92,"[np.int64(16160), np.int64(16161), np.int64(16162), np.int64(16163), np.int64(16164)]",16165,21898,12-25-32.643237,163,calib,"16160,16161,16162,16163,16164"
92,"[np.int64(16161), np.int64(16162), np.int64(16163), np.int64(16164), np.int64(16165)]",16166,21899,12-25-32.744253,163,calib,"16161,16162,16163,16164,16165"
92,"[np.int64(16162), np.int64(16163), np.int64(16164), np.int64(16165), np.int64(16166)]",16167,21900,12-25-32.844005,161,calib,"16162,16163,16164,16165,16166"
92,"[np.int64(16163), np.int64(16164), np.int64(16165), np.int64(16166), np.int64(16167)]",16168,21901,12-25-32.943585,161,calib,"16163,16164,16165,16166,16167"
92,"[np.int64(16164), np.int64(16165), np.int64(16166), np.int64(16167), np.int64(16168)]",16169,21902,12-25-33.043649,161,calib,"16164,16165,16166,16167,16168"
92,"[np.int64(16165), np.int64(16166), np.int64(16167), np.int64(16168), np.int64(16169)]",16170,21903,12-25-33.144208,159,calib,"16165,16166,16167,16168,16169"
92,"[np.int64(16166), np.int64(16167), np.int64(16168), np.int64(16169), np.int64(16170)]",16171,21904,12-25-33.243953,159,calib,"16166,16167,16168,16169,16170"
92,"[np.int64(16167), np.int64(16168), np.int64(16169), np.int64(16170), np.int64(16171)]",16172,21905,12-25-33.344250,158,calib,"16167,16168,16169,16170,16171"
92,"[np.int64(16168), np.int64(16169), np.int64(16170), np.int64(16171), np.int64(16172)]",16173,21906,12-25-33.443454,158,calib,"16168,16169,16170,16171,16172"
92,"[np.int64(16169), np.int64(16170), np.int64(16171), np.int64(16172), np.int64(16173)]",16174,21907,12-25-33.543368,158,calib,"16169,16170,16171,16172,16173"
92,"[np.int64(16170), np.int64(16171), np.int64(16172), np.int64(16173), np.int64(16174)]",16175,21908,12-25-33.643433,157,calib,"16170,16171,16172,16173,16174"
92,"[np.int64(16171), np.int64(16172), np.int64(16173), np.int64(16174), np.int64(16175)]",16176,21909,12-25-33.744022,157,calib,"16171,16172,16173,16174,16175"
92,"[np.int64(16172), np.int64(16173), np.int64(16174), np.int64(16175), np.int64(16176)]",16177,21910,12-25-33.843431,156,calib,"16172,16173,16174,16175,16176"
92,"[np.int64(16173), np.int64(16174), np.int64(16175), np.int64(16176), np.int64(16177)]",16178,21911,12-25-33.944039,156,calib,"16173,16174,16175,16176,16177"
92,"[np.int64(16174), np.int64(16175), np.int64(16176), np.int64(16177), np.int64(16178)]",16179,21912,12-25-34.043602,156,calib,"16174,16175,16176,16177,16178"
92,"[np.int64(16175), np.int64(16176), np.int64(16177), np.int64(16178), np.int64(16179)]",16180,21913,12-25-34.143707,155,calib,"16175,16176,16177,16178,16179"
92,"[np.int64(16176), np.int64(16177), np.int64(16178), np.int64(16179), np.int64(16180)]",16181,21914,12-25-34.243781,153,calib,"16176,16177,16178,16179,16180"
92,"[np.int64(16177), np.int64(16178), np.int64(16179), np.int64(16180), np.int64(16181)]",16182,21915,12-25-34.344138,153,calib,"16177,16178,16179,16180,16181"
92,"[np.int64(16178), np.int64(16179), np.int64(16180), np.int64(16181), np.int64(16182)]",16183,21916,12-25-34.443677,153,calib,"16178,16179,16180,16181,16182"
92,"[np.int64(16179), np.int64(16180), np.int64(16181), np.int64(16182), np.int64(16183)]",16184,21917,12-25-34.543748,153,calib,"16179,16180,16181,16182,16183"
92,"[np.int64(16180), np.int64(16181), np.int64(16182), np.int64(16183), np.int64(16184)]",16185,21918,12-25-34.644065,153,calib,"16180,16181,16182,16183,16184"
92,"[np.int64(16181), np.int64(16182), np.int64(16183), np.int64(16184), np.int64(16185)]",16186,21919,12-25-34.744003,152,calib,"16181,16182,16183,16184,16185"
92,"[np.int64(16182), np.int64(16183), np.int64(16184), np.int64(16185), np.int64(16186)]",16187,21920,12-25-34.843718,152,calib,"16182,16183,16184,16185,16186"
92,"[np.int64(16183), np.int64(16184), np.int64(16185), np.int64(16186), np.int64(16187)]",16188,21921,12-25-34.944232,152,calib,"16183,16184,16185,16186,16187"
92,"[np.int64(16184), np.int64(16185), np.int64(16186), np.int64(16187), np.int64(16188)]",16189,21922,12-25-35.044162,150,calib,"16184,16185,16186,16187,16188"
92,"[np.int64(16185), np.int64(16186), np.int64(16187), np.int64(16188), np.int64(16189)]",16190,21923,12-25-35.143600,150,calib,"16185,16186,16187,16188,16189"
92,"[np.int64(16186), np.int64(16187), np.int64(16188), np.int64(16189), np.int64(16190)]",16191,21924,12-25-35.244209,150,calib,"16186,16187,16188,16189,16190"
92,"[np.int64(16187), np.int64(16188), np.int64(16189), np.int64(16190), np.int64(16191)]",16192,21925,12-25-35.343485,150,calib,"16187,16188,16189,16190,16191"
92,"[np.int64(16188), np.int64(16189), np.int64(16190), np.int64(16191), np.int64(16192)]",16193,21926,12-25-35.444190,150,calib,"16188,16189,16190,16191,16192"
92,"[np.int64(16189), np.int64(16190), np.int64(16191), np.int64(16192), np.int64(16193)]",16194,21927,12-25-35.544012,150,calib,"16189,16190,16191,16192,16193"
92,"[np.int64(16190), np.int64(16191), np.int64(16192), np.int64(16193), np.int64(16194)]",16195,21928,12-25-35.643717,150,calib,"16190,16191,16192,16193,16194"
92,"[np.int64(16191), np.int64(16192), np.int64(16193), np.int64(16194), np.int64(16195)]",16196,21929,12-25-35.743291,149,calib,"16191,16192,16193,16194,16195"
92,"[np.int64(16192), np.int64(16193), np.int64(16194), np.int64(16195), np.int64(16196)]",16197,21930,12-25-35.843540,149,calib,"16192,16193,16194,16195,16196"
92,"[np.int64(16193), np.int64(16194), np.int64(16195), np.int64(16196), np.int64(16197)]",16198,21931,12-25-35.943962,149,calib,"16193,16194,16195,16196,16197"
92,"[np.int64(16194), np.int64(16195), np.int64(16196), np.int64(16197), np.int64(16198)]",16199,21932,12-25-36.043972,149,calib,"16194,16195,16196,16197,16198"
92,"[np.int64(16195), np.int64(16196), np.int64(16197), np.int64(16198), np.int64(16199)]",16200,21933,12-25-36.143258,149,calib,"16195,16196,16197,16198,16199"
92,"[np.int64(16196), np.int64(16197), np.int64(16198), np.int64(16199), np.int64(16200)]",16201,21934,12-25-36.243350,149,calib,"16196,16197,16198,16199,16200"
92,"[np.int64(16197), np.int64(16198), np.int64(16199), np.int64(16200), np.int64(16201)]",16202,21935,12-25-36.343984,149,calib,"16197,16198,16199,16200,16201"
92,"[np.int64(16198), np.int64(16199), np.int64(16200), np.int64(16201), np.int64(16202)]",16203,21936,12-25-36.443268,149,calib,"16198,16199,16200,16201,16202"
92,"[np.int64(16199), np.int64(16200), np.int64(16201), np.int64(16202), np.int64(16203)]",16204,21937,12-25-36.543447,150,calib,"16199,16200,16201,16202,16203"
92,"[np.int64(16200), np.int64(16201), np.int64(16202), np.int64(16203), np.int64(16204)]",16205,21938,12-25-36.644054,150,calib,"16200,16201,16202,16203,16204"
92,"[np.int64(16201), np.int64(16202), np.int64(16203), np.int64(16204), np.int64(16205)]",16206,21939,12-25-36.743904,150,calib,"16201,16202,16203,16204,16205"
92,"[np.int64(16202), np.int64(16203), np.int64(16204), np.int64(16205), np.int64(16206)]",16207,21940,12-25-36.844178,150,calib,"16202,16203,16204,16205,16206"
92,"[np.int64(16203), np.int64(16204), np.int64(16205), np.int64(16206), np.int64(16207)]",16208,21941,12-25-36.944106,150,calib,"16203,16204,16205,16206,16207"
92,"[np.int64(16204), np.int64(16205), np.int64(16206), np.int64(16207), np.int64(16208)]",16209,21942,12-25-37.043291,152,calib,"16204,16205,16206,16207,16208"
92,"[np.int64(16205), np.int64(16206), np.int64(16207), np.int64(16208), np.int64(16209)]",16210,21943,12-25-37.144166,152,calib,"16205,16206,16207,16208,16209"
92,"[np.int64(16206), np.int64(16207), np.int64(16208), np.int64(16209), np.int64(16210)]",16211,21944,12-25-37.244216,153,calib,"16206,16207,16208,16209,16210"
92,"[np.int64(16207), np.int64(16208), np.int64(16209), np.int64(16210), np.int64(16211)]",16212,21945,12-25-37.344108,153,calib,"16207,16208,16209,16210,16211"
92,"[np.int64(16208), np.int64(16209), np.int64(16210), np.int64(16211), np.int64(16212)]",16213,21946,12-25-37.443422,153,calib,"16208,16209,16210,16211,16212"
92,"[np.int64(16209), np.int64(16210), np.int64(16211), np.int64(16212), np.int64(16213)]",16214,21947,12-25-37.543496,153,calib,"16209,16210,16211,16212,16213"
92,"[np.int64(16210), np.int64(16211), np.int64(16212), np.int64(16213), np.int64(16214)]",16215,21948,12-25-37.643482,153,calib,"16210,16211,16212,16213,16214"
92,"[np.int64(16211), np.int64(16212), np.int64(16213), np.int64(16214), np.int64(16215)]",16216,21949,12-25-37.744251,153,calib,"16211,16212,16213,16214,16215"
92,"[np.int64(16212), np.int64(16213), np.int64(16214), np.int64(16215), np.int64(16216)]",16217,21950,12-25-37.844169,155,calib,"16212,16213,16214,16215,16216"
92,"[np.int64(16213), np.int64(16214), np.int64(16215), np.int64(16216), np.int64(16217)]",16218,21951,12-25-37.943837,155,calib,"16213,16214,16215,16216,16217"
92,"[np.int64(16214), np.int64(16215), np.int64(16216), np.int64(16217), np.int64(16218)]",16219,21952,12-25-38.043491,156,calib,"16214,16215,16216,16217,16218"
92,"[np.int64(16215), np.int64(16216), np.int64(16217), np.int64(16218), np.int64(16219)]",16220,21953,12-25-38.143992,156,calib,"16215,16216,16217,16218,16219"
92,"[np.int64(16216), np.int64(16217), np.int64(16218), np.int64(16219), np.int64(16220)]",16221,21954,12-25-38.243654,156,calib,"16216,16217,16218,16219,16220"
92,"[np.int64(16217), np.int64(16218), np.int64(16219), np.int64(16220), np.int64(16221)]",16222,21955,12-25-38.344229,156,calib,"16217,16218,16219,16220,16221"
92,"[np.int64(16218), np.int64(16219), np.int64(16220), np.int64(16221), np.int64(16222)]",16223,21956,12-25-38.444147,156,calib,"16218,16219,16220,16221,16222"
92,"[np.int64(16219), np.int64(16220), np.int64(16221), np.int64(16222), np.int64(16223)]",16224,21957,12-25-38.543352,156,calib,"16219,16220,16221,16222,16223"
92,"[np.int64(16220), np.int64(16221), np.int64(16222), np.int64(16223), np.int64(16224)]",16225,21958,12-25-38.643373,156,calib,"16220,16221,16222,16223,16224"
92,"[np.int64(16221), np.int64(16222), np.int64(16223), np.int64(16224), np.int64(16225)]",16226,21959,12-25-38.743987,156,calib,"16221,16222,16223,16224,16225"
92,"[np.int64(16222), np.int64(16223), np.int64(16224), np.int64(16225), np.int64(16226)]",16227,21960,12-25-38.843712,156,calib,"16222,16223,16224,16225,16226"
92,"[np.int64(16223), np.int64(16224), np.int64(16225), np.int64(16226), np.int64(16227)]",16228,21961,12-25-38.943584,157,calib,"16223,16224,16225,16226,16227"
92,"[np.int64(16224), np.int64(16225), np.int64(16226), np.int64(16227), np.int64(16228)]",16229,21962,12-25-39.044143,157,calib,"16224,16225,16226,16227,16228"
92,"[np.int64(16225), np.int64(16226), np.int64(16227), np.int64(16228), np.int64(16229)]",16230,21963,12-25-39.144301,158,calib,"16225,16226,16227,16228,16229"
92,"[np.int64(16226), np.int64(16227), np.int64(16228), np.int64(16229), np.int64(16230)]",16231,21964,12-25-39.243611,158,calib,"16226,16227,16228,16229,16230"
92,"[np.int64(16227), np.int64(16228), np.int64(16229), np.int64(16230), np.int64(16231)]",16232,21965,12-25-39.343521,158,calib,"16227,16228,16229,16230,16231"
92,"[np.int64(16228), np.int64(16229), np.int64(16230), np.int64(16231), np.int64(16232)]",16233,21966,12-25-39.443342,158,calib,"16228,16229,16230,16231,16232"
92,"[np.int64(16229), np.int64(16230), np.int64(16231), np.int64(16232), np.int64(16233)]",16234,21967,12-25-39.543500,158,calib,"16229,16230,16231,16232,16233"
92,"[np.int64(16230), np.int64(16231), np.int64(16232), np.int64(16233), np.int64(16234)]",16235,21968,12-25-39.643840,158,calib,"16230,16231,16232,16233,16234"
92,"[np.int64(16231), np.int64(16232), np.int64(16233), np.int64(16234), np.int64(16235)]",16236,21969,12-25-39.743618,158,calib,"16231,16232,16233,16234,16235"
92,"[np.int64(16232), np.int64(16233), np.int64(16234), np.int64(16235), np.int64(16236)]",16237,21970,12-25-39.843433,158,calib,"16232,16233,16234,16235,16236"
92,"[np.int64(16233), np.int64(16234), np.int64(16235), np.int64(16236), np.int64(16237)]",16238,21971,12-25-39.943835,158,calib,"16233,16234,16235,16236,16237"
92,"[np.int64(16234), np.int64(16235), np.int64(16236), np.int64(16237), np.int64(16238)]",16239,21972,12-25-40.043349,158,calib,"16234,16235,16236,16237,16238"
92,"[np.int64(16235), np.int64(16236), np.int64(16237), np.int64(16238), np.int64(16239)]",16240,21973,12-25-40.143685,158,calib,"16235,16236,16237,16238,16239"
92,"[np.int64(16236), np.int64(16237), np.int64(16238), np.int64(16239), np.int64(16240)]",16241,21974,12-25-40.243753,158,calib,"16236,16237,16238,16239,16240"
92,"[np.int64(16237), np.int64(16238), np.int64(16239), np.int64(16240), np.int64(16241)]",16242,21975,12-25-40.343622,158,calib,"16237,16238,16239,16240,16241"
92,"[np.int64(16238), np.int64(16239), np.int64(16240), np.int64(16241), np.int64(16242)]",16243,21976,12-25-40.444175,158,calib,"16238,16239,16240,16241,16242"
92,"[np.int64(16239), np.int64(16240), np.int64(16241), np.int64(16242), np.int64(16243)]",16244,21977,12-25-40.543334,158,calib,"16239,16240,16241,16242,16243"
92,"[np.int64(16240), np.int64(16241), np.int64(16242), np.int64(16243), np.int64(16244)]",16245,21978,12-25-40.644260,159,calib,"16240,16241,16242,16243,16244"
92,"[np.int64(16241), np.int64(16242), np.int64(16243), np.int64(16244), np.int64(16245)]",16246,21979,12-25-40.743375,158,calib,"16241,16242,16243,16244,16245"
92,"[np.int64(16242), np.int64(16243), np.int64(16244), np.int64(16245), np.int64(16246)]",16247,21980,12-25-40.844279,159,calib,"16242,16243,16244,16245,16246"
92,"[np.int64(16243), np.int64(16244), np.int64(16245), np.int64(16246), np.int64(16247)]",16248,21981,12-25-40.944119,160,calib,"16243,16244,16245,16246,16247"
92,"[np.int64(16244), np.int64(16245), np.int64(16246), np.int64(16247), np.int64(16248)]",16249,21982,12-25-41.043935,160,calib,"16244,16245,16246,16247,16248"
92,"[np.int64(16245), np.int64(16246), np.int64(16247), np.int64(16248), np.int64(16249)]",16250,21983,12-25-41.143709,160,calib,"16245,16246,16247,16248,16249"
92,"[np.int64(16246), np.int64(16247), np.int64(16248), np.int64(16249), np.int64(16250)]",16251,21984,12-25-41.244004,160,calib,"16246,16247,16248,16249,16250"
92,"[np.int64(16247), np.int64(16248), np.int64(16249), np.int64(16250), np.int64(16251)]",16252,21985,12-25-41.343759,160,calib,"16247,16248,16249,16250,16251"
92,"[np.int64(16248), np.int64(16249), np.int64(16250), np.int64(16251), np.int64(16252)]",16253,21986,12-25-41.443421,161,calib,"16248,16249,16250,16251,16252"
92,"[np.int64(16249), np.int64(16250), np.int64(16251), np.int64(16252), np.int64(16253)]",16254,21987,12-25-41.543544,160,calib,"16249,16250,16251,16252,16253"
92,"[np.int64(16250), np.int64(16251), np.int64(16252), np.int64(16253), np.int64(16254)]",16255,21988,12-25-41.644060,161,calib,"16250,16251,16252,16253,16254"
92,"[np.int64(16251), np.int64(16252), np.int64(16253), np.int64(16254), np.int64(16255)]",16256,21989,12-25-41.743929,161,calib,"16251,16252,16253,16254,16255"
92,"[np.int64(16252), np.int64(16253), np.int64(16254), np.int64(16255), np.int64(16256)]",16257,21990,12-25-41.843617,161,calib,"16252,16253,16254,16255,16256"
92,"[np.int64(16253), np.int64(16254), np.int64(16255), np.int64(16256), np.int64(16257)]",16258,21991,12-25-41.943970,161,calib,"16253,16254,16255,16256,16257"
92,"[np.int64(16254), np.int64(16255), np.int64(16256), np.int64(16257), np.int64(16258)]",16259,21992,12-25-42.043827,162,calib,"16254,16255,16256,16257,16258"
92,"[np.int64(16255), np.int64(16256), np.int64(16257), np.int64(16258), np.int64(16259)]",16260,21993,12-25-42.144268,162,calib,"16255,16256,16257,16258,16259"
92,"[np.int64(16256), np.int64(16257), np.int64(16258), np.int64(16259), np.int64(16260)]",16261,21994,12-25-42.243375,162,calib,"16256,16257,16258,16259,16260"
92,"[np.int64(16257), np.int64(16258), np.int64(16259), np.int64(16260), np.int64(16261)]",16262,21995,12-25-42.343913,162,calib,"16257,16258,16259,16260,16261"
92,"[np.int64(16258), np.int64(16259), np.int64(16260), np.int64(16261), np.int64(16262)]",16263,21996,12-25-42.444045,162,calib,"16258,16259,16260,16261,16262"
92,"[np.int64(16259), np.int64(16260), np.int64(16261), np.int64(16262), np.int64(16263)]",16264,21997,12-25-42.543995,162,calib,"16259,16260,16261,16262,16263"
92,"[np.int64(16260), np.int64(16261), np.int64(16262), np.int64(16263), np.int64(16264)]",16265,21998,12-25-42.643313,162,calib,"16260,16261,16262,16263,16264"
92,"[np.int64(16261), np.int64(16262), np.int64(16263), np.int64(16264), np.int64(16265)]",16266,21999,12-25-42.743492,163,calib,"16261,16262,16263,16264,16265"
92,"[np.int64(16262), np.int64(16263), np.int64(16264), np.int64(16265), np.int64(16266)]",16267,22000,12-25-42.843680,162,calib,"16262,16263,16264,16265,16266"
92,"[np.int64(16263), np.int64(16264), np.int64(16265), np.int64(16266), np.int64(16267)]",16268,22001,12-25-42.944017,163,calib,"16263,16264,16265,16266,16267"
92,"[np.int64(16264), np.int64(16265), np.int64(16266), np.int64(16267), np.int64(16268)]",16269,22002,12-25-43.044269,163,calib,"16264,16265,16266,16267,16268"
92,"[np.int64(16265), np.int64(16266), np.int64(16267), np.int64(16268), np.int64(16269)]",16270,22003,12-25-43.143314,163,calib,"16265,16266,16267,16268,16269"
92,"[np.int64(16266), np.int64(16267), np.int64(16268), np.int64(16269), np.int64(16270)]",16271,22004,12-25-43.243751,163,calib,"16266,16267,16268,16269,16270"
92,"[np.int64(16267), np.int64(16268), np.int64(16269), np.int64(16270), np.int64(16271)]",16272,22005,12-25-43.344050,163,calib,"16267,16268,16269,16270,16271"
92,"[np.int64(16268), np.int64(16269), np.int64(16270), np.int64(16271), np.int64(16272)]",16273,22006,12-25-43.443437,163,calib,"16268,16269,16270,16271,16272"
92,"[np.int64(16269), np.int64(16270), np.int64(16271), np.int64(16272), np.int64(16273)]",16274,22007,12-25-43.543725,164,calib,"16269,16270,16271,16272,16273"
92,"[np.int64(16270), np.int64(16271), np.int64(16272), np.int64(16273), np.int64(16274)]",16275,22008,12-25-43.643285,163,calib,"16270,16271,16272,16273,16274"
92,"[np.int64(16271), np.int64(16272), np.int64(16273), np.int64(16274), np.int64(16275)]",16276,22009,12-25-43.743766,163,calib,"16271,16272,16273,16274,16275"
92,"[np.int64(16272), np.int64(16273), np.int64(16274), np.int64(16275), np.int64(16276)]",16277,22010,12-25-43.843243,163,calib,"16272,16273,16274,16275,16276"
92,"[np.int64(16273), np.int64(16274), np.int64(16275), np.int64(16276), np.int64(16277)]",16278,22011,12-25-43.944107,164,calib,"16273,16274,16275,16276,16277"
92,"[np.int64(16274), np.int64(16275), np.int64(16276), np.int64(16277), np.int64(16278)]",16279,22012,12-25-44.043618,163,calib,"16274,16275,16276,16277,16278"
92,"[np.int64(16275), np.int64(16276), np.int64(16277), np.int64(16278), np.int64(16279)]",16280,22013,12-25-44.144237,163,calib,"16275,16276,16277,16278,16279"
92,"[np.int64(16276), np.int64(16277), np.int64(16278), np.int64(16279), np.int64(16280)]",16281,22014,12-25-44.243815,164,calib,"16276,16277,16278,16279,16280"
92,"[np.int64(16277), np.int64(16278), np.int64(16279), np.int64(16280), np.int64(16281)]",16282,22015,12-25-44.343685,163,calib,"16277,16278,16279,16280,16281"
92,"[np.int64(16278), np.int64(16279), np.int64(16280), np.int64(16281), np.int64(16282)]",16283,22016,12-25-44.443315,164,calib,"16278,16279,16280,16281,16282"
92,"[np.int64(16279), np.int64(16280), np.int64(16281), np.int64(16282), np.int64(16283)]",16284,22017,12-25-44.543828,164,calib,"16279,16280,16281,16282,16283"
92,"[np.int64(16280), np.int64(16281), np.int64(16282), np.int64(16283), np.int64(16284)]",16285,22018,12-25-44.644057,164,calib,"16280,16281,16282,16283,16284"
92,"[np.int64(16281), np.int64(16282), np.int64(16283), np.int64(16284), np.int64(16285)]",16286,22019,12-25-44.743778,164,calib,"16281,16282,16283,16284,16285"
92,"[np.int64(16282), np.int64(16283), np.int64(16284), np.int64(16285), np.int64(16286)]",16287,22020,12-25-44.843756,164,calib,"16282,16283,16284,16285,16286"
92,"[np.int64(16283), np.int64(16284), np.int64(16285), np.int64(16286), np.int64(16287)]",16288,22021,12-25-44.943853,164,calib,"16283,16284,16285,16286,16287"
92,"[np.int64(16284), np.int64(16285), np.int64(16286), np.int64(16287), np.int64(16288)]",16289,22022,12-25-45.044249,163,calib,"16284,16285,16286,16287,16288"
92,"[np.int64(16285), np.int64(16286), np.int64(16287), np.int64(16288), np.int64(16289)]",16290,22023,12-25-45.144049,163,calib,"16285,16286,16287,16288,16289"
92,"[np.int64(16286), np.int64(16287), np.int64(16288), np.int64(16289), np.int64(16290)]",16291,22024,12-25-45.243315,163,calib,"16286,16287,16288,16289,16290"
92,"[np.int64(16287), np.int64(16288), np.int64(16289), np.int64(16290), np.int64(16291)]",16292,22025,12-25-45.343569,163,calib,"16287,16288,16289,16290,16291"
92,"[np.int64(16288), np.int64(16289), np.int64(16290), np.int64(16291), np.int64(16292)]",16293,22026,12-25-45.443336,164,calib,"16288,16289,16290,16291,16292"
92,"[np.int64(16289), np.int64(16290), np.int64(16291), np.int64(16292), np.int64(16293)]",16294,22027,12-25-45.543620,164,calib,"16289,16290,16291,16292,16293"
92,"[np.int64(16290), np.int64(16291), np.int64(16292), np.int64(16293), np.int64(16294)]",16295,22028,12-25-45.643324,164,calib,"16290,16291,16292,16293,16294"
92,"[np.int64(16291), np.int64(16292), np.int64(16293), np.int64(16294), np.int64(16295)]",16296,22029,12-25-45.743737,164,calib,"16291,16292,16293,16294,16295"
92,"[np.int64(16292), np.int64(16293), np.int64(16294), np.int64(16295), np.int64(16296)]",16297,22030,12-25-45.843783,163,calib,"16292,16293,16294,16295,16296"
92,"[np.int64(16293), np.int64(16294), np.int64(16295), np.int64(16296), np.int64(16297)]",16298,22031,12-25-45.943260,164,calib,"16293,16294,16295,16296,16297"
92,"[np.int64(16294), np.int64(16295), np.int64(16296), np.int64(16297), np.int64(16298)]",16299,22032,12-25-46.044192,164,calib,"16294,16295,16296,16297,16298"
92,"[np.int64(16295), np.int64(16296), np.int64(16297), np.int64(16298), np.int64(16299)]",16300,22033,12-25-46.144017,164,calib,"16295,16296,16297,16298,16299"
92,"[np.int64(16296), np.int64(16297), np.int64(16298), np.int64(16299), np.int64(16300)]",16301,22034,12-25-46.243933,164,calib,"16296,16297,16298,16299,16300"
92,"[np.int64(16297), np.int64(16298), np.int64(16299), np.int64(16300), np.int64(16301)]",16302,22035,12-25-46.343738,164,calib,"16297,16298,16299,16300,16301"
92,"[np.int64(16298), np.int64(16299), np.int64(16300), np.int64(16301), np.int64(16302)]",16303,22036,12-25-46.443484,164,calib,"16298,16299,16300,16301,16302"
92,"[np.int64(16299), np.int64(16300), np.int64(16301), np.int64(16302), np.int64(16303)]",16304,22037,12-25-46.543440,164,calib,"16299,16300,16301,16302,16303"
92,"[np.int64(16300), np.int64(16301), np.int64(16302), np.int64(16303), np.int64(16304)]",16305,22038,12-25-46.643622,164,calib,"16300,16301,16302,16303,16304"
92,"[np.int64(16301), np.int64(16302), np.int64(16303), np.int64(16304), np.int64(16305)]",16306,22039,12-25-46.743305,164,calib,"16301,16302,16303,16304,16305"
92,"[np.int64(16302), np.int64(16303), np.int64(16304), np.int64(16305), np.int64(16306)]",16307,22040,12-25-46.843844,163,calib,"16302,16303,16304,16305,16306"
92,"[np.int64(16303), np.int64(16304), np.int64(16305), np.int64(16306), np.int64(16307)]",16308,22041,12-25-46.943840,164,calib,"16303,16304,16305,16306,16307"
92,"[np.int64(16304), np.int64(16305), np.int64(16306), np.int64(16307), np.int64(16308)]",16309,22042,12-25-47.043619,164,calib,"16304,16305,16306,16307,16308"
92,"[np.int64(16305), np.int64(16306), np.int64(16307), np.int64(16308), np.int64(16309)]",16310,22043,12-25-47.144270,164,calib,"16305,16306,16307,16308,16309"
92,"[np.int64(16306), np.int64(16307), np.int64(16308), np.int64(16309), np.int64(16310)]",16311,22044,12-25-47.243953,164,calib,"16306,16307,16308,16309,16310"
92,"[np.int64(16307), np.int64(16308), np.int64(16309), np.int64(16310), np.int64(16311)]",16312,22045,12-25-47.343834,164,calib,"16307,16308,16309,16310,16311"
92,"[np.int64(16308), np.int64(16309), np.int64(16310), np.int64(16311), np.int64(16312)]",16313,22046,12-25-47.443698,164,calib,"16308,16309,16310,16311,16312"
92,"[np.int64(16309), np.int64(16310), np.int64(16311), np.int64(16312), np.int64(16313)]",16314,22047,12-25-47.543710,164,calib,"16309,16310,16311,16312,16313"
92,"[np.int64(16310), np.int64(16311), np.int64(16312), np.int64(16313), np.int64(16314)]",16315,22048,12-25-47.643753,164,calib,"16310,16311,16312,16313,16314"
92,"[np.int64(16311), np.int64(16312), np.int64(16313), np.int64(16314), np.int64(16315)]",16316,22049,12-25-47.743698,164,calib,"16311,16312,16313,16314,16315"
92,"[np.int64(16312), np.int64(16313), np.int64(16314), np.int64(16315), np.int64(16316)]",16317,22050,12-25-47.844045,164,calib,"16312,16313,16314,16315,16316"
92,"[np.int64(16313), np.int64(16314), np.int64(16315), np.int64(16316), np.int64(16317)]",16318,22051,12-25-47.944196,164,calib,"16313,16314,16315,16316,16317"
92,"[np.int64(16314), np.int64(16315), np.int64(16316), np.int64(16317), np.int64(16318)]",16319,22052,12-25-48.044094,164,calib,"16314,16315,16316,16317,16318"
92,"[np.int64(16315), np.int64(16316), np.int64(16317), np.int64(16318), np.int64(16319)]",16320,22053,12-25-48.144261,164,calib,"16315,16316,16317,16318,16319"
92,"[np.int64(16316), np.int64(16317), np.int64(16318), np.int64(16319), np.int64(16320)]",16321,22054,12-25-48.243373,164,calib,"16316,16317,16318,16319,16320"
92,"[np.int64(16317), np.int64(16318), np.int64(16319), np.int64(16320), np.int64(16321)]",16322,22055,12-25-48.344203,164,calib,"16317,16318,16319,16320,16321"
92,"[np.int64(16318), np.int64(16319), np.int64(16320), np.int64(16321), np.int64(16322)]",16323,22056,12-25-48.443572,164,calib,"16318,16319,16320,16321,16322"
92,"[np.int64(16319), np.int64(16320), np.int64(16321), np.int64(16322), np.int64(16323)]",16324,22057,12-25-48.543846,164,calib,"16319,16320,16321,16322,16323"
92,"[np.int64(16320), np.int64(16321), np.int64(16322), np.int64(16323), np.int64(16324)]",16325,22058,12-25-48.643422,164,calib,"16320,16321,16322,16323,16324"
92,"[np.int64(16321), np.int64(16322), np.int64(16323), np.int64(16324), np.int64(16325)]",16326,22059,12-25-48.744226,165,calib,"16321,16322,16323,16324,16325"
92,"[np.int64(16322), np.int64(16323), np.int64(16324), np.int64(16325), np.int64(16326)]",16327,22060,12-25-48.844192,164,calib,"16322,16323,16324,16325,16326"
92,"[np.int64(16323), np.int64(16324), np.int64(16325), np.int64(16326), np.int64(16327)]",16328,22061,12-25-48.943653,165,calib,"16323,16324,16325,16326,16327"
92,"[np.int64(16324), np.int64(16325), np.int64(16326), np.int64(16327), np.int64(16328)]",16329,22062,12-25-49.044003,164,calib,"16324,16325,16326,16327,16328"
92,"[np.int64(16325), np.int64(16326), np.int64(16327), np.int64(16328), np.int64(16329)]",16330,22063,12-25-49.143306,164,calib,"16325,16326,16327,16328,16329"
92,"[np.int64(16326), np.int64(16327), np.int64(16328), np.int64(16329), np.int64(16330)]",16331,22064,12-25-49.243483,165,calib,"16326,16327,16328,16329,16330"
92,"[np.int64(16327), np.int64(16328), np.int64(16329), np.int64(16330), np.int64(16331)]",16332,22065,12-25-49.343996,164,calib,"16327,16328,16329,16330,16331"
92,"[np.int64(16328), np.int64(16329), np.int64(16330), np.int64(16331), np.int64(16332)]",16333,22066,12-25-49.444015,164,calib,"16328,16329,16330,16331,16332"
92,"[np.int64(16329), np.int64(16330), np.int64(16331), np.int64(16332), np.int64(16333)]",16334,22067,12-25-49.544171,164,calib,"16329,16330,16331,16332,16333"
92,"[np.int64(16330), np.int64(16331), np.int64(16332), np.int64(16333), np.int64(16334)]",16335,22068,12-25-49.644069,164,calib,"16330,16331,16332,16333,16334"
92,"[np.int64(16331), np.int64(16332), np.int64(16333), np.int64(16334), np.int64(16335)]",16336,22069,12-25-49.743751,164,calib,"16331,16332,16333,16334,16335"
92,"[np.int64(16332), np.int64(16333), np.int64(16334), np.int64(16335), np.int64(16336)]",16337,22070,12-25-49.843424,165,calib,"16332,16333,16334,16335,16336"
92,"[np.int64(16333), np.int64(16334), np.int64(16335), np.int64(16336), np.int64(16337)]",16338,22071,12-25-49.943629,164,calib,"16333,16334,16335,16336,16337"
92,"[np.int64(16334), np.int64(16335), np.int64(16336), np.int64(16337), np.int64(16338)]",16339,22072,12-25-50.043587,165,calib,"16334,16335,16336,16337,16338"
92,"[np.int64(16335), np.int64(16336), np.int64(16337), np.int64(16338), np.int64(16339)]",16340,22073,12-25-50.144050,164,calib,"16335,16336,16337,16338,16339"
92,"[np.int64(16336), np.int64(16337), np.int64(16338), np.int64(16339), np.int64(16340)]",16341,22074,12-25-50.243331,165,calib,"16336,16337,16338,16339,16340"
92,"[np.int64(16337), np.int64(16338), np.int64(16339), np.int64(16340), np.int64(16341)]",16342,22075,12-25-50.344215,164,calib,"16337,16338,16339,16340,16341"
92,"[np.int64(16338), np.int64(16339), np.int64(16340), np.int64(16341), np.int64(16342)]",16343,22076,12-25-50.443750,164,calib,"16338,16339,16340,16341,16342"
92,"[np.int64(16339), np.int64(16340), np.int64(16341), np.int64(16342), np.int64(16343)]",16344,22077,12-25-50.543964,165,calib,"16339,16340,16341,16342,16343"
92,"[np.int64(16340), np.int64(16341), np.int64(16342), np.int64(16343), np.int64(16344)]",16345,22078,12-25-50.643833,165,calib,"16340,16341,16342,16343,16344"
92,"[np.int64(16341), np.int64(16342), np.int64(16343), np.int64(16344), np.int64(16345)]",16346,22079,12-25-50.743598,165,calib,"16341,16342,16343,16344,16345"
92,"[np.int64(16342), np.int64(16343), np.int64(16344), np.int64(16345), np.int64(16346)]",16347,22080,12-25-50.844237,166,calib,"16342,16343,16344,16345,16346"
92,"[np.int64(16343), np.int64(16344), np.int64(16345), np.int64(16346), np.int64(16347)]",16348,22081,12-25-50.944051,166,calib,"16343,16344,16345,16346,16347"
92,"[np.int64(16344), np.int64(16345), np.int64(16346), np.int64(16347), np.int64(16348)]",16349,22082,12-25-51.044120,166,calib,"16344,16345,16346,16347,16348"
92,"[np.int64(16345), np.int64(16346), np.int64(16347), np.int64(16348), np.int64(16349)]",16350,22083,12-25-51.143617,165,calib,"16345,16346,16347,16348,16349"
92,"[np.int64(16346), np.int64(16347), np.int64(16348), np.int64(16349), np.int64(16350)]",16351,22084,12-25-51.243421,166,calib,"16346,16347,16348,16349,16350"
92,"[np.int64(16347), np.int64(16348), np.int64(16349), np.int64(16350), np.int64(16351)]",16352,22085,12-25-51.344219,166,calib,"16347,16348,16349,16350,16351"
92,"[np.int64(16348), np.int64(16349), np.int64(16350), np.int64(16351), np.int64(16352)]",16353,22086,12-25-51.443456,166,calib,"16348,16349,16350,16351,16352"
92,"[np.int64(16349), np.int64(16350), np.int64(16351), np.int64(16352), np.int64(16353)]",16354,22087,12-25-51.544253,167,calib,"16349,16350,16351,16352,16353"
92,"[np.int64(16350), np.int64(16351), np.int64(16352), np.int64(16353), np.int64(16354)]",16355,22088,12-25-51.643641,168,calib,"16350,16351,16352,16353,16354"
92,"[np.int64(16351), np.int64(16352), np.int64(16353), np.int64(16354), np.int64(16355)]",16356,22089,12-25-51.744004,168,calib,"16351,16352,16353,16354,16355"
92,"[np.int64(16352), np.int64(16353), np.int64(16354), np.int64(16355), np.int64(16356)]",16357,22090,12-25-51.843964,168,calib,"16352,16353,16354,16355,16356"
92,"[np.int64(16353), np.int64(16354), np.int64(16355), np.int64(16356), np.int64(16357)]",16358,22091,12-25-51.943701,168,calib,"16353,16354,16355,16356,16357"
92,"[np.int64(16354), np.int64(16355), np.int64(16356), np.int64(16357), np.int64(16358)]",16359,22092,12-25-52.043985,168,calib,"16354,16355,16356,16357,16358"
92,"[np.int64(16355), np.int64(16356), np.int64(16357), np.int64(16358), np.int64(16359)]",16360,22093,12-25-52.143830,168,calib,"16355,16356,16357,16358,16359"
92,"[np.int64(16356), np.int64(16357), np.int64(16358), np.int64(16359), np.int64(16360)]",16361,22094,12-25-52.243688,169,calib,"16356,16357,16358,16359,16360"
92,"[np.int64(16357), np.int64(16358), np.int64(16359), np.int64(16360), np.int64(16361)]",16362,22095,12-25-52.343509,170,calib,"16357,16358,16359,16360,16361"
92,"[np.int64(16358), np.int64(16359), np.int64(16360), np.int64(16361), np.int64(16362)]",16363,22096,12-25-52.444282,170,calib,"16358,16359,16360,16361,16362"
92,"[np.int64(16359), np.int64(16360), np.int64(16361), np.int64(16362), np.int64(16363)]",16364,22097,12-25-52.544260,170,calib,"16359,16360,16361,16362,16363"
92,"[np.int64(16360), np.int64(16361), np.int64(16362), np.int64(16363), np.int64(16364)]",16365,22098,12-25-52.643933,170,calib,"16360,16361,16362,16363,16364"
92,"[np.int64(16361), np.int64(16362), np.int64(16363), np.int64(16364), np.int64(16365)]",16366,22099,12-25-52.744053,170,calib,"16361,16362,16363,16364,16365"
92,"[np.int64(16362), np.int64(16363), np.int64(16364), np.int64(16365), np.int64(16366)]",16367,22100,12-25-52.844266,171,calib,"16362,16363,16364,16365,16366"
92,"[np.int64(16363), np.int64(16364), np.int64(16365), np.int64(16366), np.int64(16367)]",16368,22101,12-25-52.944229,171,calib,"16363,16364,16365,16366,16367"
92,"[np.int64(16364), np.int64(16365), np.int64(16366), np.int64(16367), np.int64(16368)]",16369,22102,12-25-53.043935,171,calib,"16364,16365,16366,16367,16368"
92,"[np.int64(16365), np.int64(16366), np.int64(16367), np.int64(16368), np.int64(16369)]",16370,22103,12-25-53.143876,171,calib,"16365,16366,16367,16368,16369"
92,"[np.int64(16366), np.int64(16367), np.int64(16368), np.int64(16369), np.int64(16370)]",16371,22104,12-25-53.243618,171,calib,"16366,16367,16368,16369,16370"
92,"[np.int64(16367), np.int64(16368), np.int64(16369), np.int64(16370), np.int64(16371)]",16372,22105,12-25-53.343520,171,calib,"16367,16368,16369,16370,16371"
92,"[np.int64(16368), np.int64(16369), np.int64(16370), np.int64(16371), np.int64(16372)]",16373,22106,12-25-53.443756,171,calib,"16368,16369,16370,16371,16372"
92,"[np.int64(16369), np.int64(16370), np.int64(16371), np.int64(16372), np.int64(16373)]",16374,22107,12-25-53.544204,171,calib,"16369,16370,16371,16372,16373"
92,"[np.int64(16370), np.int64(16371), np.int64(16372), np.int64(16373), np.int64(16374)]",16375,22108,12-25-53.643616,171,calib,"16370,16371,16372,16373,16374"
92,"[np.int64(16371), np.int64(16372), np.int64(16373), np.int64(16374), np.int64(16375)]",16376,22109,12-25-53.743443,170,calib,"16371,16372,16373,16374,16375"
92,"[np.int64(16372), np.int64(16373), np.int64(16374), np.int64(16375), np.int64(16376)]",16377,22110,12-25-53.843522,170,calib,"16372,16373,16374,16375,16376"
92,"[np.int64(16373), np.int64(16374), np.int64(16375), np.int64(16376), np.int64(16377)]",16378,22111,12-25-53.943509,170,calib,"16373,16374,16375,16376,16377"
92,"[np.int64(16374), np.int64(16375), np.int64(16376), np.int64(16377), np.int64(16378)]",16379,22112,12-25-54.044045,170,calib,"16374,16375,16376,16377,16378"
92,"[np.int64(16375), np.int64(16376), np.int64(16377), np.int64(16378), np.int64(16379)]",16380,22113,12-25-54.143301,170,calib,"16375,16376,16377,16378,16379"
92,"[np.int64(16376), np.int64(16377), np.int64(16378), np.int64(16379), np.int64(16380)]",16381,22114,12-25-54.243715,170,calib,"16376,16377,16378,16379,16380"
92,"[np.int64(16377), np.int64(16378), np.int64(16379), np.int64(16380), np.int64(16381)]",16382,22115,12-25-54.343913,168,calib,"16377,16378,16379,16380,16381"
92,"[np.int64(16378), np.int64(16379), np.int64(16380), np.int64(16381), np.int64(16382)]",16383,22116,12-25-54.443624,168,calib,"16378,16379,16380,16381,16382"
92,"[np.int64(16379), np.int64(16380), np.int64(16381), np.int64(16382), np.int64(16383)]",16384,22117,12-25-54.544249,168,calib,"16379,16380,16381,16382,16383"
92,"[np.int64(16380), np.int64(16381), np.int64(16382), np.int64(16383), np.int64(16384)]",16385,22118,12-25-54.644117,168,calib,"16380,16381,16382,16383,16384"
92,"[np.int64(16381), np.int64(16382), np.int64(16383), np.int64(16384), np.int64(16385)]",16386,22119,12-25-54.743810,167,calib,"16381,16382,16383,16384,16385"
92,"[np.int64(16382), np.int64(16383), np.int64(16384), np.int64(16385), np.int64(16386)]",16387,22120,12-25-54.843980,166,calib,"16382,16383,16384,16385,16386"
92,"[np.int64(16383), np.int64(16384), np.int64(16385), np.int64(16386), np.int64(16387)]",16388,22121,12-25-54.943545,166,calib,"16383,16384,16385,16386,16387"
92,"[np.int64(16384), np.int64(16385), np.int64(16386), np.int64(16387), np.int64(16388)]",16389,22122,12-25-55.043294,165,calib,"16384,16385,16386,16387,16388"
92,"[np.int64(16385), np.int64(16386), np.int64(16387), np.int64(16388), np.int64(16389)]",16390,22123,12-25-55.143677,165,calib,"16385,16386,16387,16388,16389"
92,"[np.int64(16386), np.int64(16387), np.int64(16388), np.int64(16389), np.int64(16390)]",16391,22124,12-25-55.243937,165,calib,"16386,16387,16388,16389,16390"
92,"[np.int64(16387), np.int64(16388), np.int64(16389), np.int64(16390), np.int64(16391)]",16392,22125,12-25-55.343481,164,calib,"16387,16388,16389,16390,16391"
92,"[np.int64(16388), np.int64(16389), np.int64(16390), np.int64(16391), np.int64(16392)]",16393,22126,12-25-55.443606,164,calib,"16388,16389,16390,16391,16392"
92,"[np.int64(16389), np.int64(16390), np.int64(16391), np.int64(16392), np.int64(16393)]",16394,22127,12-25-55.543334,164,calib,"16389,16390,16391,16392,16393"
92,"[np.int64(16390), np.int64(16391), np.int64(16392), np.int64(16393), np.int64(16394)]",16395,22128,12-25-55.643971,164,calib,"16390,16391,16392,16393,16394"
92,"[np.int64(16391), np.int64(16392), np.int64(16393), np.int64(16394), np.int64(16395)]",16396,22129,12-25-55.744131,163,calib,"16391,16392,16393,16394,16395"
92,"[np.int64(16392), np.int64(16393), np.int64(16394), np.int64(16395), np.int64(16396)]",16397,22130,12-25-55.843552,163,calib,"16392,16393,16394,16395,16396"
92,"[np.int64(16393), np.int64(16394), np.int64(16395), np.int64(16396), np.int64(16397)]",16398,22131,12-25-55.943505,163,calib,"16393,16394,16395,16396,16397"
92,"[np.int64(16394), np.int64(16395), np.int64(16396), np.int64(16397), np.int64(16398)]",16399,22132,12-25-56.043887,162,calib,"16394,16395,16396,16397,16398"
95,"[np.int64(16400), np.int64(16401), np.int64(16402), np.int64(16403), np.int64(16404)]",16405,23492,13-35-06.104677,162,calib,"16400,16401,16402,16403,16404"
95,"[np.int64(16401), np.int64(16402), np.int64(16403), np.int64(16404), np.int64(16405)]",16406,23493,13-35-06.204686,162,calib,"16401,16402,16403,16404,16405"
95,"[np.int64(16402), np.int64(16403), np.int64(16404), np.int64(16405), np.int64(16406)]",16407,23494,13-35-06.305666,162,calib,"16402,16403,16404,16405,16406"
95,"[np.int64(16403), np.int64(16404), np.int64(16405), np.int64(16406), np.int64(16407)]",16408,23495,13-35-06.405469,162,calib,"16403,16404,16405,16406,16407"
95,"[np.int64(16404), np.int64(16405), np.int64(16406), np.int64(16407), np.int64(16408)]",16409,23496,13-35-06.504827,162,calib,"16404,16405,16406,16407,16408"
95,"[np.int64(16405), np.int64(16406), np.int64(16407), np.int64(16408), np.int64(16409)]",16410,23497,13-35-06.605477,163,calib,"16405,16406,16407,16408,16409"
95,"[np.int64(16406), np.int64(16407), np.int64(16408), np.int64(16409), np.int64(16410)]",16411,23498,13-35-06.705521,162,calib,"16406,16407,16408,16409,16410"
95,"[np.int64(16407), np.int64(16408), np.int64(16409), np.int64(16410), np.int64(16411)]",16412,23499,13-35-06.805206,163,calib,"16407,16408,16409,16410,16411"
95,"[np.int64(16408), np.int64(16409), np.int64(16410), np.int64(16411), np.int64(16412)]",16413,23500,13-35-06.905103,162,calib,"16408,16409,16410,16411,16412"
95,"[np.int64(16409), np.int64(16410), np.int64(16411), np.int64(16412), np.int64(16413)]",16414,23501,13-35-07.004791,162,calib,"16409,16410,16411,16412,16413"
95,"[np.int64(16410), np.int64(16411), np.int64(16412), np.int64(16413), np.int64(16414)]",16415,23502,13-35-07.105644,163,calib,"16410,16411,16412,16413,16414"
95,"[np.int64(16411), np.int64(16412), np.int64(16413), np.int64(16414), np.int64(16415)]",16416,23503,13-35-07.204997,163,calib,"16411,16412,16413,16414,16415"
95,"[np.int64(16412), np.int64(16413), np.int64(16414), np.int64(16415), np.int64(16416)]",16417,23504,13-35-07.304964,163,calib,"16412,16413,16414,16415,16416"
95,"[np.int64(16413), np.int64(16414), np.int64(16415), np.int64(16416), np.int64(16417)]",16418,23505,13-35-07.405691,163,calib,"16413,16414,16415,16416,16417"
95,"[np.int64(16414), np.int64(16415), np.int64(16416), np.int64(16417), np.int64(16418)]",16419,23506,13-35-07.505376,162,calib,"16414,16415,16416,16417,16418"
95,"[np.int64(16415), np.int64(16416), np.int64(16417), np.int64(16418), np.int64(16419)]",16420,23507,13-35-07.604768,163,calib,"16415,16416,16417,16418,16419"
95,"[np.int64(16416), np.int64(16417), np.int64(16418), np.int64(16419), np.int64(16420)]",16421,23508,13-35-07.704965,162,calib,"16416,16417,16418,16419,16420"
95,"[np.int64(16417), np.int64(16418), np.int64(16419), np.int64(16420), np.int64(16421)]",16422,23509,13-35-07.804756,163,calib,"16417,16418,16419,16420,16421"
95,"[np.int64(16418), np.int64(16419), np.int64(16420), np.int64(16421), np.int64(16422)]",16423,23510,13-35-07.905618,163,calib,"16418,16419,16420,16421,16422"
95,"[np.int64(16419), np.int64(16420), np.int64(16421), np.int64(16422), np.int64(16423)]",16424,23511,13-35-08.005663,162,calib,"16419,16420,16421,16422,16423"
95,"[np.int64(16420), np.int64(16421), np.int64(16422), np.int64(16423), np.int64(16424)]",16425,23512,13-35-08.105047,163,calib,"16420,16421,16422,16423,16424"
95,"[np.int64(16421), np.int64(16422), np.int64(16423), np.int64(16424), np.int64(16425)]",16426,23513,13-35-08.205129,162,calib,"16421,16422,16423,16424,16425"
95,"[np.int64(16422), np.int64(16423), np.int64(16424), np.int64(16425), np.int64(16426)]",16427,23514,13-35-08.304990,162,calib,"16422,16423,16424,16425,16426"
95,"[np.int64(16423), np.int64(16424), np.int64(16425), np.int64(16426), np.int64(16427)]",16428,23515,13-35-08.405528,162,calib,"16423,16424,16425,16426,16427"
95,"[np.int64(16424), np.int64(16425), np.int64(16426), np.int64(16427), np.int64(16428)]",16429,23516,13-35-08.504709,163,calib,"16424,16425,16426,16427,16428"
95,"[np.int64(16425), np.int64(16426), np.int64(16427), np.int64(16428), np.int64(16429)]",16430,23517,13-35-08.605171,162,calib,"16425,16426,16427,16428,16429"
95,"[np.int64(16426), np.int64(16427), np.int64(16428), np.int64(16429), np.int64(16430)]",16431,23518,13-35-08.705684,162,calib,"16426,16427,16428,16429,16430"
95,"[np.int64(16427), np.int64(16428), np.int64(16429), np.int64(16430), np.int64(16431)]",16432,23519,13-35-08.804696,163,calib,"16427,16428,16429,16430,16431"
95,"[np.int64(16428), np.int64(16429), np.int64(16430), np.int64(16431), np.int64(16432)]",16433,23520,13-35-08.905634,163,calib,"16428,16429,16430,16431,16432"
95,"[np.int64(16429), np.int64(16430), np.int64(16431), np.int64(16432), np.int64(16433)]",16434,23521,13-35-09.005628,162,calib,"16429,16430,16431,16432,16433"
95,"[np.int64(16430), np.int64(16431), np.int64(16432), np.int64(16433), np.int64(16434)]",16435,23522,13-35-09.105053,162,calib,"16430,16431,16432,16433,16434"
95,"[np.int64(16431), np.int64(16432), np.int64(16433), np.int64(16434), np.int64(16435)]",16436,23523,13-35-09.205191,162,calib,"16431,16432,16433,16434,16435"
95,"[np.int64(16432), np.int64(16433), np.int64(16434), np.int64(16435), np.int64(16436)]",16437,23524,13-35-09.305288,163,calib,"16432,16433,16434,16435,16436"
95,"[np.int64(16433), np.int64(16434), np.int64(16435), np.int64(16436), np.int64(16437)]",16438,23525,13-35-09.405563,162,calib,"16433,16434,16435,16436,16437"
95,"[np.int64(16434), np.int64(16435), np.int64(16436), np.int64(16437), np.int64(16438)]",16439,23526,13-35-09.505602,163,calib,"16434,16435,16436,16437,16438"
95,"[np.int64(16435), np.int64(16436), np.int64(16437), np.int64(16438), np.int64(16439)]",16440,23527,13-35-09.604826,162,calib,"16435,16436,16437,16438,16439"
95,"[np.int64(16436), np.int64(16437), np.int64(16438), np.int64(16439), np.int64(16440)]",16441,23528,13-35-09.705629,163,calib,"16436,16437,16438,16439,16440"
95,"[np.int64(16437), np.int64(16438), np.int64(16439), np.int64(16440), np.int64(16441)]",16442,23529,13-35-09.805161,163,calib,"16437,16438,16439,16440,16441"
95,"[np.int64(16438), np.int64(16439), np.int64(16440), np.int64(16441), np.int64(16442)]",16443,23530,13-35-09.904951,163,calib,"16438,16439,16440,16441,16442"
95,"[np.int64(16439), np.int64(16440), np.int64(16441), np.int64(16442), np.int64(16443)]",16444,23531,13-35-10.004956,163,calib,"16439,16440,16441,16442,16443"
95,"[np.int64(16440), np.int64(16441), np.int64(16442), np.int64(16443), np.int64(16444)]",16445,23532,13-35-10.104836,163,calib,"16440,16441,16442,16443,16444"
95,"[np.int64(16441), np.int64(16442), np.int64(16443), np.int64(16444), np.int64(16445)]",16446,23533,13-35-10.204764,163,calib,"16441,16442,16443,16444,16445"
95,"[np.int64(16442), np.int64(16443), np.int64(16444), np.int64(16445), np.int64(16446)]",16447,23534,13-35-10.305402,163,calib,"16442,16443,16444,16445,16446"
95,"[np.int64(16443), np.int64(16444), np.int64(16445), np.int64(16446), np.int64(16447)]",16448,23535,13-35-10.405343,163,calib,"16443,16444,16445,16446,16447"
95,"[np.int64(16444), np.int64(16445), np.int64(16446), np.int64(16447), np.int64(16448)]",16449,23536,13-35-10.504894,163,calib,"16444,16445,16446,16447,16448"
95,"[np.int64(16445), np.int64(16446), np.int64(16447), np.int64(16448), np.int64(16449)]",16450,23537,13-35-10.605622,163,calib,"16445,16446,16447,16448,16449"
95,"[np.int64(16446), np.int64(16447), np.int64(16448), np.int64(16449), np.int64(16450)]",16451,23538,13-35-10.705614,163,calib,"16446,16447,16448,16449,16450"
95,"[np.int64(16447), np.int64(16448), np.int64(16449), np.int64(16450), np.int64(16451)]",16452,23539,13-35-10.804854,163,calib,"16447,16448,16449,16450,16451"
95,"[np.int64(16448), np.int64(16449), np.int64(16450), np.int64(16451), np.int64(16452)]",16453,23540,13-35-10.904805,163,calib,"16448,16449,16450,16451,16452"
95,"[np.int64(16449), np.int64(16450), np.int64(16451), np.int64(16452), np.int64(16453)]",16454,23541,13-35-11.005308,163,calib,"16449,16450,16451,16452,16453"
95,"[np.int64(16450), np.int64(16451), np.int64(16452), np.int64(16453), np.int64(16454)]",16455,23542,13-35-11.104769,163,calib,"16450,16451,16452,16453,16454"
95,"[np.int64(16451), np.int64(16452), np.int64(16453), np.int64(16454), np.int64(16455)]",16456,23543,13-35-11.205395,163,calib,"16451,16452,16453,16454,16455"
95,"[np.int64(16452), np.int64(16453), np.int64(16454), np.int64(16455), np.int64(16456)]",16457,23544,13-35-11.305329,163,calib,"16452,16453,16454,16455,16456"
95,"[np.int64(16453), np.int64(16454), np.int64(16455), np.int64(16456), np.int64(16457)]",16458,23545,13-35-11.405379,163,calib,"16453,16454,16455,16456,16457"
95,"[np.int64(16454), np.int64(16455), np.int64(16456), np.int64(16457), np.int64(16458)]",16459,23546,13-35-11.505158,163,calib,"16454,16455,16456,16457,16458"
95,"[np.int64(16455), np.int64(16456), np.int64(16457), np.int64(16458), np.int64(16459)]",16460,23547,13-35-11.605061,163,calib,"16455,16456,16457,16458,16459"
95,"[np.int64(16456), np.int64(16457), np.int64(16458), np.int64(16459), np.int64(16460)]",16461,23548,13-35-11.704792,163,calib,"16456,16457,16458,16459,16460"
95,"[np.int64(16457), np.int64(16458), np.int64(16459), np.int64(16460), np.int64(16461)]",16462,23549,13-35-11.804885,163,calib,"16457,16458,16459,16460,16461"
95,"[np.int64(16458), np.int64(16459), np.int64(16460), np.int64(16461), np.int64(16462)]",16463,23550,13-35-11.905368,163,calib,"16458,16459,16460,16461,16462"
95,"[np.int64(16459), np.int64(16460), np.int64(16461), np.int64(16462), np.int64(16463)]",16464,23551,13-35-12.005519,163,calib,"16459,16460,16461,16462,16463"
95,"[np.int64(16460), np.int64(16461), np.int64(16462), np.int64(16463), np.int64(16464)]",16465,23552,13-35-12.104711,163,calib,"16460,16461,16462,16463,16464"
95,"[np.int64(16461), np.int64(16462), np.int64(16463), np.int64(16464), np.int64(16465)]",16466,23553,13-35-12.204919,163,calib,"16461,16462,16463,16464,16465"
95,"[np.int64(16462), np.int64(16463), np.int64(16464), np.int64(16465), np.int64(16466)]",16467,23554,13-35-12.304661,163,calib,"16462,16463,16464,16465,16466"
95,"[np.int64(16463), np.int64(16464), np.int64(16465), np.int64(16466), np.int64(16467)]",16468,23555,13-35-12.405473,163,calib,"16463,16464,16465,16466,16467"
95,"[np.int64(16464), np.int64(16465), np.int64(16466), np.int64(16467), np.int64(16468)]",16469,23556,13-35-12.505050,163,calib,"16464,16465,16466,16467,16468"
95,"[np.int64(16465), np.int64(16466), np.int64(16467), np.int64(16468), np.int64(16469)]",16470,23557,13-35-12.604794,163,calib,"16465,16466,16467,16468,16469"
95,"[np.int64(16466), np.int64(16467), np.int64(16468), np.int64(16469), np.int64(16470)]",16471,23558,13-35-12.705197,163,calib,"16466,16467,16468,16469,16470"
95,"[np.int64(16467), np.int64(16468), np.int64(16469), np.int64(16470), np.int64(16471)]",16472,23559,13-35-12.805046,163,calib,"16467,16468,16469,16470,16471"
95,"[np.int64(16468), np.int64(16469), np.int64(16470), np.int64(16471), np.int64(16472)]",16473,23560,13-35-12.904893,163,calib,"16468,16469,16470,16471,16472"
95,"[np.int64(16469), np.int64(16470), np.int64(16471), np.int64(16472), np.int64(16473)]",16474,23561,13-35-13.005432,163,calib,"16469,16470,16471,16472,16473"
95,"[np.int64(16470), np.int64(16471), np.int64(16472), np.int64(16473), np.int64(16474)]",16475,23562,13-35-13.105546,163,calib,"16470,16471,16472,16473,16474"
95,"[np.int64(16471), np.int64(16472), np.int64(16473), np.int64(16474), np.int64(16475)]",16476,23563,13-35-13.205389,163,calib,"16471,16472,16473,16474,16475"
95,"[np.int64(16472), np.int64(16473), np.int64(16474), np.int64(16475), np.int64(16476)]",16477,23564,13-35-13.305174,162,calib,"16472,16473,16474,16475,16476"
95,"[np.int64(16473), np.int64(16474), np.int64(16475), np.int64(16476), np.int64(16477)]",16478,23565,13-35-13.404966,163,calib,"16473,16474,16475,16476,16477"
95,"[np.int64(16474), np.int64(16475), np.int64(16476), np.int64(16477), np.int64(16478)]",16479,23566,13-35-13.505513,162,calib,"16474,16475,16476,16477,16478"
95,"[np.int64(16475), np.int64(16476), np.int64(16477), np.int64(16478), np.int64(16479)]",16480,23567,13-35-13.605125,163,calib,"16475,16476,16477,16478,16479"
95,"[np.int64(16476), np.int64(16477), np.int64(16478), np.int64(16479), np.int64(16480)]",16481,23568,13-35-13.705331,162,calib,"16476,16477,16478,16479,16480"
95,"[np.int64(16477), np.int64(16478), np.int64(16479), np.int64(16480), np.int64(16481)]",16482,23569,13-35-13.805348,163,calib,"16477,16478,16479,16480,16481"
95,"[np.int64(16478), np.int64(16479), np.int64(16480), np.int64(16481), np.int64(16482)]",16483,23570,13-35-13.904959,162,calib,"16478,16479,16480,16481,16482"
95,"[np.int64(16479), np.int64(16480), np.int64(16481), np.int64(16482), np.int64(16483)]",16484,23571,13-35-14.004716,163,calib,"16479,16480,16481,16482,16483"
95,"[np.int64(16480), np.int64(16481), np.int64(16482), np.int64(16483), np.int64(16484)]",16485,23572,13-35-14.104672,162,calib,"16480,16481,16482,16483,16484"
95,"[np.int64(16481), np.int64(16482), np.int64(16483), np.int64(16484), np.int64(16485)]",16486,23573,13-35-14.204799,162,calib,"16481,16482,16483,16484,16485"
95,"[np.int64(16482), np.int64(16483), np.int64(16484), np.int64(16485), np.int64(16486)]",16487,23574,13-35-14.304673,162,calib,"16482,16483,16484,16485,16486"
95,"[np.int64(16483), np.int64(16484), np.int64(16485), np.int64(16486), np.int64(16487)]",16488,23575,13-35-14.404883,162,calib,"16483,16484,16485,16486,16487"
95,"[np.int64(16484), np.int64(16485), np.int64(16486), np.int64(16487), np.int64(16488)]",16489,23576,13-35-14.505653,162,calib,"16484,16485,16486,16487,16488"
95,"[np.int64(16485), np.int64(16486), np.int64(16487), np.int64(16488), np.int64(16489)]",16490,23577,13-35-14.604958,162,calib,"16485,16486,16487,16488,16489"
95,"[np.int64(16486), np.int64(16487), np.int64(16488), np.int64(16489), np.int64(16490)]",16491,23578,13-35-14.705241,162,calib,"16486,16487,16488,16489,16490"
95,"[np.int64(16487), np.int64(16488), np.int64(16489), np.int64(16490), np.int64(16491)]",16492,23579,13-35-14.805476,162,calib,"16487,16488,16489,16490,16491"
95,"[np.int64(16488), np.int64(16489), np.int64(16490), np.int64(16491), np.int64(16492)]",16493,23580,13-35-14.905344,162,calib,"16488,16489,16490,16491,16492"
95,"[np.int64(16489), np.int64(16490), np.int64(16491), np.int64(16492), np.int64(16493)]",16494,23581,13-35-15.005591,162,calib,"16489,16490,16491,16492,16493"
95,"[np.int64(16490), np.int64(16491), np.int64(16492), np.int64(16493), np.int64(16494)]",16495,23582,13-35-15.105035,162,calib,"16490,16491,16492,16493,16494"
95,"[np.int64(16491), np.int64(16492), np.int64(16493), np.int64(16494), np.int64(16495)]",16496,23583,13-35-15.204734,162,calib,"16491,16492,16493,16494,16495"
95,"[np.int64(16492), np.int64(16493), np.int64(16494), np.int64(16495), np.int64(16496)]",16497,23584,13-35-15.305617,162,calib,"16492,16493,16494,16495,16496"
95,"[np.int64(16493), np.int64(16494), np.int64(16495), np.int64(16496), np.int64(16497)]",16498,23585,13-35-15.404849,162,calib,"16493,16494,16495,16496,16497"
95,"[np.int64(16494), np.int64(16495), np.int64(16496), np.int64(16497), np.int64(16498)]",16499,23586,13-35-15.505309,162,calib,"16494,16495,16496,16497,16498"
95,"[np.int64(16495), np.int64(16496), np.int64(16497), np.int64(16498), np.int64(16499)]",16500,23587,13-35-15.605129,162,calib,"16495,16496,16497,16498,16499"
95,"[np.int64(16496), np.int64(16497), np.int64(16498), np.int64(16499), np.int64(16500)]",16501,23588,13-35-15.705276,162,calib,"16496,16497,16498,16499,16500"
95,"[np.int64(16497), np.int64(16498), np.int64(16499), np.int64(16500), np.int64(16501)]",16502,23589,13-35-15.805551,161,calib,"16497,16498,16499,16500,16501"
95,"[np.int64(16498), np.int64(16499), np.int64(16500), np.int64(16501), np.int64(16502)]",16503,23590,13-35-15.905690,162,calib,"16498,16499,16500,16501,16502"
95,"[np.int64(16499), np.int64(16500), np.int64(16501), np.int64(16502), np.int64(16503)]",16504,23591,13-35-16.004959,162,calib,"16499,16500,16501,16502,16503"
95,"[np.int64(16500), np.int64(16501), np.int64(16502), np.int64(16503), np.int64(16504)]",16505,23592,13-35-16.105498,162,calib,"16500,16501,16502,16503,16504"
95,"[np.int64(16501), np.int64(16502), np.int64(16503), np.int64(16504), np.int64(16505)]",16506,23593,13-35-16.204724,162,calib,"16501,16502,16503,16504,16505"
95,"[np.int64(16502), np.int64(16503), np.int64(16504), np.int64(16505), np.int64(16506)]",16507,23594,13-35-16.305274,162,calib,"16502,16503,16504,16505,16506"
95,"[np.int64(16503), np.int64(16504), np.int64(16505), np.int64(16506), np.int64(16507)]",16508,23595,13-35-16.405682,162,calib,"16503,16504,16505,16506,16507"
95,"[np.int64(16504), np.int64(16505), np.int64(16506), np.int64(16507), np.int64(16508)]",16509,23596,13-35-16.505287,162,calib,"16504,16505,16506,16507,16508"
95,"[np.int64(16505), np.int64(16506), np.int64(16507), np.int64(16508), np.int64(16509)]",16510,23597,13-35-16.605047,162,calib,"16505,16506,16507,16508,16509"
95,"[np.int64(16506), np.int64(16507), np.int64(16508), np.int64(16509), np.int64(16510)]",16511,23598,13-35-16.705645,162,calib,"16506,16507,16508,16509,16510"
95,"[np.int64(16507), np.int64(16508), np.int64(16509), np.int64(16510), np.int64(16511)]",16512,23599,13-35-16.805658,162,calib,"16507,16508,16509,16510,16511"
95,"[np.int64(16508), np.int64(16509), np.int64(16510), np.int64(16511), np.int64(16512)]",16513,23600,13-35-16.905266,162,calib,"16508,16509,16510,16511,16512"
95,"[np.int64(16509), np.int64(16510), np.int64(16511), np.int64(16512), np.int64(16513)]",16514,23601,13-35-17.005479,161,calib,"16509,16510,16511,16512,16513"
95,"[np.int64(16510), np.int64(16511), np.int64(16512), np.int64(16513), np.int64(16514)]",16515,23602,13-35-17.104702,161,calib,"16510,16511,16512,16513,16514"
95,"[np.int64(16511), np.int64(16512), np.int64(16513), np.int64(16514), np.int64(16515)]",16516,23603,13-35-17.205449,162,calib,"16511,16512,16513,16514,16515"
95,"[np.int64(16512), np.int64(16513), np.int64(16514), np.int64(16515), np.int64(16516)]",16517,23604,13-35-17.305619,162,calib,"16512,16513,16514,16515,16516"
95,"[np.int64(16513), np.int64(16514), np.int64(16515), np.int64(16516), np.int64(16517)]",16518,23605,13-35-17.405304,162,calib,"16513,16514,16515,16516,16517"
95,"[np.int64(16514), np.int64(16515), np.int64(16516), np.int64(16517), np.int64(16518)]",16519,23606,13-35-17.505706,162,calib,"16514,16515,16516,16517,16518"
95,"[np.int64(16515), np.int64(16516), np.int64(16517), np.int64(16518), np.int64(16519)]",16520,23607,13-35-17.605256,162,calib,"16515,16516,16517,16518,16519"
95,"[np.int64(16516), np.int64(16517), np.int64(16518), np.int64(16519), np.int64(16520)]",16521,23608,13-35-17.705523,162,calib,"16516,16517,16518,16519,16520"
95,"[np.int64(16517), np.int64(16518), np.int64(16519), np.int64(16520), np.int64(16521)]",16522,23609,13-35-17.805572,161,calib,"16517,16518,16519,16520,16521"
95,"[np.int64(16518), np.int64(16519), np.int64(16520), np.int64(16521), np.int64(16522)]",16523,23610,13-35-17.905328,162,calib,"16518,16519,16520,16521,16522"
95,"[np.int64(16519), np.int64(16520), np.int64(16521), np.int64(16522), np.int64(16523)]",16524,23611,13-35-18.005668,161,calib,"16519,16520,16521,16522,16523"
95,"[np.int64(16520), np.int64(16521), np.int64(16522), np.int64(16523), np.int64(16524)]",16525,23612,13-35-18.105406,161,calib,"16520,16521,16522,16523,16524"
95,"[np.int64(16521), np.int64(16522), np.int64(16523), np.int64(16524), np.int64(16525)]",16526,23613,13-35-18.205665,161,calib,"16521,16522,16523,16524,16525"
95,"[np.int64(16522), np.int64(16523), np.int64(16524), np.int64(16525), np.int64(16526)]",16527,23614,13-35-18.304756,162,calib,"16522,16523,16524,16525,16526"
95,"[np.int64(16523), np.int64(16524), np.int64(16525), np.int64(16526), np.int64(16527)]",16528,23615,13-35-18.405185,162,calib,"16523,16524,16525,16526,16527"
95,"[np.int64(16524), np.int64(16525), np.int64(16526), np.int64(16527), np.int64(16528)]",16529,23616,13-35-18.505161,161,calib,"16524,16525,16526,16527,16528"
95,"[np.int64(16525), np.int64(16526), np.int64(16527), np.int64(16528), np.int64(16529)]",16530,23617,13-35-18.604913,161,calib,"16525,16526,16527,16528,16529"
95,"[np.int64(16526), np.int64(16527), np.int64(16528), np.int64(16529), np.int64(16530)]",16531,23618,13-35-18.704828,162,calib,"16526,16527,16528,16529,16530"
95,"[np.int64(16527), np.int64(16528), np.int64(16529), np.int64(16530), np.int64(16531)]",16532,23619,13-35-18.805183,161,calib,"16527,16528,16529,16530,16531"
95,"[np.int64(16528), np.int64(16529), np.int64(16530), np.int64(16531), np.int64(16532)]",16533,23620,13-35-18.905048,162,calib,"16528,16529,16530,16531,16532"
95,"[np.int64(16529), np.int64(16530), np.int64(16531), np.int64(16532), np.int64(16533)]",16534,23621,13-35-19.005573,162,calib,"16529,16530,16531,16532,16533"
95,"[np.int64(16530), np.int64(16531), np.int64(16532), np.int64(16533), np.int64(16534)]",16535,23622,13-35-19.104666,161,calib,"16530,16531,16532,16533,16534"
95,"[np.int64(16531), np.int64(16532), np.int64(16533), np.int64(16534), np.int64(16535)]",16536,23623,13-35-19.204826,162,calib,"16531,16532,16533,16534,16535"
95,"[np.int64(16532), np.int64(16533), np.int64(16534), np.int64(16535), np.int64(16536)]",16537,23624,13-35-19.305380,162,calib,"16532,16533,16534,16535,16536"
95,"[np.int64(16533), np.int64(16534), np.int64(16535), np.int64(16536), np.int64(16537)]",16538,23625,13-35-19.405044,162,calib,"16533,16534,16535,16536,16537"
95,"[np.int64(16534), np.int64(16535), np.int64(16536), np.int64(16537), np.int64(16538)]",16539,23626,13-35-19.504878,162,calib,"16534,16535,16536,16537,16538"
95,"[np.int64(16535), np.int64(16536), np.int64(16537), np.int64(16538), np.int64(16539)]",16540,23627,13-35-19.604991,161,calib,"16535,16536,16537,16538,16539"
95,"[np.int64(16536), np.int64(16537), np.int64(16538), np.int64(16539), np.int64(16540)]",16541,23628,13-35-19.704828,161,calib,"16536,16537,16538,16539,16540"
95,"[np.int64(16537), np.int64(16538), np.int64(16539), np.int64(16540), np.int64(16541)]",16542,23629,13-35-19.804726,162,calib,"16537,16538,16539,16540,16541"
95,"[np.int64(16538), np.int64(16539), np.int64(16540), np.int64(16541), np.int64(16542)]",16543,23630,13-35-19.904866,161,calib,"16538,16539,16540,16541,16542"
95,"[np.int64(16539), np.int64(16540), np.int64(16541), np.int64(16542), np.int64(16543)]",16544,23631,13-35-20.005102,161,calib,"16539,16540,16541,16542,16543"
95,"[np.int64(16540), np.int64(16541), np.int64(16542), np.int64(16543), np.int64(16544)]",16545,23632,13-35-20.105178,161,calib,"16540,16541,16542,16543,16544"
95,"[np.int64(16541), np.int64(16542), np.int64(16543), np.int64(16544), np.int64(16545)]",16546,23633,13-35-20.204976,161,calib,"16541,16542,16543,16544,16545"
95,"[np.int64(16542), np.int64(16543), np.int64(16544), np.int64(16545), np.int64(16546)]",16547,23634,13-35-20.305563,162,calib,"16542,16543,16544,16545,16546"
95,"[np.int64(16543), np.int64(16544), np.int64(16545), np.int64(16546), np.int64(16547)]",16548,23635,13-35-20.405163,161,calib,"16543,16544,16545,16546,16547"
95,"[np.int64(16544), np.int64(16545), np.int64(16546), np.int64(16547), np.int64(16548)]",16549,23636,13-35-20.504709,162,calib,"16544,16545,16546,16547,16548"
95,"[np.int64(16545), np.int64(16546), np.int64(16547), np.int64(16548), np.int64(16549)]",16550,23637,13-35-20.604824,162,calib,"16545,16546,16547,16548,16549"
95,"[np.int64(16546), np.int64(16547), np.int64(16548), np.int64(16549), np.int64(16550)]",16551,23638,13-35-20.704819,161,calib,"16546,16547,16548,16549,16550"
95,"[np.int64(16547), np.int64(16548), np.int64(16549), np.int64(16550), np.int64(16551)]",16552,23639,13-35-20.805043,161,calib,"16547,16548,16549,16550,16551"
95,"[np.int64(16548), np.int64(16549), np.int64(16550), np.int64(16551), np.int64(16552)]",16553,23640,13-35-20.904687,161,calib,"16548,16549,16550,16551,16552"
95,"[np.int64(16549), np.int64(16550), np.int64(16551), np.int64(16552), np.int64(16553)]",16554,23641,13-35-21.005658,161,calib,"16549,16550,16551,16552,16553"
95,"[np.int64(16550), np.int64(16551), np.int64(16552), np.int64(16553), np.int64(16554)]",16555,23642,13-35-21.105485,161,calib,"16550,16551,16552,16553,16554"
95,"[np.int64(16551), np.int64(16552), np.int64(16553), np.int64(16554), np.int64(16555)]",16556,23643,13-35-21.205569,162,calib,"16551,16552,16553,16554,16555"
95,"[np.int64(16552), np.int64(16553), np.int64(16554), np.int64(16555), np.int64(16556)]",16557,23644,13-35-21.305537,161,calib,"16552,16553,16554,16555,16556"
95,"[np.int64(16553), np.int64(16554), np.int64(16555), np.int64(16556), np.int64(16557)]",16558,23645,13-35-21.404888,161,calib,"16553,16554,16555,16556,16557"
95,"[np.int64(16554), np.int64(16555), np.int64(16556), np.int64(16557), np.int64(16558)]",16559,23646,13-35-21.505241,162,calib,"16554,16555,16556,16557,16558"
95,"[np.int64(16555), np.int64(16556), np.int64(16557), np.int64(16558), np.int64(16559)]",16560,23647,13-35-21.605339,162,calib,"16555,16556,16557,16558,16559"
95,"[np.int64(16556), np.int64(16557), np.int64(16558), np.int64(16559), np.int64(16560)]",16561,23648,13-35-21.705446,161,calib,"16556,16557,16558,16559,16560"
95,"[np.int64(16557), np.int64(16558), np.int64(16559), np.int64(16560), np.int64(16561)]",16562,23649,13-35-21.805203,162,calib,"16557,16558,16559,16560,16561"
95,"[np.int64(16558), np.int64(16559), np.int64(16560), np.int64(16561), np.int64(16562)]",16563,23650,13-35-21.905331,161,calib,"16558,16559,16560,16561,16562"
95,"[np.int64(16559), np.int64(16560), np.int64(16561), np.int64(16562), np.int64(16563)]",16564,23651,13-35-22.005608,162,calib,"16559,16560,16561,16562,16563"
95,"[np.int64(16560), np.int64(16561), np.int64(16562), np.int64(16563), np.int64(16564)]",16565,23652,13-35-22.105009,162,calib,"16560,16561,16562,16563,16564"
95,"[np.int64(16561), np.int64(16562), np.int64(16563), np.int64(16564), np.int64(16565)]",16566,23653,13-35-22.204827,162,calib,"16561,16562,16563,16564,16565"
95,"[np.int64(16562), np.int64(16563), np.int64(16564), np.int64(16565), np.int64(16566)]",16567,23654,13-35-22.305441,161,calib,"16562,16563,16564,16565,16566"
95,"[np.int64(16563), np.int64(16564), np.int64(16565), np.int64(16566), np.int64(16567)]",16568,23655,13-35-22.405309,162,calib,"16563,16564,16565,16566,16567"
95,"[np.int64(16564), np.int64(16565), np.int64(16566), np.int64(16567), np.int64(16568)]",16569,23656,13-35-22.504854,162,calib,"16564,16565,16566,16567,16568"
95,"[np.int64(16565), np.int64(16566), np.int64(16567), np.int64(16568), np.int64(16569)]",16570,23657,13-35-22.605209,161,calib,"16565,16566,16567,16568,16569"
95,"[np.int64(16566), np.int64(16567), np.int64(16568), np.int64(16569), np.int64(16570)]",16571,23658,13-35-22.705152,162,calib,"16566,16567,16568,16569,16570"
95,"[np.int64(16567), np.int64(16568), np.int64(16569), np.int64(16570), np.int64(16571)]",16572,23659,13-35-22.804793,162,calib,"16567,16568,16569,16570,16571"
95,"[np.int64(16568), np.int64(16569), np.int64(16570), np.int64(16571), np.int64(16572)]",16573,23660,13-35-22.905372,162,calib,"16568,16569,16570,16571,16572"
95,"[np.int64(16569), np.int64(16570), np.int64(16571), np.int64(16572), np.int64(16573)]",16574,23661,13-35-23.005069,162,calib,"16569,16570,16571,16572,16573"
95,"[np.int64(16570), np.int64(16571), np.int64(16572), np.int64(16573), np.int64(16574)]",16575,23662,13-35-23.104831,162,calib,"16570,16571,16572,16573,16574"
95,"[np.int64(16571), np.int64(16572), np.int64(16573), np.int64(16574), np.int64(16575)]",16576,23663,13-35-23.205579,162,calib,"16571,16572,16573,16574,16575"
95,"[np.int64(16572), np.int64(16573), np.int64(16574), np.int64(16575), np.int64(16576)]",16577,23664,13-35-23.305665,162,calib,"16572,16573,16574,16575,16576"
95,"[np.int64(16573), np.int64(16574), np.int64(16575), np.int64(16576), np.int64(16577)]",16578,23665,13-35-23.405471,162,calib,"16573,16574,16575,16576,16577"
95,"[np.int64(16574), np.int64(16575), np.int64(16576), np.int64(16577), np.int64(16578)]",16579,23666,13-35-23.505302,161,calib,"16574,16575,16576,16577,16578"
95,"[np.int64(16575), np.int64(16576), np.int64(16577), np.int64(16578), np.int64(16579)]",16580,23667,13-35-23.605555,162,calib,"16575,16576,16577,16578,16579"
95,"[np.int64(16576), np.int64(16577), np.int64(16578), np.int64(16579), np.int64(16580)]",16581,23668,13-35-23.705650,162,calib,"16576,16577,16578,16579,16580"
95,"[np.int64(16577), np.int64(16578), np.int64(16579), np.int64(16580), np.int64(16581)]",16582,23669,13-35-23.804830,162,calib,"16577,16578,16579,16580,16581"
95,"[np.int64(16578), np.int64(16579), np.int64(16580), np.int64(16581), np.int64(16582)]",16583,23670,13-35-23.905668,162,calib,"16578,16579,16580,16581,16582"
95,"[np.int64(16579), np.int64(16580), np.int64(16581), np.int64(16582), np.int64(16583)]",16584,23671,13-35-24.005607,162,calib,"16579,16580,16581,16582,16583"
95,"[np.int64(16580), np.int64(16581), np.int64(16582), np.int64(16583), np.int64(16584)]",16585,23672,13-35-24.104919,162,calib,"16580,16581,16582,16583,16584"
95,"[np.int64(16581), np.int64(16582), np.int64(16583), np.int64(16584), np.int64(16585)]",16586,23673,13-35-24.205385,162,calib,"16581,16582,16583,16584,16585"
95,"[np.int64(16582), np.int64(16583), np.int64(16584), np.int64(16585), np.int64(16586)]",16587,23674,13-35-24.304759,161,calib,"16582,16583,16584,16585,16586"
95,"[np.int64(16583), np.int64(16584), np.int64(16585), np.int64(16586), np.int64(16587)]",16588,23675,13-35-24.404829,162,calib,"16583,16584,16585,16586,16587"
95,"[np.int64(16584), np.int64(16585), np.int64(16586), np.int64(16587), np.int64(16588)]",16589,23676,13-35-24.505517,161,calib,"16584,16585,16586,16587,16588"
95,"[np.int64(16585), np.int64(16586), np.int64(16587), np.int64(16588), np.int64(16589)]",16590,23677,13-35-24.605327,161,calib,"16585,16586,16587,16588,16589"
95,"[np.int64(16586), np.int64(16587), np.int64(16588), np.int64(16589), np.int64(16590)]",16591,23678,13-35-24.705272,162,calib,"16586,16587,16588,16589,16590"
95,"[np.int64(16587), np.int64(16588), np.int64(16589), np.int64(16590), np.int64(16591)]",16592,23679,13-35-24.805004,162,calib,"16587,16588,16589,16590,16591"
95,"[np.int64(16588), np.int64(16589), np.int64(16590), np.int64(16591), np.int64(16592)]",16593,23680,13-35-24.904670,162,calib,"16588,16589,16590,16591,16592"
95,"[np.int64(16589), np.int64(16590), np.int64(16591), np.int64(16592), np.int64(16593)]",16594,23681,13-35-25.004765,162,calib,"16589,16590,16591,16592,16593"
95,"[np.int64(16590), np.int64(16591), np.int64(16592), np.int64(16593), np.int64(16594)]",16595,23682,13-35-25.105002,162,calib,"16590,16591,16592,16593,16594"
95,"[np.int64(16591), np.int64(16592), np.int64(16593), np.int64(16594), np.int64(16595)]",16596,23683,13-35-25.205264,162,calib,"16591,16592,16593,16594,16595"
95,"[np.int64(16592), np.int64(16593), np.int64(16594), np.int64(16595), np.int64(16596)]",16597,23684,13-35-25.305376,162,calib,"16592,16593,16594,16595,16596"
95,"[np.int64(16593), np.int64(16594), np.int64(16595), np.int64(16596), np.int64(16597)]",16598,23685,13-35-25.405189,162,calib,"16593,16594,16595,16596,16597"
95,"[np.int64(16594), np.int64(16595), np.int64(16596), np.int64(16597), np.int64(16598)]",16599,23686,13-35-25.504822,162,calib,"16594,16595,16596,16597,16598"
95,"[np.int64(16595), np.int64(16596), np.int64(16597), np.int64(16598), np.int64(16599)]",16600,23687,13-35-25.605620,162,calib,"16595,16596,16597,16598,16599"
95,"[np.int64(16596), np.int64(16597), np.int64(16598), np.int64(16599), np.int64(16600)]",16601,23688,13-35-25.705377,162,calib,"16596,16597,16598,16599,16600"
95,"[np.int64(16597), np.int64(16598), np.int64(16599), np.int64(16600), np.int64(16601)]",16602,23689,13-35-25.804763,162,calib,"16597,16598,16599,16600,16601"
95,"[np.int64(16598), np.int64(16599), np.int64(16600), np.int64(16601), np.int64(16602)]",16603,23690,13-35-25.905370,162,calib,"16598,16599,16600,16601,16602"
95,"[np.int64(16599), np.int64(16600), np.int64(16601), np.int64(16602), np.int64(16603)]",16604,23691,13-35-26.005087,162,calib,"16599,16600,16601,16602,16603"
95,"[np.int64(16600), np.int64(16601), np.int64(16602), np.int64(16603), np.int64(16604)]",16605,23692,13-35-26.104857,161,calib,"16600,16601,16602,16603,16604"
95,"[np.int64(16601), np.int64(16602), np.int64(16603), np.int64(16604), np.int64(16605)]",16606,23693,13-35-26.205667,162,calib,"16601,16602,16603,16604,16605"
95,"[np.int64(16602), np.int64(16603), np.int64(16604), np.int64(16605), np.int64(16606)]",16607,23694,13-35-26.304873,162,calib,"16602,16603,16604,16605,16606"
95,"[np.int64(16603), np.int64(16604), np.int64(16605), np.int64(16606), np.int64(16607)]",16608,23695,13-35-26.405157,162,calib,"16603,16604,16605,16606,16607"
95,"[np.int64(16604), np.int64(16605), np.int64(16606), np.int64(16607), np.int64(16608)]",16609,23696,13-35-26.504734,162,calib,"16604,16605,16606,16607,16608"
95,"[np.int64(16605), np.int64(16606), np.int64(16607), np.int64(16608), np.int64(16609)]",16610,23697,13-35-26.605640,162,calib,"16605,16606,16607,16608,16609"
95,"[np.int64(16606), np.int64(16607), np.int64(16608), np.int64(16609), np.int64(16610)]",16611,23698,13-35-26.705579,162,calib,"16606,16607,16608,16609,16610"
95,"[np.int64(16607), np.int64(16608), np.int64(16609), np.int64(16610), np.int64(16611)]",16612,23699,13-35-26.805219,162,calib,"16607,16608,16609,16610,16611"
95,"[np.int64(16608), np.int64(16609), np.int64(16610), np.int64(16611), np.int64(16612)]",16613,23700,13-35-26.904749,162,calib,"16608,16609,16610,16611,16612"
95,"[np.int64(16609), np.int64(16610), np.int64(16611), np.int64(16612), np.int64(16613)]",16614,23701,13-35-27.005696,162,calib,"16609,16610,16611,16612,16613"
95,"[np.int64(16610), np.int64(16611), np.int64(16612), np.int64(16613), np.int64(16614)]",16615,23702,13-35-27.105276,162,calib,"16610,16611,16612,16613,16614"
95,"[np.int64(16611), np.int64(16612), np.int64(16613), np.int64(16614), np.int64(16615)]",16616,23703,13-35-27.204824,162,calib,"16611,16612,16613,16614,16615"
95,"[np.int64(16612), np.int64(16613), np.int64(16614), np.int64(16615), np.int64(16616)]",16617,23704,13-35-27.305167,162,calib,"16612,16613,16614,16615,16616"
95,"[np.int64(16613), np.int64(16614), np.int64(16615), np.int64(16616), np.int64(16617)]",16618,23705,13-35-27.404905,162,calib,"16613,16614,16615,16616,16617"
95,"[np.int64(16614), np.int64(16615), np.int64(16616), np.int64(16617), np.int64(16618)]",16619,23706,13-35-27.505380,162,calib,"16614,16615,16616,16617,16618"
95,"[np.int64(16615), np.int64(16616), np.int64(16617), np.int64(16618), np.int64(16619)]",16620,23707,13-35-27.604826,162,calib,"16615,16616,16617,16618,16619"
95,"[np.int64(16616), np.int64(16617), np.int64(16618), np.int64(16619), np.int64(16620)]",16621,23708,13-35-27.705101,162,calib,"16616,16617,16618,16619,16620"
95,"[np.int64(16617), np.int64(16618), np.int64(16619), np.int64(16620), np.int64(16621)]",16622,23709,13-35-27.805023,162,calib,"16617,16618,16619,16620,16621"
95,"[np.int64(16618), np.int64(16619), np.int64(16620), np.int64(16621), np.int64(16622)]",16623,23710,13-35-27.904818,162,calib,"16618,16619,16620,16621,16622"
95,"[np.int64(16619), np.int64(16620), np.int64(16621), np.int64(16622), np.int64(16623)]",16624,23711,13-35-28.004834,162,calib,"16619,16620,16621,16622,16623"
95,"[np.int64(16620), np.int64(16621), np.int64(16622), np.int64(16623), np.int64(16624)]",16625,23712,13-35-28.105258,162,calib,"16620,16621,16622,16623,16624"
95,"[np.int64(16621), np.int64(16622), np.int64(16623), np.int64(16624), np.int64(16625)]",16626,23713,13-35-28.205542,162,calib,"16621,16622,16623,16624,16625"
95,"[np.int64(16622), np.int64(16623), np.int64(16624), np.int64(16625), np.int64(16626)]",16627,23714,13-35-28.304999,162,calib,"16622,16623,16624,16625,16626"
95,"[np.int64(16623), np.int64(16624), np.int64(16625), np.int64(16626), np.int64(16627)]",16628,23715,13-35-28.404943,162,calib,"16623,16624,16625,16626,16627"
95,"[np.int64(16624), np.int64(16625), np.int64(16626), np.int64(16627), np.int64(16628)]",16629,23716,13-35-28.504944,162,calib,"16624,16625,16626,16627,16628"
95,"[np.int64(16625), np.int64(16626), np.int64(16627), np.int64(16628), np.int64(16629)]",16630,23717,13-35-28.605668,162,calib,"16625,16626,16627,16628,16629"
95,"[np.int64(16626), np.int64(16627), np.int64(16628), np.int64(16629), np.int64(16630)]",16631,23718,13-35-28.704846,162,calib,"16626,16627,16628,16629,16630"
95,"[np.int64(16627), np.int64(16628), np.int64(16629), np.int64(16630), np.int64(16631)]",16632,23719,13-35-28.804978,162,calib,"16627,16628,16629,16630,16631"
95,"[np.int64(16628), np.int64(16629), np.int64(16630), np.int64(16631), np.int64(16632)]",16633,23720,13-35-28.905591,162,calib,"16628,16629,16630,16631,16632"
95,"[np.int64(16629), np.int64(16630), np.int64(16631), np.int64(16632), np.int64(16633)]",16634,23721,13-35-29.005035,162,calib,"16629,16630,16631,16632,16633"
95,"[np.int64(16630), np.int64(16631), np.int64(16632), np.int64(16633), np.int64(16634)]",16635,23722,13-35-29.105054,162,calib,"16630,16631,16632,16633,16634"
95,"[np.int64(16631), np.int64(16632), np.int64(16633), np.int64(16634), np.int64(16635)]",16636,23723,13-35-29.204700,162,calib,"16631,16632,16633,16634,16635"
95,"[np.int64(16632), np.int64(16633), np.int64(16634), np.int64(16635), np.int64(16636)]",16637,23724,13-35-29.304992,162,calib,"16632,16633,16634,16635,16636"
95,"[np.int64(16633), np.int64(16634), np.int64(16635), np.int64(16636), np.int64(16637)]",16638,23725,13-35-29.405623,162,calib,"16633,16634,16635,16636,16637"
95,"[np.int64(16634), np.int64(16635), np.int64(16636), np.int64(16637), np.int64(16638)]",16639,23726,13-35-29.505214,162,calib,"16634,16635,16636,16637,16638"
95,"[np.int64(16635), np.int64(16636), np.int64(16637), np.int64(16638), np.int64(16639)]",16640,23727,13-35-29.605145,162,calib,"16635,16636,16637,16638,16639"
95,"[np.int64(16636), np.int64(16637), np.int64(16638), np.int64(16639), np.int64(16640)]",16641,23728,13-35-29.704709,162,calib,"16636,16637,16638,16639,16640"
95,"[np.int64(16637), np.int64(16638), np.int64(16639), np.int64(16640), np.int64(16641)]",16642,23729,13-35-29.805082,162,calib,"16637,16638,16639,16640,16641"
95,"[np.int64(16638), np.int64(16639), np.int64(16640), np.int64(16641), np.int64(16642)]",16643,23730,13-35-29.905563,162,calib,"16638,16639,16640,16641,16642"
95,"[np.int64(16639), np.int64(16640), np.int64(16641), np.int64(16642), np.int64(16643)]",16644,23731,13-35-30.005423,162,calib,"16639,16640,16641,16642,16643"
95,"[np.int64(16640), np.int64(16641), np.int64(16642), np.int64(16643), np.int64(16644)]",16645,23732,13-35-30.104722,162,calib,"16640,16641,16642,16643,16644"
95,"[np.int64(16641), np.int64(16642), np.int64(16643), np.int64(16644), np.int64(16645)]",16646,23733,13-35-30.205259,162,calib,"16641,16642,16643,16644,16645"
95,"[np.int64(16642), np.int64(16643), np.int64(16644), np.int64(16645), np.int64(16646)]",16647,23734,13-35-30.304825,162,calib,"16642,16643,16644,16645,16646"
95,"[np.int64(16643), np.int64(16644), np.int64(16645), np.int64(16646), np.int64(16647)]",16648,23735,13-35-30.404833,162,calib,"16643,16644,16645,16646,16647"
95,"[np.int64(16644), np.int64(16645), np.int64(16646), np.int64(16647), np.int64(16648)]",16649,23736,13-35-30.504760,162,calib,"16644,16645,16646,16647,16648"
95,"[np.int64(16645), np.int64(16646), np.int64(16647), np.int64(16648), np.int64(16649)]",16650,23737,13-35-30.604997,162,calib,"16645,16646,16647,16648,16649"
95,"[np.int64(16646), np.int64(16647), np.int64(16648), np.int64(16649), np.int64(16650)]",16651,23738,13-35-30.704745,162,calib,"16646,16647,16648,16649,16650"
95,"[np.int64(16647), np.int64(16648), np.int64(16649), np.int64(16650), np.int64(16651)]",16652,23739,13-35-30.804687,162,calib,"16647,16648,16649,16650,16651"
95,"[np.int64(16648), np.int64(16649), np.int64(16650), np.int64(16651), np.int64(16652)]",16653,23740,13-35-30.905669,162,calib,"16648,16649,16650,16651,16652"
95,"[np.int64(16649), np.int64(16650), np.int64(16651), np.int64(16652), np.int64(16653)]",16654,23741,13-35-31.004719,162,calib,"16649,16650,16651,16652,16653"
95,"[np.int64(16650), np.int64(16651), np.int64(16652), np.int64(16653), np.int64(16654)]",16655,23742,13-35-31.104960,162,calib,"16650,16651,16652,16653,16654"
95,"[np.int64(16651), np.int64(16652), np.int64(16653), np.int64(16654), np.int64(16655)]",16656,23743,13-35-31.204835,162,calib,"16651,16652,16653,16654,16655"
95,"[np.int64(16652), np.int64(16653), np.int64(16654), np.int64(16655), np.int64(16656)]",16657,23744,13-35-31.305128,162,calib,"16652,16653,16654,16655,16656"
95,"[np.int64(16653), np.int64(16654), np.int64(16655), np.int64(16656), np.int64(16657)]",16658,23745,13-35-31.405664,162,calib,"16653,16654,16655,16656,16657"
95,"[np.int64(16654), np.int64(16655), np.int64(16656), np.int64(16657), np.int64(16658)]",16659,23746,13-35-31.505619,162,calib,"16654,16655,16656,16657,16658"
95,"[np.int64(16655), np.int64(16656), np.int64(16657), np.int64(16658), np.int64(16659)]",16660,23747,13-35-31.604685,162,calib,"16655,16656,16657,16658,16659"
95,"[np.int64(16656), np.int64(16657), np.int64(16658), np.int64(16659), np.int64(16660)]",16661,23748,13-35-31.705585,162,calib,"16656,16657,16658,16659,16660"
95,"[np.int64(16657), np.int64(16658), np.int64(16659), np.int64(16660), np.int64(16661)]",16662,23749,13-35-31.804718,162,calib,"16657,16658,16659,16660,16661"
95,"[np.int64(16658), np.int64(16659), np.int64(16660), np.int64(16661), np.int64(16662)]",16663,23750,13-35-31.905009,162,calib,"16658,16659,16660,16661,16662"
95,"[np.int64(16659), np.int64(16660), np.int64(16661), np.int64(16662), np.int64(16663)]",16664,23751,13-35-32.004927,162,calib,"16659,16660,16661,16662,16663"
95,"[np.int64(16660), np.int64(16661), np.int64(16662), np.int64(16663), np.int64(16664)]",16665,23752,13-35-32.105146,162,calib,"16660,16661,16662,16663,16664"
95,"[np.int64(16661), np.int64(16662), np.int64(16663), np.int64(16664), np.int64(16665)]",16666,23753,13-35-32.205079,162,calib,"16661,16662,16663,16664,16665"
95,"[np.int64(16662), np.int64(16663), np.int64(16664), np.int64(16665), np.int64(16666)]",16667,23754,13-35-32.305378,162,calib,"16662,16663,16664,16665,16666"
95,"[np.int64(16663), np.int64(16664), np.int64(16665), np.int64(16666), np.int64(16667)]",16668,23755,13-35-32.405581,163,calib,"16663,16664,16665,16666,16667"
95,"[np.int64(16664), np.int64(16665), np.int64(16666), np.int64(16667), np.int64(16668)]",16669,23756,13-35-32.505091,162,calib,"16664,16665,16666,16667,16668"
95,"[np.int64(16665), np.int64(16666), np.int64(16667), np.int64(16668), np.int64(16669)]",16670,23757,13-35-32.605371,163,calib,"16665,16666,16667,16668,16669"
95,"[np.int64(16666), np.int64(16667), np.int64(16668), np.int64(16669), np.int64(16670)]",16671,23758,13-35-32.705148,162,calib,"16666,16667,16668,16669,16670"
95,"[np.int64(16667), np.int64(16668), np.int64(16669), np.int64(16670), np.int64(16671)]",16672,23759,13-35-32.805323,162,calib,"16667,16668,16669,16670,16671"
95,"[np.int64(16668), np.int64(16669), np.int64(16670), np.int64(16671), np.int64(16672)]",16673,23760,13-35-32.904989,162,calib,"16668,16669,16670,16671,16672"
95,"[np.int64(16669), np.int64(16670), np.int64(16671), np.int64(16672), np.int64(16673)]",16674,23761,13-35-33.005220,162,calib,"16669,16670,16671,16672,16673"
95,"[np.int64(16670), np.int64(16671), np.int64(16672), np.int64(16673), np.int64(16674)]",16675,23762,13-35-33.104833,162,calib,"16670,16671,16672,16673,16674"
95,"[np.int64(16671), np.int64(16672), np.int64(16673), np.int64(16674), np.int64(16675)]",16676,23763,13-35-33.204829,162,calib,"16671,16672,16673,16674,16675"
95,"[np.int64(16672), np.int64(16673), np.int64(16674), np.int64(16675), np.int64(16676)]",16677,23764,13-35-33.305096,162,calib,"16672,16673,16674,16675,16676"
95,"[np.int64(16673), np.int64(16674), np.int64(16675), np.int64(16676), np.int64(16677)]",16678,23765,13-35-33.405690,162,calib,"16673,16674,16675,16676,16677"
95,"[np.int64(16674), np.int64(16675), np.int64(16676), np.int64(16677), np.int64(16678)]",16679,23766,13-35-33.504700,162,calib,"16674,16675,16676,16677,16678"
95,"[np.int64(16675), np.int64(16676), np.int64(16677), np.int64(16678), np.int64(16679)]",16680,23767,13-35-33.605020,162,calib,"16675,16676,16677,16678,16679"
95,"[np.int64(16676), np.int64(16677), np.int64(16678), np.int64(16679), np.int64(16680)]",16681,23768,13-35-33.705227,162,calib,"16676,16677,16678,16679,16680"
95,"[np.int64(16677), np.int64(16678), np.int64(16679), np.int64(16680), np.int64(16681)]",16682,23769,13-35-33.804970,162,calib,"16677,16678,16679,16680,16681"
95,"[np.int64(16678), np.int64(16679), np.int64(16680), np.int64(16681), np.int64(16682)]",16683,23770,13-35-33.905374,162,calib,"16678,16679,16680,16681,16682"
95,"[np.int64(16679), np.int64(16680), np.int64(16681), np.int64(16682), np.int64(16683)]",16684,23771,13-35-34.005207,162,calib,"16679,16680,16681,16682,16683"
95,"[np.int64(16680), np.int64(16681), np.int64(16682), np.int64(16683), np.int64(16684)]",16685,23772,13-35-34.104778,162,calib,"16680,16681,16682,16683,16684"
95,"[np.int64(16681), np.int64(16682), np.int64(16683), np.int64(16684), np.int64(16685)]",16686,23773,13-35-34.204854,162,calib,"16681,16682,16683,16684,16685"
95,"[np.int64(16682), np.int64(16683), np.int64(16684), np.int64(16685), np.int64(16686)]",16687,23774,13-35-34.305492,162,calib,"16682,16683,16684,16685,16686"
95,"[np.int64(16683), np.int64(16684), np.int64(16685), np.int64(16686), np.int64(16687)]",16688,23775,13-35-34.405278,162,calib,"16683,16684,16685,16686,16687"
95,"[np.int64(16684), np.int64(16685), np.int64(16686), np.int64(16687), np.int64(16688)]",16689,23776,13-35-34.505271,162,calib,"16684,16685,16686,16687,16688"
95,"[np.int64(16685), np.int64(16686), np.int64(16687), np.int64(16688), np.int64(16689)]",16690,23777,13-35-34.604832,162,calib,"16685,16686,16687,16688,16689"
95,"[np.int64(16686), np.int64(16687), np.int64(16688), np.int64(16689), np.int64(16690)]",16691,23778,13-35-34.704688,162,calib,"16686,16687,16688,16689,16690"
95,"[np.int64(16687), np.int64(16688), np.int64(16689), np.int64(16690), np.int64(16691)]",16692,23779,13-35-34.804830,162,calib,"16687,16688,16689,16690,16691"
95,"[np.int64(16688), np.int64(16689), np.int64(16690), np.int64(16691), np.int64(16692)]",16693,23780,13-35-34.905488,162,calib,"16688,16689,16690,16691,16692"
95,"[np.int64(16689), np.int64(16690), np.int64(16691), np.int64(16692), np.int64(16693)]",16694,23781,13-35-35.005232,162,calib,"16689,16690,16691,16692,16693"
95,"[np.int64(16690), np.int64(16691), np.int64(16692), np.int64(16693), np.int64(16694)]",16695,23782,13-35-35.104855,162,calib,"16690,16691,16692,16693,16694"
95,"[np.int64(16691), np.int64(16692), np.int64(16693), np.int64(16694), np.int64(16695)]",16696,23783,13-35-35.205131,162,calib,"16691,16692,16693,16694,16695"
95,"[np.int64(16692), np.int64(16693), np.int64(16694), np.int64(16695), np.int64(16696)]",16697,23784,13-35-35.305621,162,calib,"16692,16693,16694,16695,16696"
95,"[np.int64(16693), np.int64(16694), np.int64(16695), np.int64(16696), np.int64(16697)]",16698,23785,13-35-35.405466,162,calib,"16693,16694,16695,16696,16697"
95,"[np.int64(16694), np.int64(16695), np.int64(16696), np.int64(16697), np.int64(16698)]",16699,23786,13-35-35.505191,162,calib,"16694,16695,16696,16697,16698"
95,"[np.int64(16695), np.int64(16696), np.int64(16697), np.int64(16698), np.int64(16699)]",16700,23787,13-35-35.605107,162,calib,"16695,16696,16697,16698,16699"
95,"[np.int64(16696), np.int64(16697), np.int64(16698), np.int64(16699), np.int64(16700)]",16701,23788,13-35-35.705212,162,calib,"16696,16697,16698,16699,16700"
95,"[np.int64(16697), np.int64(16698), np.int64(16699), np.int64(16700), np.int64(16701)]",16702,23789,13-35-35.805478,162,calib,"16697,16698,16699,16700,16701"
95,"[np.int64(16698), np.int64(16699), np.int64(16700), np.int64(16701), np.int64(16702)]",16703,23790,13-35-35.905639,162,calib,"16698,16699,16700,16701,16702"
95,"[np.int64(16699), np.int64(16700), np.int64(16701), np.int64(16702), np.int64(16703)]",16704,23791,13-35-36.005058,162,calib,"16699,16700,16701,16702,16703"
95,"[np.int64(16700), np.int64(16701), np.int64(16702), np.int64(16703), np.int64(16704)]",16705,23792,13-35-36.105183,162,calib,"16700,16701,16702,16703,16704"
95,"[np.int64(16701), np.int64(16702), np.int64(16703), np.int64(16704), np.int64(16705)]",16706,23793,13-35-36.205042,162,calib,"16701,16702,16703,16704,16705"
95,"[np.int64(16702), np.int64(16703), np.int64(16704), np.int64(16705), np.int64(16706)]",16707,23794,13-35-36.305329,162,calib,"16702,16703,16704,16705,16706"
95,"[np.int64(16703), np.int64(16704), np.int64(16705), np.int64(16706), np.int64(16707)]",16708,23795,13-35-36.404735,162,calib,"16703,16704,16705,16706,16707"
95,"[np.int64(16704), np.int64(16705), np.int64(16706), np.int64(16707), np.int64(16708)]",16709,23796,13-35-36.504902,162,calib,"16704,16705,16706,16707,16708"
95,"[np.int64(16705), np.int64(16706), np.int64(16707), np.int64(16708), np.int64(16709)]",16710,23797,13-35-36.604775,162,calib,"16705,16706,16707,16708,16709"
95,"[np.int64(16706), np.int64(16707), np.int64(16708), np.int64(16709), np.int64(16710)]",16711,23798,13-35-36.704763,162,calib,"16706,16707,16708,16709,16710"
95,"[np.int64(16707), np.int64(16708), np.int64(16709), np.int64(16710), np.int64(16711)]",16712,23799,13-35-36.805497,162,calib,"16707,16708,16709,16710,16711"
95,"[np.int64(16708), np.int64(16709), np.int64(16710), np.int64(16711), np.int64(16712)]",16713,23800,13-35-36.904967,162,calib,"16708,16709,16710,16711,16712"
95,"[np.int64(16709), np.int64(16710), np.int64(16711), np.int64(16712), np.int64(16713)]",16714,23801,13-35-37.004904,162,calib,"16709,16710,16711,16712,16713"
95,"[np.int64(16710), np.int64(16711), np.int64(16712), np.int64(16713), np.int64(16714)]",16715,23802,13-35-37.104757,162,calib,"16710,16711,16712,16713,16714"
95,"[np.int64(16711), np.int64(16712), np.int64(16713), np.int64(16714), np.int64(16715)]",16716,23803,13-35-37.205177,162,calib,"16711,16712,16713,16714,16715"
95,"[np.int64(16712), np.int64(16713), np.int64(16714), np.int64(16715), np.int64(16716)]",16717,23804,13-35-37.304743,162,calib,"16712,16713,16714,16715,16716"
95,"[np.int64(16713), np.int64(16714), np.int64(16715), np.int64(16716), np.int64(16717)]",16718,23805,13-35-37.404678,162,calib,"16713,16714,16715,16716,16717"
95,"[np.int64(16714), np.int64(16715), np.int64(16716), np.int64(16717), np.int64(16718)]",16719,23806,13-35-37.505008,162,calib,"16714,16715,16716,16717,16718"
95,"[np.int64(16715), np.int64(16716), np.int64(16717), np.int64(16718), np.int64(16719)]",16720,23807,13-35-37.605494,162,calib,"16715,16716,16717,16718,16719"
95,"[np.int64(16716), np.int64(16717), np.int64(16718), np.int64(16719), np.int64(16720)]",16721,23808,13-35-37.704739,162,calib,"16716,16717,16718,16719,16720"
95,"[np.int64(16717), np.int64(16718), np.int64(16719), np.int64(16720), np.int64(16721)]",16722,23809,13-35-37.805601,162,calib,"16717,16718,16719,16720,16721"
95,"[np.int64(16718), np.int64(16719), np.int64(16720), np.int64(16721), np.int64(16722)]",16723,23810,13-35-37.905338,148,calib,"16718,16719,16720,16721,16722"
95,"[np.int64(16719), np.int64(16720), np.int64(16721), np.int64(16722), np.int64(16723)]",16724,23811,13-35-38.004649,162,calib,"16719,16720,16721,16722,16723"
95,"[np.int64(16720), np.int64(16721), np.int64(16722), np.int64(16723), np.int64(16724)]",16725,23812,13-35-38.105554,162,calib,"16720,16721,16722,16723,16724"
95,"[np.int64(16721), np.int64(16722), np.int64(16723), np.int64(16724), np.int64(16725)]",16726,23813,13-35-38.204733,162,calib,"16721,16722,16723,16724,16725"
95,"[np.int64(16722), np.int64(16723), np.int64(16724), np.int64(16725), np.int64(16726)]",16727,23814,13-35-38.304827,162,calib,"16722,16723,16724,16725,16726"
95,"[np.int64(16723), np.int64(16724), np.int64(16725), np.int64(16726), np.int64(16727)]",16728,23815,13-35-38.405262,162,calib,"16723,16724,16725,16726,16727"
95,"[np.int64(16724), np.int64(16725), np.int64(16726), np.int64(16727), np.int64(16728)]",16729,23816,13-35-38.505324,162,calib,"16724,16725,16726,16727,16728"
95,"[np.int64(16725), np.int64(16726), np.int64(16727), np.int64(16728), np.int64(16729)]",16730,23817,13-35-38.605420,162,calib,"16725,16726,16727,16728,16729"
95,"[np.int64(16726), np.int64(16727), np.int64(16728), np.int64(16729), np.int64(16730)]",16731,23818,13-35-38.705109,162,calib,"16726,16727,16728,16729,16730"
95,"[np.int64(16727), np.int64(16728), np.int64(16729), np.int64(16730), np.int64(16731)]",16732,23819,13-35-38.805618,162,calib,"16727,16728,16729,16730,16731"
95,"[np.int64(16728), np.int64(16729), np.int64(16730), np.int64(16731), np.int64(16732)]",16733,23820,13-35-38.905257,162,calib,"16728,16729,16730,16731,16732"
95,"[np.int64(16729), np.int64(16730), np.int64(16731), np.int64(16732), np.int64(16733)]",16734,23821,13-35-39.004760,162,calib,"16729,16730,16731,16732,16733"
95,"[np.int64(16730), np.int64(16731), np.int64(16732), np.int64(16733), np.int64(16734)]",16735,23822,13-35-39.105291,162,calib,"16730,16731,16732,16733,16734"
95,"[np.int64(16731), np.int64(16732), np.int64(16733), np.int64(16734), np.int64(16735)]",16736,23823,13-35-39.205137,162,calib,"16731,16732,16733,16734,16735"
95,"[np.int64(16732), np.int64(16733), np.int64(16734), np.int64(16735), np.int64(16736)]",16737,23824,13-35-39.305666,162,calib,"16732,16733,16734,16735,16736"
95,"[np.int64(16733), np.int64(16734), np.int64(16735), np.int64(16736), np.int64(16737)]",16738,23825,13-35-39.405061,162,calib,"16733,16734,16735,16736,16737"
95,"[np.int64(16734), np.int64(16735), np.int64(16736), np.int64(16737), np.int64(16738)]",16739,23826,13-35-39.505618,162,calib,"16734,16735,16736,16737,16738"
95,"[np.int64(16735), np.int64(16736), np.int64(16737), np.int64(16738), np.int64(16739)]",16740,23827,13-35-39.605171,163,calib,"16735,16736,16737,16738,16739"
95,"[np.int64(16736), np.int64(16737), np.int64(16738), np.int64(16739), np.int64(16740)]",16741,23828,13-35-39.704826,162,calib,"16736,16737,16738,16739,16740"
95,"[np.int64(16737), np.int64(16738), np.int64(16739), np.int64(16740), np.int64(16741)]",16742,23829,13-35-39.805471,162,calib,"16737,16738,16739,16740,16741"
95,"[np.int64(16738), np.int64(16739), np.int64(16740), np.int64(16741), np.int64(16742)]",16743,23830,13-35-39.905675,162,calib,"16738,16739,16740,16741,16742"
95,"[np.int64(16739), np.int64(16740), np.int64(16741), np.int64(16742), np.int64(16743)]",16744,23831,13-35-40.004831,162,calib,"16739,16740,16741,16742,16743"
95,"[np.int64(16740), np.int64(16741), np.int64(16742), np.int64(16743), np.int64(16744)]",16745,23832,13-35-40.105205,162,calib,"16740,16741,16742,16743,16744"
95,"[np.int64(16741), np.int64(16742), np.int64(16743), np.int64(16744), np.int64(16745)]",16746,23833,13-35-40.205358,162,calib,"16741,16742,16743,16744,16745"
95,"[np.int64(16742), np.int64(16743), np.int64(16744), np.int64(16745), np.int64(16746)]",16747,23834,13-35-40.305261,162,calib,"16742,16743,16744,16745,16746"
95,"[np.int64(16743), np.int64(16744), np.int64(16745), np.int64(16746), np.int64(16747)]",16748,23835,13-35-40.404764,162,calib,"16743,16744,16745,16746,16747"
95,"[np.int64(16744), np.int64(16745), np.int64(16746), np.int64(16747), np.int64(16748)]",16749,23836,13-35-40.504826,162,calib,"16744,16745,16746,16747,16748"
95,"[np.int64(16745), np.int64(16746), np.int64(16747), np.int64(16748), np.int64(16749)]",16750,23837,13-35-40.605281,162,calib,"16745,16746,16747,16748,16749"
95,"[np.int64(16746), np.int64(16747), np.int64(16748), np.int64(16749), np.int64(16750)]",16751,23838,13-35-40.704960,162,calib,"16746,16747,16748,16749,16750"
95,"[np.int64(16747), np.int64(16748), np.int64(16749), np.int64(16750), np.int64(16751)]",16752,23839,13-35-40.804775,162,calib,"16747,16748,16749,16750,16751"
95,"[np.int64(16748), np.int64(16749), np.int64(16750), np.int64(16751), np.int64(16752)]",16753,23840,13-35-40.905538,162,calib,"16748,16749,16750,16751,16752"
95,"[np.int64(16749), np.int64(16750), np.int64(16751), np.int64(16752), np.int64(16753)]",16754,23841,13-35-41.005334,162,calib,"16749,16750,16751,16752,16753"
95,"[np.int64(16750), np.int64(16751), np.int64(16752), np.int64(16753), np.int64(16754)]",16755,23842,13-35-41.104864,162,calib,"16750,16751,16752,16753,16754"
95,"[np.int64(16751), np.int64(16752), np.int64(16753), np.int64(16754), np.int64(16755)]",16756,23843,13-35-41.205322,162,calib,"16751,16752,16753,16754,16755"
95,"[np.int64(16752), np.int64(16753), np.int64(16754), np.int64(16755), np.int64(16756)]",16757,23844,13-35-41.305478,149,calib,"16752,16753,16754,16755,16756"
95,"[np.int64(16753), np.int64(16754), np.int64(16755), np.int64(16756), np.int64(16757)]",16758,23845,13-35-41.405667,163,calib,"16753,16754,16755,16756,16757"
95,"[np.int64(16754), np.int64(16755), np.int64(16756), np.int64(16757), np.int64(16758)]",16759,23846,13-35-41.505385,162,calib,"16754,16755,16756,16757,16758"
95,"[np.int64(16755), np.int64(16756), np.int64(16757), np.int64(16758), np.int64(16759)]",16760,23847,13-35-41.605007,162,calib,"16755,16756,16757,16758,16759"
95,"[np.int64(16756), np.int64(16757), np.int64(16758), np.int64(16759), np.int64(16760)]",16761,23848,13-35-41.705472,162,calib,"16756,16757,16758,16759,16760"
95,"[np.int64(16757), np.int64(16758), np.int64(16759), np.int64(16760), np.int64(16761)]",16762,23849,13-35-41.805667,162,calib,"16757,16758,16759,16760,16761"
95,"[np.int64(16758), np.int64(16759), np.int64(16760), np.int64(16761), np.int64(16762)]",16763,23850,13-35-41.904863,163,calib,"16758,16759,16760,16761,16762"
95,"[np.int64(16759), np.int64(16760), np.int64(16761), np.int64(16762), np.int64(16763)]",16764,23851,13-35-42.005191,162,calib,"16759,16760,16761,16762,16763"
95,"[np.int64(16760), np.int64(16761), np.int64(16762), np.int64(16763), np.int64(16764)]",16765,23852,13-35-42.105198,149,calib,"16760,16761,16762,16763,16764"
95,"[np.int64(16761), np.int64(16762), np.int64(16763), np.int64(16764), np.int64(16765)]",16766,23853,13-35-42.204819,162,calib,"16761,16762,16763,16764,16765"
95,"[np.int64(16762), np.int64(16763), np.int64(16764), np.int64(16765), np.int64(16766)]",16767,23854,13-35-42.304786,163,calib,"16762,16763,16764,16765,16766"
95,"[np.int64(16763), np.int64(16764), np.int64(16765), np.int64(16766), np.int64(16767)]",16768,23855,13-35-42.405143,162,calib,"16763,16764,16765,16766,16767"
95,"[np.int64(16764), np.int64(16765), np.int64(16766), np.int64(16767), np.int64(16768)]",16769,23856,13-35-42.505096,162,calib,"16764,16765,16766,16767,16768"
95,"[np.int64(16765), np.int64(16766), np.int64(16767), np.int64(16768), np.int64(16769)]",16770,23857,13-35-42.604838,162,calib,"16765,16766,16767,16768,16769"
95,"[np.int64(16766), np.int64(16767), np.int64(16768), np.int64(16769), np.int64(16770)]",16771,23858,13-35-42.705039,162,calib,"16766,16767,16768,16769,16770"
95,"[np.int64(16767), np.int64(16768), np.int64(16769), np.int64(16770), np.int64(16771)]",16772,23859,13-35-42.804962,162,calib,"16767,16768,16769,16770,16771"
95,"[np.int64(16768), np.int64(16769), np.int64(16770), np.int64(16771), np.int64(16772)]",16773,23860,13-35-42.905554,162,calib,"16768,16769,16770,16771,16772"
95,"[np.int64(16769), np.int64(16770), np.int64(16771), np.int64(16772), np.int64(16773)]",16774,23861,13-35-43.004797,162,calib,"16769,16770,16771,16772,16773"
95,"[np.int64(16770), np.int64(16771), np.int64(16772), np.int64(16773), np.int64(16774)]",16775,23862,13-35-43.105161,162,calib,"16770,16771,16772,16773,16774"
95,"[np.int64(16771), np.int64(16772), np.int64(16773), np.int64(16774), np.int64(16775)]",16776,23863,13-35-43.205233,162,calib,"16771,16772,16773,16774,16775"
95,"[np.int64(16772), np.int64(16773), np.int64(16774), np.int64(16775), np.int64(16776)]",16777,23864,13-35-43.304892,162,calib,"16772,16773,16774,16775,16776"
95,"[np.int64(16773), np.int64(16774), np.int64(16775), np.int64(16776), np.int64(16777)]",16778,23865,13-35-43.404744,162,calib,"16773,16774,16775,16776,16777"
95,"[np.int64(16774), np.int64(16775), np.int64(16776), np.int64(16777), np.int64(16778)]",16779,23866,13-35-43.505141,162,calib,"16774,16775,16776,16777,16778"
95,"[np.int64(16775), np.int64(16776), np.int64(16777), np.int64(16778), np.int64(16779)]",16780,23867,13-35-43.604930,162,calib,"16775,16776,16777,16778,16779"
95,"[np.int64(16776), np.int64(16777), np.int64(16778), np.int64(16779), np.int64(16780)]",16781,23868,13-35-43.705302,162,calib,"16776,16777,16778,16779,16780"
95,"[np.int64(16777), np.int64(16778), np.int64(16779), np.int64(16780), np.int64(16781)]",16782,23869,13-35-43.805398,162,calib,"16777,16778,16779,16780,16781"
95,"[np.int64(16778), np.int64(16779), np.int64(16780), np.int64(16781), np.int64(16782)]",16783,23870,13-35-43.905027,162,calib,"16778,16779,16780,16781,16782"
95,"[np.int64(16779), np.int64(16780), np.int64(16781), np.int64(16782), np.int64(16783)]",16784,23871,13-35-44.005320,162,calib,"16779,16780,16781,16782,16783"
95,"[np.int64(16780), np.int64(16781), np.int64(16782), np.int64(16783), np.int64(16784)]",16785,23872,13-35-44.105467,162,calib,"16780,16781,16782,16783,16784"
95,"[np.int64(16781), np.int64(16782), np.int64(16783), np.int64(16784), np.int64(16785)]",16786,23873,13-35-44.205242,162,calib,"16781,16782,16783,16784,16785"
95,"[np.int64(16782), np.int64(16783), np.int64(16784), np.int64(16785), np.int64(16786)]",16787,23874,13-35-44.304904,162,calib,"16782,16783,16784,16785,16786"
95,"[np.int64(16783), np.int64(16784), np.int64(16785), np.int64(16786), np.int64(16787)]",16788,23875,13-35-44.405468,163,calib,"16783,16784,16785,16786,16787"
95,"[np.int64(16784), np.int64(16785), np.int64(16786), np.int64(16787), np.int64(16788)]",16789,23876,13-35-44.504931,163,calib,"16784,16785,16786,16787,16788"
95,"[np.int64(16785), np.int64(16786), np.int64(16787), np.int64(16788), np.int64(16789)]",16790,23877,13-35-44.605495,163,calib,"16785,16786,16787,16788,16789"
95,"[np.int64(16786), np.int64(16787), np.int64(16788), np.int64(16789), np.int64(16790)]",16791,23878,13-35-44.704726,163,calib,"16786,16787,16788,16789,16790"
95,"[np.int64(16787), np.int64(16788), np.int64(16789), np.int64(16790), np.int64(16791)]",16792,23879,13-35-44.805247,163,calib,"16787,16788,16789,16790,16791"
95,"[np.int64(16788), np.int64(16789), np.int64(16790), np.int64(16791), np.int64(16792)]",16793,23880,13-35-44.905573,164,calib,"16788,16789,16790,16791,16792"
95,"[np.int64(16789), np.int64(16790), np.int64(16791), np.int64(16792), np.int64(16793)]",16794,23881,13-35-45.004816,164,calib,"16789,16790,16791,16792,16793"
95,"[np.int64(16790), np.int64(16791), np.int64(16792), np.int64(16793), np.int64(16794)]",16795,23882,13-35-45.105255,163,calib,"16790,16791,16792,16793,16794"
95,"[np.int64(16791), np.int64(16792), np.int64(16793), np.int64(16794), np.int64(16795)]",16796,23883,13-35-45.205571,164,calib,"16791,16792,16793,16794,16795"
95,"[np.int64(16792), np.int64(16793), np.int64(16794), np.int64(16795), np.int64(16796)]",16797,23884,13-35-45.305666,164,calib,"16792,16793,16794,16795,16796"
95,"[np.int64(16793), np.int64(16794), np.int64(16795), np.int64(16796), np.int64(16797)]",16798,23885,13-35-45.405493,164,calib,"16793,16794,16795,16796,16797"
95,"[np.int64(16794), np.int64(16795), np.int64(16796), np.int64(16797), np.int64(16798)]",16799,23886,13-35-45.505598,164,calib,"16794,16795,16796,16797,16798"
95,"[np.int64(16795), np.int64(16796), np.int64(16797), np.int64(16798), np.int64(16799)]",16800,23887,13-35-45.605503,164,calib,"16795,16796,16797,16798,16799"
95,"[np.int64(16796), np.int64(16797), np.int64(16798), np.int64(16799), np.int64(16800)]",16801,23888,13-35-45.705254,164,calib,"16796,16797,16798,16799,16800"
95,"[np.int64(16797), np.int64(16798), np.int64(16799), np.int64(16800), np.int64(16801)]",16802,23889,13-35-45.805303,164,calib,"16797,16798,16799,16800,16801"
95,"[np.int64(16798), np.int64(16799), np.int64(16800), np.int64(16801), np.int64(16802)]",16803,23890,13-35-45.904666,164,calib,"16798,16799,16800,16801,16802"
95,"[np.int64(16799), np.int64(16800), np.int64(16801), np.int64(16802), np.int64(16803)]",16804,23891,13-35-46.004774,164,calib,"16799,16800,16801,16802,16803"
95,"[np.int64(16800), np.int64(16801), np.int64(16802), np.int64(16803), np.int64(16804)]",16805,23892,13-35-46.105373,164,calib,"16800,16801,16802,16803,16804"
95,"[np.int64(16801), np.int64(16802), np.int64(16803), np.int64(16804), np.int64(16805)]",16806,23893,13-35-46.204782,164,calib,"16801,16802,16803,16804,16805"
95,"[np.int64(16802), np.int64(16803), np.int64(16804), np.int64(16805), np.int64(16806)]",16807,23894,13-35-46.305186,164,calib,"16802,16803,16804,16805,16806"
95,"[np.int64(16803), np.int64(16804), np.int64(16805), np.int64(16806), np.int64(16807)]",16808,23895,13-35-46.405049,164,calib,"16803,16804,16805,16806,16807"
95,"[np.int64(16804), np.int64(16805), np.int64(16806), np.int64(16807), np.int64(16808)]",16809,23896,13-35-46.504831,165,calib,"16804,16805,16806,16807,16808"
95,"[np.int64(16805), np.int64(16806), np.int64(16807), np.int64(16808), np.int64(16809)]",16810,23897,13-35-46.605253,165,calib,"16805,16806,16807,16808,16809"
95,"[np.int64(16806), np.int64(16807), np.int64(16808), np.int64(16809), np.int64(16810)]",16811,23898,13-35-46.705125,165,calib,"16806,16807,16808,16809,16810"
95,"[np.int64(16807), np.int64(16808), np.int64(16809), np.int64(16810), np.int64(16811)]",16812,23899,13-35-46.804651,165,calib,"16807,16808,16809,16810,16811"
95,"[np.int64(16808), np.int64(16809), np.int64(16810), np.int64(16811), np.int64(16812)]",16813,23900,13-35-46.904830,166,calib,"16808,16809,16810,16811,16812"
95,"[np.int64(16809), np.int64(16810), np.int64(16811), np.int64(16812), np.int64(16813)]",16814,23901,13-35-47.004818,165,calib,"16809,16810,16811,16812,16813"
95,"[np.int64(16810), np.int64(16811), np.int64(16812), np.int64(16813), np.int64(16814)]",16815,23902,13-35-47.105099,165,calib,"16810,16811,16812,16813,16814"
95,"[np.int64(16811), np.int64(16812), np.int64(16813), np.int64(16814), np.int64(16815)]",16816,23903,13-35-47.205399,165,calib,"16811,16812,16813,16814,16815"
95,"[np.int64(16812), np.int64(16813), np.int64(16814), np.int64(16815), np.int64(16816)]",16817,23904,13-35-47.305344,165,calib,"16812,16813,16814,16815,16816"
95,"[np.int64(16813), np.int64(16814), np.int64(16815), np.int64(16816), np.int64(16817)]",16818,23905,13-35-47.405403,166,calib,"16813,16814,16815,16816,16817"
95,"[np.int64(16814), np.int64(16815), np.int64(16816), np.int64(16817), np.int64(16818)]",16819,23906,13-35-47.505490,166,calib,"16814,16815,16816,16817,16818"
95,"[np.int64(16815), np.int64(16816), np.int64(16817), np.int64(16818), np.int64(16819)]",16820,23907,13-35-47.605595,166,calib,"16815,16816,16817,16818,16819"
95,"[np.int64(16816), np.int64(16817), np.int64(16818), np.int64(16819), np.int64(16820)]",16821,23908,13-35-47.705531,166,calib,"16816,16817,16818,16819,16820"
95,"[np.int64(16817), np.int64(16818), np.int64(16819), np.int64(16820), np.int64(16821)]",16822,23909,13-35-47.805447,166,calib,"16817,16818,16819,16820,16821"
95,"[np.int64(16818), np.int64(16819), np.int64(16820), np.int64(16821), np.int64(16822)]",16823,23910,13-35-47.905405,166,calib,"16818,16819,16820,16821,16822"
95,"[np.int64(16819), np.int64(16820), np.int64(16821), np.int64(16822), np.int64(16823)]",16824,23911,13-35-48.005535,166,calib,"16819,16820,16821,16822,16823"
95,"[np.int64(16820), np.int64(16821), np.int64(16822), np.int64(16823), np.int64(16824)]",16825,23912,13-35-48.105020,166,calib,"16820,16821,16822,16823,16824"
95,"[np.int64(16821), np.int64(16822), np.int64(16823), np.int64(16824), np.int64(16825)]",16826,23913,13-35-48.205633,167,calib,"16821,16822,16823,16824,16825"
95,"[np.int64(16822), np.int64(16823), np.int64(16824), np.int64(16825), np.int64(16826)]",16827,23914,13-35-48.305668,167,calib,"16822,16823,16824,16825,16826"
95,"[np.int64(16823), np.int64(16824), np.int64(16825), np.int64(16826), np.int64(16827)]",16828,23915,13-35-48.405647,166,calib,"16823,16824,16825,16826,16827"
95,"[np.int64(16824), np.int64(16825), np.int64(16826), np.int64(16827), np.int64(16828)]",16829,23916,13-35-48.505668,168,calib,"16824,16825,16826,16827,16828"
95,"[np.int64(16825), np.int64(16826), np.int64(16827), np.int64(16828), np.int64(16829)]",16830,23917,13-35-48.604734,167,calib,"16825,16826,16827,16828,16829"
95,"[np.int64(16826), np.int64(16827), np.int64(16828), np.int64(16829), np.int64(16830)]",16831,23918,13-35-48.705692,168,calib,"16826,16827,16828,16829,16830"
95,"[np.int64(16827), np.int64(16828), np.int64(16829), np.int64(16830), np.int64(16831)]",16832,23919,13-35-48.805315,168,calib,"16827,16828,16829,16830,16831"
95,"[np.int64(16828), np.int64(16829), np.int64(16830), np.int64(16831), np.int64(16832)]",16833,23920,13-35-48.904702,168,calib,"16828,16829,16830,16831,16832"
95,"[np.int64(16829), np.int64(16830), np.int64(16831), np.int64(16832), np.int64(16833)]",16834,23921,13-35-49.005499,168,calib,"16829,16830,16831,16832,16833"
95,"[np.int64(16830), np.int64(16831), np.int64(16832), np.int64(16833), np.int64(16834)]",16835,23922,13-35-49.105139,168,calib,"16830,16831,16832,16833,16834"
95,"[np.int64(16831), np.int64(16832), np.int64(16833), np.int64(16834), np.int64(16835)]",16836,23923,13-35-49.205663,168,calib,"16831,16832,16833,16834,16835"
95,"[np.int64(16832), np.int64(16833), np.int64(16834), np.int64(16835), np.int64(16836)]",16837,23924,13-35-49.305454,168,calib,"16832,16833,16834,16835,16836"
95,"[np.int64(16833), np.int64(16834), np.int64(16835), np.int64(16836), np.int64(16837)]",16838,23925,13-35-49.405650,168,calib,"16833,16834,16835,16836,16837"
95,"[np.int64(16834), np.int64(16835), np.int64(16836), np.int64(16837), np.int64(16838)]",16839,23926,13-35-49.505181,168,calib,"16834,16835,16836,16837,16838"
95,"[np.int64(16835), np.int64(16836), np.int64(16837), np.int64(16838), np.int64(16839)]",16840,23927,13-35-49.605652,168,calib,"16835,16836,16837,16838,16839"
95,"[np.int64(16836), np.int64(16837), np.int64(16838), np.int64(16839), np.int64(16840)]",16841,23928,13-35-49.705380,168,calib,"16836,16837,16838,16839,16840"
95,"[np.int64(16837), np.int64(16838), np.int64(16839), np.int64(16840), np.int64(16841)]",16842,23929,13-35-49.804834,169,calib,"16837,16838,16839,16840,16841"
95,"[np.int64(16838), np.int64(16839), np.int64(16840), np.int64(16841), np.int64(16842)]",16843,23930,13-35-49.905160,168,calib,"16838,16839,16840,16841,16842"
95,"[np.int64(16839), np.int64(16840), np.int64(16841), np.int64(16842), np.int64(16843)]",16844,23931,13-35-50.004955,169,calib,"16839,16840,16841,16842,16843"
95,"[np.int64(16840), np.int64(16841), np.int64(16842), np.int64(16843), np.int64(16844)]",16845,23932,13-35-50.105319,170,calib,"16840,16841,16842,16843,16844"
95,"[np.int64(16841), np.int64(16842), np.int64(16843), np.int64(16844), np.int64(16845)]",16846,23933,13-35-50.205122,170,calib,"16841,16842,16843,16844,16845"
95,"[np.int64(16842), np.int64(16843), np.int64(16844), np.int64(16845), np.int64(16846)]",16847,23934,13-35-50.304831,170,calib,"16842,16843,16844,16845,16846"
95,"[np.int64(16843), np.int64(16844), np.int64(16845), np.int64(16846), np.int64(16847)]",16848,23935,13-35-50.404720,170,calib,"16843,16844,16845,16846,16847"
95,"[np.int64(16844), np.int64(16845), np.int64(16846), np.int64(16847), np.int64(16848)]",16849,23936,13-35-50.504710,171,calib,"16844,16845,16846,16847,16848"
95,"[np.int64(16845), np.int64(16846), np.int64(16847), np.int64(16848), np.int64(16849)]",16850,23937,13-35-50.605259,170,calib,"16845,16846,16847,16848,16849"
95,"[np.int64(16846), np.int64(16847), np.int64(16848), np.int64(16849), np.int64(16850)]",16851,23938,13-35-50.704712,171,calib,"16846,16847,16848,16849,16850"
95,"[np.int64(16847), np.int64(16848), np.int64(16849), np.int64(16850), np.int64(16851)]",16852,23939,13-35-50.805294,171,calib,"16847,16848,16849,16850,16851"
95,"[np.int64(16848), np.int64(16849), np.int64(16850), np.int64(16851), np.int64(16852)]",16853,23940,13-35-50.905016,172,calib,"16848,16849,16850,16851,16852"
95,"[np.int64(16849), np.int64(16850), np.int64(16851), np.int64(16852), np.int64(16853)]",16854,23941,13-35-51.005156,171,calib,"16849,16850,16851,16852,16853"
95,"[np.int64(16850), np.int64(16851), np.int64(16852), np.int64(16853), np.int64(16854)]",16855,23942,13-35-51.104855,172,calib,"16850,16851,16852,16853,16854"
95,"[np.int64(16851), np.int64(16852), np.int64(16853), np.int64(16854), np.int64(16855)]",16856,23943,13-35-51.205664,172,calib,"16851,16852,16853,16854,16855"
95,"[np.int64(16852), np.int64(16853), np.int64(16854), np.int64(16855), np.int64(16856)]",16857,23944,13-35-51.305010,172,calib,"16852,16853,16854,16855,16856"
95,"[np.int64(16853), np.int64(16854), np.int64(16855), np.int64(16856), np.int64(16857)]",16858,23945,13-35-51.404735,173,calib,"16853,16854,16855,16856,16857"
95,"[np.int64(16854), np.int64(16855), np.int64(16856), np.int64(16857), np.int64(16858)]",16859,23946,13-35-51.505116,174,calib,"16854,16855,16856,16857,16858"
95,"[np.int64(16855), np.int64(16856), np.int64(16857), np.int64(16858), np.int64(16859)]",16860,23947,13-35-51.605447,174,calib,"16855,16856,16857,16858,16859"
95,"[np.int64(16856), np.int64(16857), np.int64(16858), np.int64(16859), np.int64(16860)]",16861,23948,13-35-51.705371,174,calib,"16856,16857,16858,16859,16860"
95,"[np.int64(16857), np.int64(16858), np.int64(16859), np.int64(16860), np.int64(16861)]",16862,23949,13-35-51.805669,174,calib,"16857,16858,16859,16860,16861"
95,"[np.int64(16858), np.int64(16859), np.int64(16860), np.int64(16861), np.int64(16862)]",16863,23950,13-35-51.904917,175,calib,"16858,16859,16860,16861,16862"
95,"[np.int64(16859), np.int64(16860), np.int64(16861), np.int64(16862), np.int64(16863)]",16864,23951,13-35-52.004704,175,calib,"16859,16860,16861,16862,16863"
95,"[np.int64(16860), np.int64(16861), np.int64(16862), np.int64(16863), np.int64(16864)]",16865,23952,13-35-52.105251,176,calib,"16860,16861,16862,16863,16864"
95,"[np.int64(16861), np.int64(16862), np.int64(16863), np.int64(16864), np.int64(16865)]",16866,23953,13-35-52.204832,176,calib,"16861,16862,16863,16864,16865"
95,"[np.int64(16862), np.int64(16863), np.int64(16864), np.int64(16865), np.int64(16866)]",16867,23954,13-35-52.305247,177,calib,"16862,16863,16864,16865,16866"
95,"[np.int64(16863), np.int64(16864), np.int64(16865), np.int64(16866), np.int64(16867)]",16868,23955,13-35-52.405463,178,calib,"16863,16864,16865,16866,16867"
95,"[np.int64(16864), np.int64(16865), np.int64(16866), np.int64(16867), np.int64(16868)]",16869,23956,13-35-52.505096,178,calib,"16864,16865,16866,16867,16868"
95,"[np.int64(16865), np.int64(16866), np.int64(16867), np.int64(16868), np.int64(16869)]",16870,23957,13-35-52.605646,179,calib,"16865,16866,16867,16868,16869"
95,"[np.int64(16866), np.int64(16867), np.int64(16868), np.int64(16869), np.int64(16870)]",16871,23958,13-35-52.705325,180,calib,"16866,16867,16868,16869,16870"
95,"[np.int64(16867), np.int64(16868), np.int64(16869), np.int64(16870), np.int64(16871)]",16872,23959,13-35-52.804689,180,calib,"16867,16868,16869,16870,16871"
95,"[np.int64(16868), np.int64(16869), np.int64(16870), np.int64(16871), np.int64(16872)]",16873,23960,13-35-52.905666,182,calib,"16868,16869,16870,16871,16872"
95,"[np.int64(16869), np.int64(16870), np.int64(16871), np.int64(16872), np.int64(16873)]",16874,23961,13-35-53.005649,182,calib,"16869,16870,16871,16872,16873"
95,"[np.int64(16870), np.int64(16871), np.int64(16872), np.int64(16873), np.int64(16874)]",16875,23962,13-35-53.104678,184,calib,"16870,16871,16872,16873,16874"
95,"[np.int64(16871), np.int64(16872), np.int64(16873), np.int64(16874), np.int64(16875)]",16876,23963,13-35-53.205656,185,calib,"16871,16872,16873,16874,16875"
95,"[np.int64(16872), np.int64(16873), np.int64(16874), np.int64(16875), np.int64(16876)]",16877,23964,13-35-53.305597,185,calib,"16872,16873,16874,16875,16876"
95,"[np.int64(16873), np.int64(16874), np.int64(16875), np.int64(16876), np.int64(16877)]",16878,23965,13-35-53.405593,187,calib,"16873,16874,16875,16876,16877"
95,"[np.int64(16874), np.int64(16875), np.int64(16876), np.int64(16877), np.int64(16878)]",16879,23966,13-35-53.504665,189,calib,"16874,16875,16876,16877,16878"
95,"[np.int64(16875), np.int64(16876), np.int64(16877), np.int64(16878), np.int64(16879)]",16880,23967,13-35-53.604826,189,calib,"16875,16876,16877,16878,16879"
95,"[np.int64(16876), np.int64(16877), np.int64(16878), np.int64(16879), np.int64(16880)]",16881,23968,13-35-53.704812,191,calib,"16876,16877,16878,16879,16880"
95,"[np.int64(16877), np.int64(16878), np.int64(16879), np.int64(16880), np.int64(16881)]",16882,23969,13-35-53.804719,196,calib,"16877,16878,16879,16880,16881"
95,"[np.int64(16878), np.int64(16879), np.int64(16880), np.int64(16881), np.int64(16882)]",16883,23970,13-35-53.905641,199,calib,"16878,16879,16880,16881,16882"
95,"[np.int64(16879), np.int64(16880), np.int64(16881), np.int64(16882), np.int64(16883)]",16884,23971,13-35-54.005423,203,calib,"16879,16880,16881,16882,16883"
95,"[np.int64(16880), np.int64(16881), np.int64(16882), np.int64(16883), np.int64(16884)]",16885,23972,13-35-54.104882,206,calib,"16880,16881,16882,16883,16884"
95,"[np.int64(16881), np.int64(16882), np.int64(16883), np.int64(16884), np.int64(16885)]",16886,23973,13-35-54.205664,212,calib,"16881,16882,16883,16884,16885"
95,"[np.int64(16882), np.int64(16883), np.int64(16884), np.int64(16885), np.int64(16886)]",16887,23974,13-35-54.305666,217,calib,"16882,16883,16884,16885,16886"
95,"[np.int64(16883), np.int64(16884), np.int64(16885), np.int64(16886), np.int64(16887)]",16888,23975,13-35-54.405640,222,calib,"16883,16884,16885,16886,16887"
95,"[np.int64(16884), np.int64(16885), np.int64(16886), np.int64(16887), np.int64(16888)]",16889,23976,13-35-54.504928,228,calib,"16884,16885,16886,16887,16888"
95,"[np.int64(16885), np.int64(16886), np.int64(16887), np.int64(16888), np.int64(16889)]",16890,23977,13-35-54.605374,234,calib,"16885,16886,16887,16888,16889"
95,"[np.int64(16886), np.int64(16887), np.int64(16888), np.int64(16889), np.int64(16890)]",16891,23978,13-35-54.705664,239,calib,"16886,16887,16888,16889,16890"
95,"[np.int64(16887), np.int64(16888), np.int64(16889), np.int64(16890), np.int64(16891)]",16892,23979,13-35-54.805586,244,calib,"16887,16888,16889,16890,16891"
95,"[np.int64(16888), np.int64(16889), np.int64(16890), np.int64(16891), np.int64(16892)]",16893,23980,13-35-54.905692,249,calib,"16888,16889,16890,16891,16892"
95,"[np.int64(16889), np.int64(16890), np.int64(16891), np.int64(16892), np.int64(16893)]",16894,23981,13-35-55.005451,253,calib,"16889,16890,16891,16892,16893"
95,"[np.int64(16890), np.int64(16891), np.int64(16892), np.int64(16893), np.int64(16894)]",16895,23982,13-35-55.104653,253,calib,"16890,16891,16892,16893,16894"
95,"[np.int64(16891), np.int64(16892), np.int64(16893), np.int64(16894), np.int64(16895)]",16896,23983,13-35-55.205506,5,calib,"16891,16892,16893,16894,16895"
95,"[np.int64(16892), np.int64(16893), np.int64(16894), np.int64(16895), np.int64(16896)]",16897,23984,13-35-55.305218,6,calib,"16892,16893,16894,16895,16896"
95,"[np.int64(16893), np.int64(16894), np.int64(16895), np.int64(16896), np.int64(16897)]",16898,23985,13-35-55.405389,8,calib,"16893,16894,16895,16896,16897"
95,"[np.int64(16894), np.int64(16895), np.int64(16896), np.int64(16897), np.int64(16898)]",16899,23986,13-35-55.504920,11,calib,"16894,16895,16896,16897,16898"
95,"[np.int64(16895), np.int64(16896), np.int64(16897), np.int64(16898), np.int64(16899)]",16900,23987,13-35-55.605667,13,calib,"16895,16896,16897,16898,16899"
95,"[np.int64(16896), np.int64(16897), np.int64(16898), np.int64(16899), np.int64(16900)]",16901,23988,13-35-55.705261,13,calib,"16896,16897,16898,16899,16900"
95,"[np.int64(16897), np.int64(16898), np.int64(16899), np.int64(16900), np.int64(16901)]",16902,23989,13-35-55.805551,15,calib,"16897,16898,16899,16900,16901"
95,"[np.int64(16898), np.int64(16899), np.int64(16900), np.int64(16901), np.int64(16902)]",16903,23990,13-35-55.905434,16,calib,"16898,16899,16900,16901,16902"
95,"[np.int64(16899), np.int64(16900), np.int64(16901), np.int64(16902), np.int64(16903)]",16904,23991,13-35-56.005517,18,calib,"16899,16900,16901,16902,16903"
95,"[np.int64(16900), np.int64(16901), np.int64(16902), np.int64(16903), np.int64(16904)]",16905,23992,13-35-56.104928,18,calib,"16900,16901,16902,16903,16904"
95,"[np.int64(16901), np.int64(16902), np.int64(16903), np.int64(16904), np.int64(16905)]",16906,23993,13-35-56.205577,20,calib,"16901,16902,16903,16904,16905"
95,"[np.int64(16902), np.int64(16903), np.int64(16904), np.int64(16905), np.int64(16906)]",16907,23994,13-35-56.304791,20,calib,"16902,16903,16904,16905,16906"
95,"[np.int64(16903), np.int64(16904), np.int64(16905), np.int64(16906), np.int64(16907)]",16908,23995,13-35-56.404994,21,calib,"16903,16904,16905,16906,16907"
95,"[np.int64(16904), np.int64(16905), np.int64(16906), np.int64(16907), np.int64(16908)]",16909,23996,13-35-56.504762,22,calib,"16904,16905,16906,16907,16908"
95,"[np.int64(16905), np.int64(16906), np.int64(16907), np.int64(16908), np.int64(16909)]",16910,23997,13-35-56.605375,22,calib,"16905,16906,16907,16908,16909"
95,"[np.int64(16906), np.int64(16907), np.int64(16908), np.int64(16909), np.int64(16910)]",16911,23998,13-35-56.704741,24,calib,"16906,16907,16908,16909,16910"
95,"[np.int64(16907), np.int64(16908), np.int64(16909), np.int64(16910), np.int64(16911)]",16912,23999,13-35-56.805554,24,calib,"16907,16908,16909,16910,16911"
95,"[np.int64(16908), np.int64(16909), np.int64(16910), np.int64(16911), np.int64(16912)]",16913,24000,13-35-56.905435,24,calib,"16908,16909,16910,16911,16912"
95,"[np.int64(16909), np.int64(16910), np.int64(16911), np.int64(16912), np.int64(16913)]",16914,24001,13-35-57.005522,25,calib,"16909,16910,16911,16912,16913"
95,"[np.int64(16910), np.int64(16911), np.int64(16912), np.int64(16913), np.int64(16914)]",16915,24002,13-35-57.105291,25,calib,"16910,16911,16912,16913,16914"
95,"[np.int64(16911), np.int64(16912), np.int64(16913), np.int64(16914), np.int64(16915)]",16916,24003,13-35-57.205362,25,calib,"16911,16912,16913,16914,16915"
95,"[np.int64(16912), np.int64(16913), np.int64(16914), np.int64(16915), np.int64(16916)]",16917,24004,13-35-57.305472,25,calib,"16912,16913,16914,16915,16916"
95,"[np.int64(16913), np.int64(16914), np.int64(16915), np.int64(16916), np.int64(16917)]",16918,24005,13-35-57.405669,25,calib,"16913,16914,16915,16916,16917"
95,"[np.int64(16914), np.int64(16915), np.int64(16916), np.int64(16917), np.int64(16918)]",16919,24006,13-35-57.505338,27,calib,"16914,16915,16916,16917,16918"
95,"[np.int64(16915), np.int64(16916), np.int64(16917), np.int64(16918), np.int64(16919)]",16920,24007,13-35-57.605644,27,calib,"16915,16916,16917,16918,16919"
95,"[np.int64(16916), np.int64(16917), np.int64(16918), np.int64(16919), np.int64(16920)]",16921,24008,13-35-57.705039,28,calib,"16916,16917,16918,16919,16920"
95,"[np.int64(16917), np.int64(16918), np.int64(16919), np.int64(16920), np.int64(16921)]",16922,24009,13-35-57.804712,27,calib,"16917,16918,16919,16920,16921"
95,"[np.int64(16918), np.int64(16919), np.int64(16920), np.int64(16921), np.int64(16922)]",16923,24010,13-35-57.905218,28,calib,"16918,16919,16920,16921,16922"
95,"[np.int64(16919), np.int64(16920), np.int64(16921), np.int64(16922), np.int64(16923)]",16924,24011,13-35-58.005494,28,calib,"16919,16920,16921,16922,16923"
95,"[np.int64(16920), np.int64(16921), np.int64(16922), np.int64(16923), np.int64(16924)]",16925,24012,13-35-58.105558,28,calib,"16920,16921,16922,16923,16924"
95,"[np.int64(16921), np.int64(16922), np.int64(16923), np.int64(16924), np.int64(16925)]",16926,24013,13-35-58.204686,28,calib,"16921,16922,16923,16924,16925"
95,"[np.int64(16922), np.int64(16923), np.int64(16924), np.int64(16925), np.int64(16926)]",16927,24014,13-35-58.305265,28,calib,"16922,16923,16924,16925,16926"
95,"[np.int64(16923), np.int64(16924), np.int64(16925), np.int64(16926), np.int64(16927)]",16928,24015,13-35-58.404934,28,calib,"16923,16924,16925,16926,16927"
95,"[np.int64(16924), np.int64(16925), np.int64(16926), np.int64(16927), np.int64(16928)]",16929,24016,13-35-58.505666,28,calib,"16924,16925,16926,16927,16928"
95,"[np.int64(16925), np.int64(16926), np.int64(16927), np.int64(16928), np.int64(16929)]",16930,24017,13-35-58.605284,29,calib,"16925,16926,16927,16928,16929"
95,"[np.int64(16926), np.int64(16927), np.int64(16928), np.int64(16929), np.int64(16930)]",16931,24018,13-35-58.705061,28,calib,"16926,16927,16928,16929,16930"
95,"[np.int64(16927), np.int64(16928), np.int64(16929), np.int64(16930), np.int64(16931)]",16932,24019,13-35-58.805697,28,calib,"16927,16928,16929,16930,16931"
95,"[np.int64(16928), np.int64(16929), np.int64(16930), np.int64(16931), np.int64(16932)]",16933,24020,13-35-58.905657,28,calib,"16928,16929,16930,16931,16932"
95,"[np.int64(16929), np.int64(16930), np.int64(16931), np.int64(16932), np.int64(16933)]",16934,24021,13-35-59.005588,29,calib,"16929,16930,16931,16932,16933"
95,"[np.int64(16930), np.int64(16931), np.int64(16932), np.int64(16933), np.int64(16934)]",16935,24022,13-35-59.105343,28,calib,"16930,16931,16932,16933,16934"
95,"[np.int64(16931), np.int64(16932), np.int64(16933), np.int64(16934), np.int64(16935)]",16936,24023,13-35-59.205457,29,calib,"16931,16932,16933,16934,16935"
95,"[np.int64(16932), np.int64(16933), np.int64(16934), np.int64(16935), np.int64(16936)]",16937,24024,13-35-59.305645,29,calib,"16932,16933,16934,16935,16936"
95,"[np.int64(16933), np.int64(16934), np.int64(16935), np.int64(16936), np.int64(16937)]",16938,24025,13-35-59.405022,29,calib,"16933,16934,16935,16936,16937"
95,"[np.int64(16934), np.int64(16935), np.int64(16936), np.int64(16937), np.int64(16938)]",16939,24026,13-35-59.505261,29,calib,"16934,16935,16936,16937,16938"
95,"[np.int64(16935), np.int64(16936), np.int64(16937), np.int64(16938), np.int64(16939)]",16940,24027,13-35-59.605024,29,calib,"16935,16936,16937,16938,16939"
95,"[np.int64(16936), np.int64(16937), np.int64(16938), np.int64(16939), np.int64(16940)]",16941,24028,13-35-59.705281,29,calib,"16936,16937,16938,16939,16940"
95,"[np.int64(16937), np.int64(16938), np.int64(16939), np.int64(16940), np.int64(16941)]",16942,24029,13-35-59.805147,29,calib,"16937,16938,16939,16940,16941"
95,"[np.int64(16938), np.int64(16939), np.int64(16940), np.int64(16941), np.int64(16942)]",16943,24030,13-35-59.905199,30,calib,"16938,16939,16940,16941,16942"
95,"[np.int64(16939), np.int64(16940), np.int64(16941), np.int64(16942), np.int64(16943)]",16944,24031,13-36-00.005466,30,calib,"16939,16940,16941,16942,16943"
95,"[np.int64(16940), np.int64(16941), np.int64(16942), np.int64(16943), np.int64(16944)]",16945,24032,13-36-00.104761,30,calib,"16940,16941,16942,16943,16944"
95,"[np.int64(16941), np.int64(16942), np.int64(16943), np.int64(16944), np.int64(16945)]",16946,24033,13-36-00.205637,29,calib,"16941,16942,16943,16944,16945"
95,"[np.int64(16942), np.int64(16943), np.int64(16944), np.int64(16945), np.int64(16946)]",16947,24034,13-36-00.304952,30,calib,"16942,16943,16944,16945,16946"
95,"[np.int64(16943), np.int64(16944), np.int64(16945), np.int64(16946), np.int64(16947)]",16948,24035,13-36-00.405304,29,calib,"16943,16944,16945,16946,16947"
95,"[np.int64(16944), np.int64(16945), np.int64(16946), np.int64(16947), np.int64(16948)]",16949,24036,13-36-00.505640,29,calib,"16944,16945,16946,16947,16948"
95,"[np.int64(16945), np.int64(16946), np.int64(16947), np.int64(16948), np.int64(16949)]",16950,24037,13-36-00.605666,29,calib,"16945,16946,16947,16948,16949"
95,"[np.int64(16946), np.int64(16947), np.int64(16948), np.int64(16949), np.int64(16950)]",16951,24038,13-36-00.705591,30,calib,"16946,16947,16948,16949,16950"
95,"[np.int64(16947), np.int64(16948), np.int64(16949), np.int64(16950), np.int64(16951)]",16952,24039,13-36-00.805032,29,calib,"16947,16948,16949,16950,16951"
95,"[np.int64(16948), np.int64(16949), np.int64(16950), np.int64(16951), np.int64(16952)]",16953,24040,13-36-00.904972,30,calib,"16948,16949,16950,16951,16952"
95,"[np.int64(16949), np.int64(16950), np.int64(16951), np.int64(16952), np.int64(16953)]",16954,24041,13-36-01.005484,30,calib,"16949,16950,16951,16952,16953"
95,"[np.int64(16950), np.int64(16951), np.int64(16952), np.int64(16953), np.int64(16954)]",16955,24042,13-36-01.105145,30,calib,"16950,16951,16952,16953,16954"
95,"[np.int64(16951), np.int64(16952), np.int64(16953), np.int64(16954), np.int64(16955)]",16956,24043,13-36-01.204833,30,calib,"16951,16952,16953,16954,16955"
95,"[np.int64(16952), np.int64(16953), np.int64(16954), np.int64(16955), np.int64(16956)]",16957,24044,13-36-01.305190,30,calib,"16952,16953,16954,16955,16956"
95,"[np.int64(16953), np.int64(16954), np.int64(16955), np.int64(16956), np.int64(16957)]",16958,24045,13-36-01.405592,30,calib,"16953,16954,16955,16956,16957"
95,"[np.int64(16954), np.int64(16955), np.int64(16956), np.int64(16957), np.int64(16958)]",16959,24046,13-36-01.505621,30,calib,"16954,16955,16956,16957,16958"
95,"[np.int64(16955), np.int64(16956), np.int64(16957), np.int64(16958), np.int64(16959)]",16960,24047,13-36-01.605671,30,calib,"16955,16956,16957,16958,16959"
95,"[np.int64(16956), np.int64(16957), np.int64(16958), np.int64(16959), np.int64(16960)]",16961,24048,13-36-01.705576,30,calib,"16956,16957,16958,16959,16960"
95,"[np.int64(16957), np.int64(16958), np.int64(16959), np.int64(16960), np.int64(16961)]",16962,24049,13-36-01.805453,30,calib,"16957,16958,16959,16960,16961"
95,"[np.int64(16958), np.int64(16959), np.int64(16960), np.int64(16961), np.int64(16962)]",16963,24050,13-36-01.905044,30,calib,"16958,16959,16960,16961,16962"
95,"[np.int64(16959), np.int64(16960), np.int64(16961), np.int64(16962), np.int64(16963)]",16964,24051,13-36-02.005534,30,calib,"16959,16960,16961,16962,16963"
95,"[np.int64(16960), np.int64(16961), np.int64(16962), np.int64(16963), np.int64(16964)]",16965,24052,13-36-02.105658,30,calib,"16960,16961,16962,16963,16964"
95,"[np.int64(16961), np.int64(16962), np.int64(16963), np.int64(16964), np.int64(16965)]",16966,24053,13-36-02.205276,30,calib,"16961,16962,16963,16964,16965"
95,"[np.int64(16962), np.int64(16963), np.int64(16964), np.int64(16965), np.int64(16966)]",16967,24054,13-36-02.305452,30,calib,"16962,16963,16964,16965,16966"
95,"[np.int64(16963), np.int64(16964), np.int64(16965), np.int64(16966), np.int64(16967)]",16968,24055,13-36-02.405614,31,calib,"16963,16964,16965,16966,16967"
95,"[np.int64(16964), np.int64(16965), np.int64(16966), np.int64(16967), np.int64(16968)]",16969,24056,13-36-02.505220,29,calib,"16964,16965,16966,16967,16968"
95,"[np.int64(16965), np.int64(16966), np.int64(16967), np.int64(16968), np.int64(16969)]",16970,24057,13-36-02.604748,31,calib,"16965,16966,16967,16968,16969"
95,"[np.int64(16966), np.int64(16967), np.int64(16968), np.int64(16969), np.int64(16970)]",16971,24058,13-36-02.705652,32,calib,"16966,16967,16968,16969,16970"
95,"[np.int64(16967), np.int64(16968), np.int64(16969), np.int64(16970), np.int64(16971)]",16972,24059,13-36-02.805336,29,calib,"16967,16968,16969,16970,16971"
95,"[np.int64(16968), np.int64(16969), np.int64(16970), np.int64(16971), np.int64(16972)]",16973,24060,13-36-02.904898,30,calib,"16968,16969,16970,16971,16972"
95,"[np.int64(16969), np.int64(16970), np.int64(16971), np.int64(16972), np.int64(16973)]",16974,24061,13-36-03.005439,29,calib,"16969,16970,16971,16972,16973"
95,"[np.int64(16970), np.int64(16971), np.int64(16972), np.int64(16973), np.int64(16974)]",16975,24062,13-36-03.105618,30,calib,"16970,16971,16972,16973,16974"
95,"[np.int64(16971), np.int64(16972), np.int64(16973), np.int64(16974), np.int64(16975)]",16976,24063,13-36-03.204839,38,calib,"16971,16972,16973,16974,16975"
95,"[np.int64(16972), np.int64(16973), np.int64(16974), np.int64(16975), np.int64(16976)]",16977,24064,13-36-03.305218,30,calib,"16972,16973,16974,16975,16976"
95,"[np.int64(16973), np.int64(16974), np.int64(16975), np.int64(16976), np.int64(16977)]",16978,24065,13-36-03.404828,30,calib,"16973,16974,16975,16976,16977"
95,"[np.int64(16974), np.int64(16975), np.int64(16976), np.int64(16977), np.int64(16978)]",16979,24066,13-36-03.505673,28,calib,"16974,16975,16976,16977,16978"
95,"[np.int64(16975), np.int64(16976), np.int64(16977), np.int64(16978), np.int64(16979)]",16980,24067,13-36-03.604831,28,calib,"16975,16976,16977,16978,16979"
95,"[np.int64(16976), np.int64(16977), np.int64(16978), np.int64(16979), np.int64(16980)]",16981,24068,13-36-03.705223,30,calib,"16976,16977,16978,16979,16980"
95,"[np.int64(16977), np.int64(16978), np.int64(16979), np.int64(16980), np.int64(16981)]",16982,24069,13-36-03.805681,30,calib,"16977,16978,16979,16980,16981"
95,"[np.int64(16978), np.int64(16979), np.int64(16980), np.int64(16981), np.int64(16982)]",16983,24070,13-36-03.905565,108,calib,"16978,16979,16980,16981,16982"
95,"[np.int64(16979), np.int64(16980), np.int64(16981), np.int64(16982), np.int64(16983)]",16984,24071,13-36-04.005157,30,calib,"16979,16980,16981,16982,16983"
95,"[np.int64(16980), np.int64(16981), np.int64(16982), np.int64(16983), np.int64(16984)]",16985,24072,13-36-04.105605,30,calib,"16980,16981,16982,16983,16984"
95,"[np.int64(16981), np.int64(16982), np.int64(16983), np.int64(16984), np.int64(16985)]",16986,24073,13-36-04.205333,31,calib,"16981,16982,16983,16984,16985"
95,"[np.int64(16982), np.int64(16983), np.int64(16984), np.int64(16985), np.int64(16986)]",16987,24074,13-36-04.304894,30,calib,"16982,16983,16984,16985,16986"
95,"[np.int64(16983), np.int64(16984), np.int64(16985), np.int64(16986), np.int64(16987)]",16988,24075,13-36-04.404746,32,calib,"16983,16984,16985,16986,16987"
95,"[np.int64(16984), np.int64(16985), np.int64(16986), np.int64(16987), np.int64(16988)]",16989,24076,13-36-04.504829,32,calib,"16984,16985,16986,16987,16988"
95,"[np.int64(16985), np.int64(16986), np.int64(16987), np.int64(16988), np.int64(16989)]",16990,24077,13-36-04.605407,32,calib,"16985,16986,16987,16988,16989"
95,"[np.int64(16986), np.int64(16987), np.int64(16988), np.int64(16989), np.int64(16990)]",16991,24078,13-36-04.704998,32,calib,"16986,16987,16988,16989,16990"
95,"[np.int64(16987), np.int64(16988), np.int64(16989), np.int64(16990), np.int64(16991)]",16992,24079,13-36-04.804818,32,calib,"16987,16988,16989,16990,16991"
95,"[np.int64(16988), np.int64(16989), np.int64(16990), np.int64(16991), np.int64(16992)]",16993,24080,13-36-04.904773,31,calib,"16988,16989,16990,16991,16992"
95,"[np.int64(16989), np.int64(16990), np.int64(16991), np.int64(16992), np.int64(16993)]",16994,24081,13-36-05.005343,30,calib,"16989,16990,16991,16992,16993"
95,"[np.int64(16990), np.int64(16991), np.int64(16992), np.int64(16993), np.int64(16994)]",16995,24082,13-36-05.105471,31,calib,"16990,16991,16992,16993,16994"
95,"[np.int64(16991), np.int64(16992), np.int64(16993), np.int64(16994), np.int64(16995)]",16996,24083,13-36-05.204833,29,calib,"16991,16992,16993,16994,16995"
95,"[np.int64(16992), np.int64(16993), np.int64(16994), np.int64(16995), np.int64(16996)]",16997,24084,13-36-05.304797,30,calib,"16992,16993,16994,16995,16996"
95,"[np.int64(16993), np.int64(16994), np.int64(16995), np.int64(16996), np.int64(16997)]",16998,24085,13-36-05.404987,32,calib,"16993,16994,16995,16996,16997"
95,"[np.int64(16994), np.int64(16995), np.int64(16996), np.int64(16997), np.int64(16998)]",16999,24086,13-36-05.505378,31,calib,"16994,16995,16996,16997,16998"
95,"[np.int64(16995), np.int64(16996), np.int64(16997), np.int64(16998), np.int64(16999)]",17000,24087,13-36-05.605466,33,calib,"16995,16996,16997,16998,16999"
95,"[np.int64(16996), np.int64(16997), np.int64(16998), np.int64(16999), np.int64(17000)]",17001,24088,13-36-05.705318,32,calib,"16996,16997,16998,16999,17000"
95,"[np.int64(16997), np.int64(16998), np.int64(16999), np.int64(17000), np.int64(17001)]",17002,24089,13-36-05.804789,31,calib,"16997,16998,16999,17000,17001"
95,"[np.int64(16998), np.int64(16999), np.int64(17000), np.int64(17001), np.int64(17002)]",17003,24090,13-36-05.904813,32,calib,"16998,16999,17000,17001,17002"
95,"[np.int64(16999), np.int64(17000), np.int64(17001), np.int64(17002), np.int64(17003)]",17004,24091,13-36-06.004759,32,calib,"16999,17000,17001,17002,17003"
95,"[np.int64(17000), np.int64(17001), np.int64(17002), np.int64(17003), np.int64(17004)]",17005,24092,13-36-06.105163,31,calib,"17000,17001,17002,17003,17004"
95,"[np.int64(17001), np.int64(17002), np.int64(17003), np.int64(17004), np.int64(17005)]",17006,24093,13-36-06.204826,31,calib,"17001,17002,17003,17004,17005"
95,"[np.int64(17002), np.int64(17003), np.int64(17004), np.int64(17005), np.int64(17006)]",17007,24094,13-36-06.305620,32,calib,"17002,17003,17004,17005,17006"
95,"[np.int64(17003), np.int64(17004), np.int64(17005), np.int64(17006), np.int64(17007)]",17008,24095,13-36-06.404828,30,calib,"17003,17004,17005,17006,17007"
95,"[np.int64(17004), np.int64(17005), np.int64(17006), np.int64(17007), np.int64(17008)]",17009,24096,13-36-06.505095,33,calib,"17004,17005,17006,17007,17008"
95,"[np.int64(17005), np.int64(17006), np.int64(17007), np.int64(17008), np.int64(17009)]",17010,24097,13-36-06.604920,32,calib,"17005,17006,17007,17008,17009"
95,"[np.int64(17006), np.int64(17007), np.int64(17008), np.int64(17009), np.int64(17010)]",17011,24098,13-36-06.705047,30,calib,"17006,17007,17008,17009,17010"
95,"[np.int64(17007), np.int64(17008), np.int64(17009), np.int64(17010), np.int64(17011)]",17012,24099,13-36-06.805045,32,calib,"17007,17008,17009,17010,17011"
95,"[np.int64(17008), np.int64(17009), np.int64(17010), np.int64(17011), np.int64(17012)]",17013,24100,13-36-06.905136,33,calib,"17008,17009,17010,17011,17012"
95,"[np.int64(17009), np.int64(17010), np.int64(17011), np.int64(17012), np.int64(17013)]",17014,24101,13-36-07.004831,31,calib,"17009,17010,17011,17012,17013"
95,"[np.int64(17010), np.int64(17011), np.int64(17012), np.int64(17013), np.int64(17014)]",17015,24102,13-36-07.105474,30,calib,"17010,17011,17012,17013,17014"
95,"[np.int64(17011), np.int64(17012), np.int64(17013), np.int64(17014), np.int64(17015)]",17016,24103,13-36-07.204698,41,calib,"17011,17012,17013,17014,17015"
95,"[np.int64(17012), np.int64(17013), np.int64(17014), np.int64(17015), np.int64(17016)]",17017,24104,13-36-07.304831,34,calib,"17012,17013,17014,17015,17016"
95,"[np.int64(17013), np.int64(17014), np.int64(17015), np.int64(17016), np.int64(17017)]",17018,24105,13-36-07.405415,41,calib,"17013,17014,17015,17016,17017"
95,"[np.int64(17014), np.int64(17015), np.int64(17016), np.int64(17017), np.int64(17018)]",17019,24106,13-36-07.505230,33,calib,"17014,17015,17016,17017,17018"
95,"[np.int64(17015), np.int64(17016), np.int64(17017), np.int64(17018), np.int64(17019)]",17020,24107,13-36-07.605599,9,calib,"17015,17016,17017,17018,17019"
95,"[np.int64(17016), np.int64(17017), np.int64(17018), np.int64(17019), np.int64(17020)]",17021,24108,13-36-07.704829,33,calib,"17016,17017,17018,17019,17020"
95,"[np.int64(17017), np.int64(17018), np.int64(17019), np.int64(17020), np.int64(17021)]",17022,24109,13-36-07.805187,30,calib,"17017,17018,17019,17020,17021"
95,"[np.int64(17018), np.int64(17019), np.int64(17020), np.int64(17021), np.int64(17022)]",17023,24110,13-36-07.904685,33,calib,"17018,17019,17020,17021,17022"
95,"[np.int64(17019), np.int64(17020), np.int64(17021), np.int64(17022), np.int64(17023)]",17024,24111,13-36-08.005192,32,calib,"17019,17020,17021,17022,17023"
95,"[np.int64(17020), np.int64(17021), np.int64(17022), np.int64(17023), np.int64(17024)]",17025,24112,13-36-08.105239,32,calib,"17020,17021,17022,17023,17024"
95,"[np.int64(17021), np.int64(17022), np.int64(17023), np.int64(17024), np.int64(17025)]",17026,24113,13-36-08.205537,34,calib,"17021,17022,17023,17024,17025"
95,"[np.int64(17022), np.int64(17023), np.int64(17024), np.int64(17025), np.int64(17026)]",17027,24114,13-36-08.305391,33,calib,"17022,17023,17024,17025,17026"
95,"[np.int64(17023), np.int64(17024), np.int64(17025), np.int64(17026), np.int64(17027)]",17028,24115,13-36-08.404698,32,calib,"17023,17024,17025,17026,17027"
95,"[np.int64(17024), np.int64(17025), np.int64(17026), np.int64(17027), np.int64(17028)]",17029,24116,13-36-08.505288,33,calib,"17024,17025,17026,17027,17028"
95,"[np.int64(17025), np.int64(17026), np.int64(17027), np.int64(17028), np.int64(17029)]",17030,24117,13-36-08.604691,34,calib,"17025,17026,17027,17028,17029"
95,"[np.int64(17026), np.int64(17027), np.int64(17028), np.int64(17029), np.int64(17030)]",17031,24118,13-36-08.705474,32,calib,"17026,17027,17028,17029,17030"
95,"[np.int64(17027), np.int64(17028), np.int64(17029), np.int64(17030), np.int64(17031)]",17032,24119,13-36-08.804901,32,calib,"17027,17028,17029,17030,17031"
95,"[np.int64(17028), np.int64(17029), np.int64(17030), np.int64(17031), np.int64(17032)]",17033,24120,13-36-08.905633,34,calib,"17028,17029,17030,17031,17032"
95,"[np.int64(17029), np.int64(17030), np.int64(17031), np.int64(17032), np.int64(17033)]",17034,24121,13-36-09.005235,32,calib,"17029,17030,17031,17032,17033"
95,"[np.int64(17030), np.int64(17031), np.int64(17032), np.int64(17033), np.int64(17034)]",17035,24122,13-36-09.104991,34,calib,"17030,17031,17032,17033,17034"
95,"[np.int64(17031), np.int64(17032), np.int64(17033), np.int64(17034), np.int64(17035)]",17036,24123,13-36-09.205024,33,calib,"17031,17032,17033,17034,17035"
95,"[np.int64(17032), np.int64(17033), np.int64(17034), np.int64(17035), np.int64(17036)]",17037,24124,13-36-09.305013,33,calib,"17032,17033,17034,17035,17036"
95,"[np.int64(17033), np.int64(17034), np.int64(17035), np.int64(17036), np.int64(17037)]",17038,24125,13-36-09.405434,33,calib,"17033,17034,17035,17036,17037"
95,"[np.int64(17034), np.int64(17035), np.int64(17036), np.int64(17037), np.int64(17038)]",17039,24126,13-36-09.504755,33,calib,"17034,17035,17036,17037,17038"
95,"[np.int64(17035), np.int64(17036), np.int64(17037), np.int64(17038), np.int64(17039)]",17040,24127,13-36-09.605657,35,calib,"17035,17036,17037,17038,17039"
95,"[np.int64(17036), np.int64(17037), np.int64(17038), np.int64(17039), np.int64(17040)]",17041,24128,13-36-09.705528,34,calib,"17036,17037,17038,17039,17040"
95,"[np.int64(17037), np.int64(17038), np.int64(17039), np.int64(17040), np.int64(17041)]",17042,24129,13-36-09.805135,34,calib,"17037,17038,17039,17040,17041"
95,"[np.int64(17038), np.int64(17039), np.int64(17040), np.int64(17041), np.int64(17042)]",17043,24130,13-36-09.905533,32,calib,"17038,17039,17040,17041,17042"
95,"[np.int64(17039), np.int64(17040), np.int64(17041), np.int64(17042), np.int64(17043)]",17044,24131,13-36-10.004984,34,calib,"17039,17040,17041,17042,17043"
95,"[np.int64(17040), np.int64(17041), np.int64(17042), np.int64(17043), np.int64(17044)]",17045,24132,13-36-10.104935,34,calib,"17040,17041,17042,17043,17044"
95,"[np.int64(17041), np.int64(17042), np.int64(17043), np.int64(17044), np.int64(17045)]",17046,24133,13-36-10.204998,33,calib,"17041,17042,17043,17044,17045"
95,"[np.int64(17042), np.int64(17043), np.int64(17044), np.int64(17045), np.int64(17046)]",17047,24134,13-36-10.304993,33,calib,"17042,17043,17044,17045,17046"
95,"[np.int64(17043), np.int64(17044), np.int64(17045), np.int64(17046), np.int64(17047)]",17048,24135,13-36-10.405190,33,calib,"17043,17044,17045,17046,17047"
95,"[np.int64(17044), np.int64(17045), np.int64(17046), np.int64(17047), np.int64(17048)]",17049,24136,13-36-10.504924,33,calib,"17044,17045,17046,17047,17048"
95,"[np.int64(17045), np.int64(17046), np.int64(17047), np.int64(17048), np.int64(17049)]",17050,24137,13-36-10.604818,32,calib,"17045,17046,17047,17048,17049"
95,"[np.int64(17046), np.int64(17047), np.int64(17048), np.int64(17049), np.int64(17050)]",17051,24138,13-36-10.705654,32,calib,"17046,17047,17048,17049,17050"
95,"[np.int64(17047), np.int64(17048), np.int64(17049), np.int64(17050), np.int64(17051)]",17052,24139,13-36-10.804830,33,calib,"17047,17048,17049,17050,17051"
95,"[np.int64(17048), np.int64(17049), np.int64(17050), np.int64(17051), np.int64(17052)]",17053,24140,13-36-10.904759,33,calib,"17048,17049,17050,17051,17052"
95,"[np.int64(17049), np.int64(17050), np.int64(17051), np.int64(17052), np.int64(17053)]",17054,24141,13-36-11.004793,32,calib,"17049,17050,17051,17052,17053"
95,"[np.int64(17050), np.int64(17051), np.int64(17052), np.int64(17053), np.int64(17054)]",17055,24142,13-36-11.105685,33,calib,"17050,17051,17052,17053,17054"
95,"[np.int64(17051), np.int64(17052), np.int64(17053), np.int64(17054), np.int64(17055)]",17056,24143,13-36-11.204866,33,calib,"17051,17052,17053,17054,17055"
95,"[np.int64(17052), np.int64(17053), np.int64(17054), np.int64(17055), np.int64(17056)]",17057,24144,13-36-11.304932,33,calib,"17052,17053,17054,17055,17056"
95,"[np.int64(17053), np.int64(17054), np.int64(17055), np.int64(17056), np.int64(17057)]",17058,24145,13-36-11.405577,33,calib,"17053,17054,17055,17056,17057"
95,"[np.int64(17054), np.int64(17055), np.int64(17056), np.int64(17057), np.int64(17058)]",17059,24146,13-36-11.504827,33,calib,"17054,17055,17056,17057,17058"
95,"[np.int64(17055), np.int64(17056), np.int64(17057), np.int64(17058), np.int64(17059)]",17060,24147,13-36-11.605310,32,calib,"17055,17056,17057,17058,17059"
95,"[np.int64(17056), np.int64(17057), np.int64(17058), np.int64(17059), np.int64(17060)]",17061,24148,13-36-11.705465,32,calib,"17056,17057,17058,17059,17060"
95,"[np.int64(17057), np.int64(17058), np.int64(17059), np.int64(17060), np.int64(17061)]",17062,24149,13-36-11.805428,32,calib,"17057,17058,17059,17060,17061"
95,"[np.int64(17058), np.int64(17059), np.int64(17060), np.int64(17061), np.int64(17062)]",17063,24150,13-36-11.904926,33,calib,"17058,17059,17060,17061,17062"
95,"[np.int64(17059), np.int64(17060), np.int64(17061), np.int64(17062), np.int64(17063)]",17064,24151,13-36-12.005249,33,calib,"17059,17060,17061,17062,17063"
95,"[np.int64(17060), np.int64(17061), np.int64(17062), np.int64(17063), np.int64(17064)]",17065,24152,13-36-12.105199,33,calib,"17060,17061,17062,17063,17064"
95,"[np.int64(17061), np.int64(17062), np.int64(17063), np.int64(17064), np.int64(17065)]",17066,24153,13-36-12.205382,33,calib,"17061,17062,17063,17064,17065"
95,"[np.int64(17062), np.int64(17063), np.int64(17064), np.int64(17065), np.int64(17066)]",17067,24154,13-36-12.305597,32,calib,"17062,17063,17064,17065,17066"
95,"[np.int64(17063), np.int64(17064), np.int64(17065), np.int64(17066), np.int64(17067)]",17068,24155,13-36-12.404986,33,calib,"17063,17064,17065,17066,17067"
95,"[np.int64(17064), np.int64(17065), np.int64(17066), np.int64(17067), np.int64(17068)]",17069,24156,13-36-12.505265,33,calib,"17064,17065,17066,17067,17068"
95,"[np.int64(17065), np.int64(17066), np.int64(17067), np.int64(17068), np.int64(17069)]",17070,24157,13-36-12.605581,33,calib,"17065,17066,17067,17068,17069"
95,"[np.int64(17066), np.int64(17067), np.int64(17068), np.int64(17069), np.int64(17070)]",17071,24158,13-36-12.705466,33,calib,"17066,17067,17068,17069,17070"
95,"[np.int64(17067), np.int64(17068), np.int64(17069), np.int64(17070), np.int64(17071)]",17072,24159,13-36-12.805472,33,calib,"17067,17068,17069,17070,17071"
95,"[np.int64(17068), np.int64(17069), np.int64(17070), np.int64(17071), np.int64(17072)]",17073,24160,13-36-12.904984,32,calib,"17068,17069,17070,17071,17072"
95,"[np.int64(17069), np.int64(17070), np.int64(17071), np.int64(17072), np.int64(17073)]",17074,24161,13-36-13.004863,34,calib,"17069,17070,17071,17072,17073"
95,"[np.int64(17070), np.int64(17071), np.int64(17072), np.int64(17073), np.int64(17074)]",17075,24162,13-36-13.105698,33,calib,"17070,17071,17072,17073,17074"
95,"[np.int64(17071), np.int64(17072), np.int64(17073), np.int64(17074), np.int64(17075)]",17076,24163,13-36-13.205157,32,calib,"17071,17072,17073,17074,17075"
95,"[np.int64(17072), np.int64(17073), np.int64(17074), np.int64(17075), np.int64(17076)]",17077,24164,13-36-13.304826,33,calib,"17072,17073,17074,17075,17076"
95,"[np.int64(17073), np.int64(17074), np.int64(17075), np.int64(17076), np.int64(17077)]",17078,24165,13-36-13.405655,32,calib,"17073,17074,17075,17076,17077"
95,"[np.int64(17074), np.int64(17075), np.int64(17076), np.int64(17077), np.int64(17078)]",17079,24166,13-36-13.504827,32,calib,"17074,17075,17076,17077,17078"
95,"[np.int64(17075), np.int64(17076), np.int64(17077), np.int64(17078), np.int64(17079)]",17080,24167,13-36-13.604915,33,calib,"17075,17076,17077,17078,17079"
95,"[np.int64(17076), np.int64(17077), np.int64(17078), np.int64(17079), np.int64(17080)]",17081,24168,13-36-13.704834,33,calib,"17076,17077,17078,17079,17080"
95,"[np.int64(17077), np.int64(17078), np.int64(17079), np.int64(17080), np.int64(17081)]",17082,24169,13-36-13.805231,33,calib,"17077,17078,17079,17080,17081"
95,"[np.int64(17078), np.int64(17079), np.int64(17080), np.int64(17081), np.int64(17082)]",17083,24170,13-36-13.905520,33,calib,"17078,17079,17080,17081,17082"
95,"[np.int64(17079), np.int64(17080), np.int64(17081), np.int64(17082), np.int64(17083)]",17084,24171,13-36-14.005104,33,calib,"17079,17080,17081,17082,17083"
95,"[np.int64(17080), np.int64(17081), np.int64(17082), np.int64(17083), np.int64(17084)]",17085,24172,13-36-14.105636,33,calib,"17080,17081,17082,17083,17084"
95,"[np.int64(17081), np.int64(17082), np.int64(17083), np.int64(17084), np.int64(17085)]",17086,24173,13-36-14.205102,33,calib,"17081,17082,17083,17084,17085"
95,"[np.int64(17082), np.int64(17083), np.int64(17084), np.int64(17085), np.int64(17086)]",17087,24174,13-36-14.305645,32,calib,"17082,17083,17084,17085,17086"
95,"[np.int64(17083), np.int64(17084), np.int64(17085), np.int64(17086), np.int64(17087)]",17088,24175,13-36-14.405356,33,calib,"17083,17084,17085,17086,17087"
95,"[np.int64(17084), np.int64(17085), np.int64(17086), np.int64(17087), np.int64(17088)]",17089,24176,13-36-14.505181,33,calib,"17084,17085,17086,17087,17088"
95,"[np.int64(17085), np.int64(17086), np.int64(17087), np.int64(17088), np.int64(17089)]",17090,24177,13-36-14.604978,33,calib,"17085,17086,17087,17088,17089"
95,"[np.int64(17086), np.int64(17087), np.int64(17088), np.int64(17089), np.int64(17090)]",17091,24178,13-36-14.705257,33,calib,"17086,17087,17088,17089,17090"
95,"[np.int64(17087), np.int64(17088), np.int64(17089), np.int64(17090), np.int64(17091)]",17092,24179,13-36-14.805667,33,calib,"17087,17088,17089,17090,17091"
95,"[np.int64(17088), np.int64(17089), np.int64(17090), np.int64(17091), np.int64(17092)]",17093,24180,13-36-14.905472,33,calib,"17088,17089,17090,17091,17092"
95,"[np.int64(17089), np.int64(17090), np.int64(17091), np.int64(17092), np.int64(17093)]",17094,24181,13-36-15.004825,33,calib,"17089,17090,17091,17092,17093"
95,"[np.int64(17090), np.int64(17091), np.int64(17092), np.int64(17093), np.int64(17094)]",17095,24182,13-36-15.104685,33,calib,"17090,17091,17092,17093,17094"
95,"[np.int64(17091), np.int64(17092), np.int64(17093), np.int64(17094), np.int64(17095)]",17096,24183,13-36-15.205488,33,calib,"17091,17092,17093,17094,17095"
95,"[np.int64(17092), np.int64(17093), np.int64(17094), np.int64(17095), np.int64(17096)]",17097,24184,13-36-15.305666,33,calib,"17092,17093,17094,17095,17096"
95,"[np.int64(17093), np.int64(17094), np.int64(17095), np.int64(17096), np.int64(17097)]",17098,24185,13-36-15.404738,33,calib,"17093,17094,17095,17096,17097"
95,"[np.int64(17094), np.int64(17095), np.int64(17096), np.int64(17097), np.int64(17098)]",17099,24186,13-36-15.504827,33,calib,"17094,17095,17096,17097,17098"
95,"[np.int64(17095), np.int64(17096), np.int64(17097), np.int64(17098), np.int64(17099)]",17100,24187,13-36-15.605457,33,calib,"17095,17096,17097,17098,17099"
95,"[np.int64(17096), np.int64(17097), np.int64(17098), np.int64(17099), np.int64(17100)]",17101,24188,13-36-15.705067,33,calib,"17096,17097,17098,17099,17100"
95,"[np.int64(17097), np.int64(17098), np.int64(17099), np.int64(17100), np.int64(17101)]",17102,24189,13-36-15.804831,33,calib,"17097,17098,17099,17100,17101"
95,"[np.int64(17098), np.int64(17099), np.int64(17100), np.int64(17101), np.int64(17102)]",17103,24190,13-36-15.905095,33,calib,"17098,17099,17100,17101,17102"
95,"[np.int64(17099), np.int64(17100), np.int64(17101), np.int64(17102), np.int64(17103)]",17104,24191,13-36-16.004991,34,calib,"17099,17100,17101,17102,17103"
95,"[np.int64(17100), np.int64(17101), np.int64(17102), np.int64(17103), np.int64(17104)]",17105,24192,13-36-16.105117,33,calib,"17100,17101,17102,17103,17104"
95,"[np.int64(17101), np.int64(17102), np.int64(17103), np.int64(17104), np.int64(17105)]",17106,24193,13-36-16.204813,33,calib,"17101,17102,17103,17104,17105"
95,"[np.int64(17102), np.int64(17103), np.int64(17104), np.int64(17105), np.int64(17106)]",17107,24194,13-36-16.304891,33,calib,"17102,17103,17104,17105,17106"
95,"[np.int64(17103), np.int64(17104), np.int64(17105), np.int64(17106), np.int64(17107)]",17108,24195,13-36-16.405197,33,calib,"17103,17104,17105,17106,17107"
95,"[np.int64(17104), np.int64(17105), np.int64(17106), np.int64(17107), np.int64(17108)]",17109,24196,13-36-16.504817,33,calib,"17104,17105,17106,17107,17108"
95,"[np.int64(17105), np.int64(17106), np.int64(17107), np.int64(17108), np.int64(17109)]",17110,24197,13-36-16.604913,33,calib,"17105,17106,17107,17108,17109"
95,"[np.int64(17106), np.int64(17107), np.int64(17108), np.int64(17109), np.int64(17110)]",17111,24198,13-36-16.704827,33,calib,"17106,17107,17108,17109,17110"
95,"[np.int64(17107), np.int64(17108), np.int64(17109), np.int64(17110), np.int64(17111)]",17112,24199,13-36-16.805639,33,calib,"17107,17108,17109,17110,17111"
95,"[np.int64(17108), np.int64(17109), np.int64(17110), np.int64(17111), np.int64(17112)]",17113,24200,13-36-16.905458,33,calib,"17108,17109,17110,17111,17112"
95,"[np.int64(17109), np.int64(17110), np.int64(17111), np.int64(17112), np.int64(17113)]",17114,24201,13-36-17.005035,33,calib,"17109,17110,17111,17112,17113"
95,"[np.int64(17110), np.int64(17111), np.int64(17112), np.int64(17113), np.int64(17114)]",17115,24202,13-36-17.105123,34,calib,"17110,17111,17112,17113,17114"
95,"[np.int64(17111), np.int64(17112), np.int64(17113), np.int64(17114), np.int64(17115)]",17116,24203,13-36-17.205065,34,calib,"17111,17112,17113,17114,17115"
95,"[np.int64(17112), np.int64(17113), np.int64(17114), np.int64(17115), np.int64(17116)]",17117,24204,13-36-17.305009,33,calib,"17112,17113,17114,17115,17116"
95,"[np.int64(17113), np.int64(17114), np.int64(17115), np.int64(17116), np.int64(17117)]",17118,24205,13-36-17.405571,33,calib,"17113,17114,17115,17116,17117"
95,"[np.int64(17114), np.int64(17115), np.int64(17116), np.int64(17117), np.int64(17118)]",17119,24206,13-36-17.504854,33,calib,"17114,17115,17116,17117,17118"
95,"[np.int64(17115), np.int64(17116), np.int64(17117), np.int64(17118), np.int64(17119)]",17120,24207,13-36-17.604996,34,calib,"17115,17116,17117,17118,17119"
95,"[np.int64(17116), np.int64(17117), np.int64(17118), np.int64(17119), np.int64(17120)]",17121,24208,13-36-17.705667,33,calib,"17116,17117,17118,17119,17120"
95,"[np.int64(17117), np.int64(17118), np.int64(17119), np.int64(17120), np.int64(17121)]",17122,24209,13-36-17.805045,34,calib,"17117,17118,17119,17120,17121"
95,"[np.int64(17118), np.int64(17119), np.int64(17120), np.int64(17121), np.int64(17122)]",17123,24210,13-36-17.905639,33,calib,"17118,17119,17120,17121,17122"
95,"[np.int64(17119), np.int64(17120), np.int64(17121), np.int64(17122), np.int64(17123)]",17124,24211,13-36-18.005385,34,calib,"17119,17120,17121,17122,17123"
95,"[np.int64(17120), np.int64(17121), np.int64(17122), np.int64(17123), np.int64(17124)]",17125,24212,13-36-18.105277,34,calib,"17120,17121,17122,17123,17124"
95,"[np.int64(17121), np.int64(17122), np.int64(17123), np.int64(17124), np.int64(17125)]",17126,24213,13-36-18.204965,33,calib,"17121,17122,17123,17124,17125"
95,"[np.int64(17122), np.int64(17123), np.int64(17124), np.int64(17125), np.int64(17126)]",17127,24214,13-36-18.305477,34,calib,"17122,17123,17124,17125,17126"
95,"[np.int64(17123), np.int64(17124), np.int64(17125), np.int64(17126), np.int64(17127)]",17128,24215,13-36-18.405144,34,calib,"17123,17124,17125,17126,17127"
95,"[np.int64(17124), np.int64(17125), np.int64(17126), np.int64(17127), np.int64(17128)]",17129,24216,13-36-18.504650,34,calib,"17124,17125,17126,17127,17128"
95,"[np.int64(17125), np.int64(17126), np.int64(17127), np.int64(17128), np.int64(17129)]",17130,24217,13-36-18.605360,34,calib,"17125,17126,17127,17128,17129"
95,"[np.int64(17126), np.int64(17127), np.int64(17128), np.int64(17129), np.int64(17130)]",17131,24218,13-36-18.705412,33,calib,"17126,17127,17128,17129,17130"
95,"[np.int64(17127), np.int64(17128), np.int64(17129), np.int64(17130), np.int64(17131)]",17132,24219,13-36-18.805631,34,calib,"17127,17128,17129,17130,17131"
95,"[np.int64(17128), np.int64(17129), np.int64(17130), np.int64(17131), np.int64(17132)]",17133,24220,13-36-18.905047,34,calib,"17128,17129,17130,17131,17132"
95,"[np.int64(17129), np.int64(17130), np.int64(17131), np.int64(17132), np.int64(17133)]",17134,24221,13-36-19.005681,34,calib,"17129,17130,17131,17132,17133"
95,"[np.int64(17130), np.int64(17131), np.int64(17132), np.int64(17133), np.int64(17134)]",17135,24222,13-36-19.104998,33,calib,"17130,17131,17132,17133,17134"
95,"[np.int64(17131), np.int64(17132), np.int64(17133), np.int64(17134), np.int64(17135)]",17136,24223,13-36-19.205162,33,calib,"17131,17132,17133,17134,17135"
95,"[np.int64(17132), np.int64(17133), np.int64(17134), np.int64(17135), np.int64(17136)]",17137,24224,13-36-19.305226,34,calib,"17132,17133,17134,17135,17136"
95,"[np.int64(17133), np.int64(17134), np.int64(17135), np.int64(17136), np.int64(17137)]",17138,24225,13-36-19.404707,34,calib,"17133,17134,17135,17136,17137"
95,"[np.int64(17134), np.int64(17135), np.int64(17136), np.int64(17137), np.int64(17138)]",17139,24226,13-36-19.505471,33,calib,"17134,17135,17136,17137,17138"
95,"[np.int64(17135), np.int64(17136), np.int64(17137), np.int64(17138), np.int64(17139)]",17140,24227,13-36-19.605596,33,calib,"17135,17136,17137,17138,17139"
95,"[np.int64(17136), np.int64(17137), np.int64(17138), np.int64(17139), np.int64(17140)]",17141,24228,13-36-19.705576,34,calib,"17136,17137,17138,17139,17140"
95,"[np.int64(17137), np.int64(17138), np.int64(17139), np.int64(17140), np.int64(17141)]",17142,24229,13-36-19.804708,33,calib,"17137,17138,17139,17140,17141"
95,"[np.int64(17138), np.int64(17139), np.int64(17140), np.int64(17141), np.int64(17142)]",17143,24230,13-36-19.905453,34,calib,"17138,17139,17140,17141,17142"
95,"[np.int64(17139), np.int64(17140), np.int64(17141), np.int64(17142), np.int64(17143)]",17144,24231,13-36-20.004676,33,calib,"17139,17140,17141,17142,17143"
95,"[np.int64(17140), np.int64(17141), np.int64(17142), np.int64(17143), np.int64(17144)]",17145,24232,13-36-20.105348,34,calib,"17140,17141,17142,17143,17144"
95,"[np.int64(17141), np.int64(17142), np.int64(17143), np.int64(17144), np.int64(17145)]",17146,24233,13-36-20.205476,33,calib,"17141,17142,17143,17144,17145"
95,"[np.int64(17142), np.int64(17143), np.int64(17144), np.int64(17145), np.int64(17146)]",17147,24234,13-36-20.305075,33,calib,"17142,17143,17144,17145,17146"
95,"[np.int64(17143), np.int64(17144), np.int64(17145), np.int64(17146), np.int64(17147)]",17148,24235,13-36-20.404698,33,calib,"17143,17144,17145,17146,17147"
95,"[np.int64(17144), np.int64(17145), np.int64(17146), np.int64(17147), np.int64(17148)]",17149,24236,13-36-20.505301,33,calib,"17144,17145,17146,17147,17148"
95,"[np.int64(17145), np.int64(17146), np.int64(17147), np.int64(17148), np.int64(17149)]",17150,24237,13-36-20.605669,33,calib,"17145,17146,17147,17148,17149"
95,"[np.int64(17146), np.int64(17147), np.int64(17148), np.int64(17149), np.int64(17150)]",17151,24238,13-36-20.705516,33,calib,"17146,17147,17148,17149,17150"
95,"[np.int64(17147), np.int64(17148), np.int64(17149), np.int64(17150), np.int64(17151)]",17152,24239,13-36-20.804967,33,calib,"17147,17148,17149,17150,17151"
95,"[np.int64(17148), np.int64(17149), np.int64(17150), np.int64(17151), np.int64(17152)]",17153,24240,13-36-20.905201,33,calib,"17148,17149,17150,17151,17152"
95,"[np.int64(17149), np.int64(17150), np.int64(17151), np.int64(17152), np.int64(17153)]",17154,24241,13-36-21.005162,33,calib,"17149,17150,17151,17152,17153"
95,"[np.int64(17150), np.int64(17151), np.int64(17152), np.int64(17153), np.int64(17154)]",17155,24242,13-36-21.104898,33,calib,"17150,17151,17152,17153,17154"
95,"[np.int64(17151), np.int64(17152), np.int64(17153), np.int64(17154), np.int64(17155)]",17156,24243,13-36-21.205560,33,calib,"17151,17152,17153,17154,17155"
95,"[np.int64(17152), np.int64(17153), np.int64(17154), np.int64(17155), np.int64(17156)]",17157,24244,13-36-21.305044,34,calib,"17152,17153,17154,17155,17156"
95,"[np.int64(17153), np.int64(17154), np.int64(17155), np.int64(17156), np.int64(17157)]",17158,24245,13-36-21.404721,34,calib,"17153,17154,17155,17156,17157"
95,"[np.int64(17154), np.int64(17155), np.int64(17156), np.int64(17157), np.int64(17158)]",17159,24246,13-36-21.505487,33,calib,"17154,17155,17156,17157,17158"
95,"[np.int64(17155), np.int64(17156), np.int64(17157), np.int64(17158), np.int64(17159)]",17160,24247,13-36-21.604786,33,calib,"17155,17156,17157,17158,17159"
95,"[np.int64(17156), np.int64(17157), np.int64(17158), np.int64(17159), np.int64(17160)]",17161,24248,13-36-21.705259,33,calib,"17156,17157,17158,17159,17160"
95,"[np.int64(17157), np.int64(17158), np.int64(17159), np.int64(17160), np.int64(17161)]",17162,24249,13-36-21.804960,34,calib,"17157,17158,17159,17160,17161"
95,"[np.int64(17158), np.int64(17159), np.int64(17160), np.int64(17161), np.int64(17162)]",17163,24250,13-36-21.905664,33,calib,"17158,17159,17160,17161,17162"
95,"[np.int64(17159), np.int64(17160), np.int64(17161), np.int64(17162), np.int64(17163)]",17164,24251,13-36-22.005499,33,calib,"17159,17160,17161,17162,17163"
95,"[np.int64(17160), np.int64(17161), np.int64(17162), np.int64(17163), np.int64(17164)]",17165,24252,13-36-22.104753,34,calib,"17160,17161,17162,17163,17164"
95,"[np.int64(17161), np.int64(17162), np.int64(17163), np.int64(17164), np.int64(17165)]",17166,24253,13-36-22.205138,33,calib,"17161,17162,17163,17164,17165"
95,"[np.int64(17162), np.int64(17163), np.int64(17164), np.int64(17165), np.int64(17166)]",17167,24254,13-36-22.305054,33,calib,"17162,17163,17164,17165,17166"
95,"[np.int64(17163), np.int64(17164), np.int64(17165), np.int64(17166), np.int64(17167)]",17168,24255,13-36-22.405036,33,calib,"17163,17164,17165,17166,17167"
95,"[np.int64(17164), np.int64(17165), np.int64(17166), np.int64(17167), np.int64(17168)]",17169,24256,13-36-22.504830,33,calib,"17164,17165,17166,17167,17168"
95,"[np.int64(17165), np.int64(17166), np.int64(17167), np.int64(17168), np.int64(17169)]",17170,24257,13-36-22.605040,33,calib,"17165,17166,17167,17168,17169"
95,"[np.int64(17166), np.int64(17167), np.int64(17168), np.int64(17169), np.int64(17170)]",17171,24258,13-36-22.705341,33,calib,"17166,17167,17168,17169,17170"
95,"[np.int64(17167), np.int64(17168), np.int64(17169), np.int64(17170), np.int64(17171)]",17172,24259,13-36-22.804884,33,calib,"17167,17168,17169,17170,17171"
95,"[np.int64(17168), np.int64(17169), np.int64(17170), np.int64(17171), np.int64(17172)]",17173,24260,13-36-22.905134,33,calib,"17168,17169,17170,17171,17172"
95,"[np.int64(17169), np.int64(17170), np.int64(17171), np.int64(17172), np.int64(17173)]",17174,24261,13-36-23.005488,34,calib,"17169,17170,17171,17172,17173"
95,"[np.int64(17170), np.int64(17171), np.int64(17172), np.int64(17173), np.int64(17174)]",17175,24262,13-36-23.105043,34,calib,"17170,17171,17172,17173,17174"
95,"[np.int64(17171), np.int64(17172), np.int64(17173), np.int64(17174), np.int64(17175)]",17176,24263,13-36-23.204765,33,calib,"17171,17172,17173,17174,17175"
95,"[np.int64(17172), np.int64(17173), np.int64(17174), np.int64(17175), np.int64(17176)]",17177,24264,13-36-23.304719,34,calib,"17172,17173,17174,17175,17176"
95,"[np.int64(17173), np.int64(17174), np.int64(17175), np.int64(17176), np.int64(17177)]",17178,24265,13-36-23.405350,33,calib,"17173,17174,17175,17176,17177"
95,"[np.int64(17174), np.int64(17175), np.int64(17176), np.int64(17177), np.int64(17178)]",17179,24266,13-36-23.505065,32,calib,"17174,17175,17176,17177,17178"
95,"[np.int64(17175), np.int64(17176), np.int64(17177), np.int64(17178), np.int64(17179)]",17180,24267,13-36-23.604829,33,calib,"17175,17176,17177,17178,17179"
95,"[np.int64(17176), np.int64(17177), np.int64(17178), np.int64(17179), np.int64(17180)]",17181,24268,13-36-23.705458,33,calib,"17176,17177,17178,17179,17180"
95,"[np.int64(17177), np.int64(17178), np.int64(17179), np.int64(17180), np.int64(17181)]",17182,24269,13-36-23.804951,34,calib,"17177,17178,17179,17180,17181"
95,"[np.int64(17178), np.int64(17179), np.int64(17180), np.int64(17181), np.int64(17182)]",17183,24270,13-36-23.905226,33,calib,"17178,17179,17180,17181,17182"
95,"[np.int64(17179), np.int64(17180), np.int64(17181), np.int64(17182), np.int64(17183)]",17184,24271,13-36-24.005650,35,calib,"17179,17180,17181,17182,17183"
95,"[np.int64(17180), np.int64(17181), np.int64(17182), np.int64(17183), np.int64(17184)]",17185,24272,13-36-24.105341,33,calib,"17180,17181,17182,17183,17184"
95,"[np.int64(17181), np.int64(17182), np.int64(17183), np.int64(17184), np.int64(17185)]",17186,24273,13-36-24.205079,33,calib,"17181,17182,17183,17184,17185"
95,"[np.int64(17182), np.int64(17183), np.int64(17184), np.int64(17185), np.int64(17186)]",17187,24274,13-36-24.305131,34,calib,"17182,17183,17184,17185,17186"
95,"[np.int64(17183), np.int64(17184), np.int64(17185), np.int64(17186), np.int64(17187)]",17188,24275,13-36-24.404989,33,calib,"17183,17184,17185,17186,17187"
95,"[np.int64(17184), np.int64(17185), np.int64(17186), np.int64(17187), np.int64(17188)]",17189,24276,13-36-24.504830,33,calib,"17184,17185,17186,17187,17188"
95,"[np.int64(17185), np.int64(17186), np.int64(17187), np.int64(17188), np.int64(17189)]",17190,24277,13-36-24.605424,33,calib,"17185,17186,17187,17188,17189"
95,"[np.int64(17186), np.int64(17187), np.int64(17188), np.int64(17189), np.int64(17190)]",17191,24278,13-36-24.705036,33,calib,"17186,17187,17188,17189,17190"
95,"[np.int64(17187), np.int64(17188), np.int64(17189), np.int64(17190), np.int64(17191)]",17192,24279,13-36-24.805257,33,calib,"17187,17188,17189,17190,17191"
95,"[np.int64(17188), np.int64(17189), np.int64(17190), np.int64(17191), np.int64(17192)]",17193,24280,13-36-24.905042,33,calib,"17188,17189,17190,17191,17192"
95,"[np.int64(17189), np.int64(17190), np.int64(17191), np.int64(17192), np.int64(17193)]",17194,24281,13-36-25.005342,34,calib,"17189,17190,17191,17192,17193"
95,"[np.int64(17190), np.int64(17191), np.int64(17192), np.int64(17193), np.int64(17194)]",17195,24282,13-36-25.105643,34,calib,"17190,17191,17192,17193,17194"
95,"[np.int64(17191), np.int64(17192), np.int64(17193), np.int64(17194), np.int64(17195)]",17196,24283,13-36-25.205292,34,calib,"17191,17192,17193,17194,17195"
95,"[np.int64(17192), np.int64(17193), np.int64(17194), np.int64(17195), np.int64(17196)]",17197,24284,13-36-25.305412,33,calib,"17192,17193,17194,17195,17196"
95,"[np.int64(17193), np.int64(17194), np.int64(17195), np.int64(17196), np.int64(17197)]",17198,24285,13-36-25.405077,33,calib,"17193,17194,17195,17196,17197"
95,"[np.int64(17194), np.int64(17195), np.int64(17196), np.int64(17197), np.int64(17198)]",17199,24286,13-36-25.504978,34,calib,"17194,17195,17196,17197,17198"
95,"[np.int64(17195), np.int64(17196), np.int64(17197), np.int64(17198), np.int64(17199)]",17200,24287,13-36-25.605218,33,calib,"17195,17196,17197,17198,17199"
95,"[np.int64(17196), np.int64(17197), np.int64(17198), np.int64(17199), np.int64(17200)]",17201,24288,13-36-25.705261,33,calib,"17196,17197,17198,17199,17200"
95,"[np.int64(17197), np.int64(17198), np.int64(17199), np.int64(17200), np.int64(17201)]",17202,24289,13-36-25.805297,16,calib,"17197,17198,17199,17200,17201"
95,"[np.int64(17198), np.int64(17199), np.int64(17200), np.int64(17201), np.int64(17202)]",17203,24290,13-36-25.905576,34,calib,"17198,17199,17200,17201,17202"
95,"[np.int64(17199), np.int64(17200), np.int64(17201), np.int64(17202), np.int64(17203)]",17204,24291,13-36-26.004757,36,calib,"17199,17200,17201,17202,17203"
95,"[np.int64(17200), np.int64(17201), np.int64(17202), np.int64(17203), np.int64(17204)]",17205,24292,13-36-26.104747,33,calib,"17200,17201,17202,17203,17204"
95,"[np.int64(17201), np.int64(17202), np.int64(17203), np.int64(17204), np.int64(17205)]",17206,24293,13-36-26.205043,35,calib,"17201,17202,17203,17204,17205"
95,"[np.int64(17202), np.int64(17203), np.int64(17204), np.int64(17205), np.int64(17206)]",17207,24294,13-36-26.304763,35,calib,"17202,17203,17204,17205,17206"
95,"[np.int64(17203), np.int64(17204), np.int64(17205), np.int64(17206), np.int64(17207)]",17208,24295,13-36-26.405619,35,calib,"17203,17204,17205,17206,17207"
95,"[np.int64(17204), np.int64(17205), np.int64(17206), np.int64(17207), np.int64(17208)]",17209,24296,13-36-26.504993,34,calib,"17204,17205,17206,17207,17208"
95,"[np.int64(17205), np.int64(17206), np.int64(17207), np.int64(17208), np.int64(17209)]",17210,24297,13-36-26.605666,34,calib,"17205,17206,17207,17208,17209"
95,"[np.int64(17206), np.int64(17207), np.int64(17208), np.int64(17209), np.int64(17210)]",17211,24298,13-36-26.704917,34,calib,"17206,17207,17208,17209,17210"
95,"[np.int64(17207), np.int64(17208), np.int64(17209), np.int64(17210), np.int64(17211)]",17212,24299,13-36-26.804698,34,calib,"17207,17208,17209,17210,17211"
95,"[np.int64(17208), np.int64(17209), np.int64(17210), np.int64(17211), np.int64(17212)]",17213,24300,13-36-26.905262,34,calib,"17208,17209,17210,17211,17212"
95,"[np.int64(17209), np.int64(17210), np.int64(17211), np.int64(17212), np.int64(17213)]",17214,24301,13-36-27.005185,33,calib,"17209,17210,17211,17212,17213"
95,"[np.int64(17210), np.int64(17211), np.int64(17212), np.int64(17213), np.int64(17214)]",17215,24302,13-36-27.105506,33,calib,"17210,17211,17212,17213,17214"
95,"[np.int64(17211), np.int64(17212), np.int64(17213), np.int64(17214), np.int64(17215)]",17216,24303,13-36-27.204832,34,calib,"17211,17212,17213,17214,17215"
95,"[np.int64(17212), np.int64(17213), np.int64(17214), np.int64(17215), np.int64(17216)]",17217,24304,13-36-27.305563,35,calib,"17212,17213,17214,17215,17216"
95,"[np.int64(17213), np.int64(17214), np.int64(17215), np.int64(17216), np.int64(17217)]",17218,24305,13-36-27.404825,33,calib,"17213,17214,17215,17216,17217"
95,"[np.int64(17214), np.int64(17215), np.int64(17216), np.int64(17217), np.int64(17218)]",17219,24306,13-36-27.505097,37,calib,"17214,17215,17216,17217,17218"
95,"[np.int64(17215), np.int64(17216), np.int64(17217), np.int64(17218), np.int64(17219)]",17220,24307,13-36-27.605453,84,calib,"17215,17216,17217,17218,17219"
95,"[np.int64(17216), np.int64(17217), np.int64(17218), np.int64(17219), np.int64(17220)]",17221,24308,13-36-27.704953,94,calib,"17216,17217,17218,17219,17220"
95,"[np.int64(17217), np.int64(17218), np.int64(17219), np.int64(17220), np.int64(17221)]",17222,24309,13-36-27.805182,102,calib,"17217,17218,17219,17220,17221"
95,"[np.int64(17218), np.int64(17219), np.int64(17220), np.int64(17221), np.int64(17222)]",17223,24310,13-36-27.905126,123,calib,"17218,17219,17220,17221,17222"
95,"[np.int64(17219), np.int64(17220), np.int64(17221), np.int64(17222), np.int64(17223)]",17224,24311,13-36-28.005644,80,calib,"17219,17220,17221,17222,17223"
95,"[np.int64(17220), np.int64(17221), np.int64(17222), np.int64(17223), np.int64(17224)]",17225,24312,13-36-28.105610,36,calib,"17220,17221,17222,17223,17224"
95,"[np.int64(17221), np.int64(17222), np.int64(17223), np.int64(17224), np.int64(17225)]",17226,24313,13-36-28.205383,95,calib,"17221,17222,17223,17224,17225"
95,"[np.int64(17222), np.int64(17223), np.int64(17224), np.int64(17225), np.int64(17226)]",17227,24314,13-36-28.305288,34,calib,"17222,17223,17224,17225,17226"
95,"[np.int64(17223), np.int64(17224), np.int64(17225), np.int64(17226), np.int64(17227)]",17228,24315,13-36-28.404828,110,calib,"17223,17224,17225,17226,17227"
95,"[np.int64(17224), np.int64(17225), np.int64(17226), np.int64(17227), np.int64(17228)]",17229,24316,13-36-28.504720,35,calib,"17224,17225,17226,17227,17228"
95,"[np.int64(17225), np.int64(17226), np.int64(17227), np.int64(17228), np.int64(17229)]",17230,24317,13-36-28.604690,69,calib,"17225,17226,17227,17228,17229"
95,"[np.int64(17226), np.int64(17227), np.int64(17228), np.int64(17229), np.int64(17230)]",17231,24318,13-36-28.705005,101,calib,"17226,17227,17228,17229,17230"
95,"[np.int64(17227), np.int64(17228), np.int64(17229), np.int64(17230), np.int64(17231)]",17232,24319,13-36-28.805253,33,calib,"17227,17228,17229,17230,17231"
95,"[np.int64(17228), np.int64(17229), np.int64(17230), np.int64(17231), np.int64(17232)]",17233,24320,13-36-28.904843,33,calib,"17228,17229,17230,17231,17232"
95,"[np.int64(17229), np.int64(17230), np.int64(17231), np.int64(17232), np.int64(17233)]",17234,24321,13-36-29.004884,34,calib,"17229,17230,17231,17232,17233"
95,"[np.int64(17230), np.int64(17231), np.int64(17232), np.int64(17233), np.int64(17234)]",17235,24322,13-36-29.105057,35,calib,"17230,17231,17232,17233,17234"
95,"[np.int64(17231), np.int64(17232), np.int64(17233), np.int64(17234), np.int64(17235)]",17236,24323,13-36-29.205559,34,calib,"17231,17232,17233,17234,17235"
95,"[np.int64(17232), np.int64(17233), np.int64(17234), np.int64(17235), np.int64(17236)]",17237,24324,13-36-29.304983,33,calib,"17232,17233,17234,17235,17236"
95,"[np.int64(17233), np.int64(17234), np.int64(17235), np.int64(17236), np.int64(17237)]",17238,24325,13-36-29.405265,34,calib,"17233,17234,17235,17236,17237"
95,"[np.int64(17234), np.int64(17235), np.int64(17236), np.int64(17237), np.int64(17238)]",17239,24326,13-36-29.504715,36,calib,"17234,17235,17236,17237,17238"
95,"[np.int64(17235), np.int64(17236), np.int64(17237), np.int64(17238), np.int64(17239)]",17240,24327,13-36-29.605696,36,calib,"17235,17236,17237,17238,17239"
95,"[np.int64(17236), np.int64(17237), np.int64(17238), np.int64(17239), np.int64(17240)]",17241,24328,13-36-29.704832,34,calib,"17236,17237,17238,17239,17240"
95,"[np.int64(17237), np.int64(17238), np.int64(17239), np.int64(17240), np.int64(17241)]",17242,24329,13-36-29.805440,34,calib,"17237,17238,17239,17240,17241"
95,"[np.int64(17238), np.int64(17239), np.int64(17240), np.int64(17241), np.int64(17242)]",17243,24330,13-36-29.905637,34,calib,"17238,17239,17240,17241,17242"
95,"[np.int64(17239), np.int64(17240), np.int64(17241), np.int64(17242), np.int64(17243)]",17244,24331,13-36-30.005341,35,calib,"17239,17240,17241,17242,17243"
95,"[np.int64(17240), np.int64(17241), np.int64(17242), np.int64(17243), np.int64(17244)]",17245,24332,13-36-30.105555,33,calib,"17240,17241,17242,17243,17244"
95,"[np.int64(17241), np.int64(17242), np.int64(17243), np.int64(17244), np.int64(17245)]",17246,24333,13-36-30.205604,34,calib,"17241,17242,17243,17244,17245"
95,"[np.int64(17242), np.int64(17243), np.int64(17244), np.int64(17245), np.int64(17246)]",17247,24334,13-36-30.305096,33,calib,"17242,17243,17244,17245,17246"
95,"[np.int64(17243), np.int64(17244), np.int64(17245), np.int64(17246), np.int64(17247)]",17248,24335,13-36-30.404944,33,calib,"17243,17244,17245,17246,17247"
95,"[np.int64(17244), np.int64(17245), np.int64(17246), np.int64(17247), np.int64(17248)]",17249,24336,13-36-30.505477,80,calib,"17244,17245,17246,17247,17248"
95,"[np.int64(17245), np.int64(17246), np.int64(17247), np.int64(17248), np.int64(17249)]",17250,24337,13-36-30.605164,84,calib,"17245,17246,17247,17248,17249"
95,"[np.int64(17246), np.int64(17247), np.int64(17248), np.int64(17249), np.int64(17250)]",17251,24338,13-36-30.704811,122,calib,"17246,17247,17248,17249,17250"
95,"[np.int64(17247), np.int64(17248), np.int64(17249), np.int64(17250), np.int64(17251)]",17252,24339,13-36-30.805078,76,calib,"17247,17248,17249,17250,17251"
95,"[np.int64(17248), np.int64(17249), np.int64(17250), np.int64(17251), np.int64(17252)]",17253,24340,13-36-30.905463,123,calib,"17248,17249,17250,17251,17252"
95,"[np.int64(17249), np.int64(17250), np.int64(17251), np.int64(17252), np.int64(17253)]",17254,24341,13-36-31.005643,100,calib,"17249,17250,17251,17252,17253"
95,"[np.int64(17250), np.int64(17251), np.int64(17252), np.int64(17253), np.int64(17254)]",17255,24342,13-36-31.104829,91,calib,"17250,17251,17252,17253,17254"
95,"[np.int64(17251), np.int64(17252), np.int64(17253), np.int64(17254), np.int64(17255)]",17256,24343,13-36-31.205597,68,calib,"17251,17252,17253,17254,17255"
95,"[np.int64(17252), np.int64(17253), np.int64(17254), np.int64(17255), np.int64(17256)]",17257,24344,13-36-31.305262,90,calib,"17252,17253,17254,17255,17256"
95,"[np.int64(17253), np.int64(17254), np.int64(17255), np.int64(17256), np.int64(17257)]",17258,24345,13-36-31.405321,33,calib,"17253,17254,17255,17256,17257"
95,"[np.int64(17254), np.int64(17255), np.int64(17256), np.int64(17257), np.int64(17258)]",17259,24346,13-36-31.505253,36,calib,"17254,17255,17256,17257,17258"
95,"[np.int64(17255), np.int64(17256), np.int64(17257), np.int64(17258), np.int64(17259)]",17260,24347,13-36-31.605385,34,calib,"17255,17256,17257,17258,17259"
95,"[np.int64(17256), np.int64(17257), np.int64(17258), np.int64(17259), np.int64(17260)]",17261,24348,13-36-31.705676,34,calib,"17256,17257,17258,17259,17260"
95,"[np.int64(17257), np.int64(17258), np.int64(17259), np.int64(17260), np.int64(17261)]",17262,24349,13-36-31.805037,33,calib,"17257,17258,17259,17260,17261"
95,"[np.int64(17258), np.int64(17259), np.int64(17260), np.int64(17261), np.int64(17262)]",17263,24350,13-36-31.905275,33,calib,"17258,17259,17260,17261,17262"
95,"[np.int64(17259), np.int64(17260), np.int64(17261), np.int64(17262), np.int64(17263)]",17264,24351,13-36-32.005327,33,calib,"17259,17260,17261,17262,17263"
95,"[np.int64(17260), np.int64(17261), np.int64(17262), np.int64(17263), np.int64(17264)]",17265,24352,13-36-32.104704,33,calib,"17260,17261,17262,17263,17264"
95,"[np.int64(17261), np.int64(17262), np.int64(17263), np.int64(17264), np.int64(17265)]",17266,24353,13-36-32.204991,33,calib,"17261,17262,17263,17264,17265"
95,"[np.int64(17262), np.int64(17263), np.int64(17264), np.int64(17265), np.int64(17266)]",17267,24354,13-36-32.305671,33,calib,"17262,17263,17264,17265,17266"
95,"[np.int64(17263), np.int64(17264), np.int64(17265), np.int64(17266), np.int64(17267)]",17268,24355,13-36-32.405435,33,calib,"17263,17264,17265,17266,17267"
95,"[np.int64(17264), np.int64(17265), np.int64(17266), np.int64(17267), np.int64(17268)]",17269,24356,13-36-32.505470,34,calib,"17264,17265,17266,17267,17268"
95,"[np.int64(17265), np.int64(17266), np.int64(17267), np.int64(17268), np.int64(17269)]",17270,24357,13-36-32.604784,33,calib,"17265,17266,17267,17268,17269"
95,"[np.int64(17266), np.int64(17267), np.int64(17268), np.int64(17269), np.int64(17270)]",17271,24358,13-36-32.704901,33,calib,"17266,17267,17268,17269,17270"
95,"[np.int64(17267), np.int64(17268), np.int64(17269), np.int64(17270), np.int64(17271)]",17272,24359,13-36-32.805053,33,calib,"17267,17268,17269,17270,17271"
95,"[np.int64(17268), np.int64(17269), np.int64(17270), np.int64(17271), np.int64(17272)]",17273,24360,13-36-32.905451,34,calib,"17268,17269,17270,17271,17272"
95,"[np.int64(17269), np.int64(17270), np.int64(17271), np.int64(17272), np.int64(17273)]",17274,24361,13-36-33.005616,33,calib,"17269,17270,17271,17272,17273"
95,"[np.int64(17270), np.int64(17271), np.int64(17272), np.int64(17273), np.int64(17274)]",17275,24362,13-36-33.105590,34,calib,"17270,17271,17272,17273,17274"
95,"[np.int64(17271), np.int64(17272), np.int64(17273), np.int64(17274), np.int64(17275)]",17276,24363,13-36-33.205459,33,calib,"17271,17272,17273,17274,17275"
95,"[np.int64(17272), np.int64(17273), np.int64(17274), np.int64(17275), np.int64(17276)]",17277,24364,13-36-33.305270,34,calib,"17272,17273,17274,17275,17276"
95,"[np.int64(17273), np.int64(17274), np.int64(17275), np.int64(17276), np.int64(17277)]",17278,24365,13-36-33.405109,34,calib,"17273,17274,17275,17276,17277"
95,"[np.int64(17274), np.int64(17275), np.int64(17276), np.int64(17277), np.int64(17278)]",17279,24366,13-36-33.505614,34,calib,"17274,17275,17276,17277,17278"
95,"[np.int64(17275), np.int64(17276), np.int64(17277), np.int64(17278), np.int64(17279)]",17280,24367,13-36-33.604738,34,calib,"17275,17276,17277,17278,17279"
95,"[np.int64(17276), np.int64(17277), np.int64(17278), np.int64(17279), np.int64(17280)]",17281,24368,13-36-33.705119,33,calib,"17276,17277,17278,17279,17280"
95,"[np.int64(17277), np.int64(17278), np.int64(17279), np.int64(17280), np.int64(17281)]",17282,24369,13-36-33.805199,34,calib,"17277,17278,17279,17280,17281"
95,"[np.int64(17278), np.int64(17279), np.int64(17280), np.int64(17281), np.int64(17282)]",17283,24370,13-36-33.905258,33,calib,"17278,17279,17280,17281,17282"
95,"[np.int64(17279), np.int64(17280), np.int64(17281), np.int64(17282), np.int64(17283)]",17284,24371,13-36-34.005128,34,calib,"17279,17280,17281,17282,17283"
95,"[np.int64(17280), np.int64(17281), np.int64(17282), np.int64(17283), np.int64(17284)]",17285,24372,13-36-34.105649,34,calib,"17280,17281,17282,17283,17284"
95,"[np.int64(17281), np.int64(17282), np.int64(17283), np.int64(17284), np.int64(17285)]",17286,24373,13-36-34.204905,33,calib,"17281,17282,17283,17284,17285"
95,"[np.int64(17282), np.int64(17283), np.int64(17284), np.int64(17285), np.int64(17286)]",17287,24374,13-36-34.305058,33,calib,"17282,17283,17284,17285,17286"
95,"[np.int64(17283), np.int64(17284), np.int64(17285), np.int64(17286), np.int64(17287)]",17288,24375,13-36-34.405603,34,calib,"17283,17284,17285,17286,17287"
95,"[np.int64(17284), np.int64(17285), np.int64(17286), np.int64(17287), np.int64(17288)]",17289,24376,13-36-34.505638,34,calib,"17284,17285,17286,17287,17288"
95,"[np.int64(17285), np.int64(17286), np.int64(17287), np.int64(17288), np.int64(17289)]",17290,24377,13-36-34.605375,33,calib,"17285,17286,17287,17288,17289"
95,"[np.int64(17286), np.int64(17287), np.int64(17288), np.int64(17289), np.int64(17290)]",17291,24378,13-36-34.704884,34,calib,"17286,17287,17288,17289,17290"
95,"[np.int64(17287), np.int64(17288), np.int64(17289), np.int64(17290), np.int64(17291)]",17292,24379,13-36-34.805043,34,calib,"17287,17288,17289,17290,17291"
95,"[np.int64(17288), np.int64(17289), np.int64(17290), np.int64(17291), np.int64(17292)]",17293,24380,13-36-34.904730,34,calib,"17288,17289,17290,17291,17292"
95,"[np.int64(17289), np.int64(17290), np.int64(17291), np.int64(17292), np.int64(17293)]",17294,24381,13-36-35.005042,33,calib,"17289,17290,17291,17292,17293"
95,"[np.int64(17290), np.int64(17291), np.int64(17292), np.int64(17293), np.int64(17294)]",17295,24382,13-36-35.104925,34,calib,"17290,17291,17292,17293,17294"
95,"[np.int64(17291), np.int64(17292), np.int64(17293), np.int64(17294), np.int64(17295)]",17296,24383,13-36-35.204798,34,calib,"17291,17292,17293,17294,17295"
95,"[np.int64(17292), np.int64(17293), np.int64(17294), np.int64(17295), np.int64(17296)]",17297,24384,13-36-35.304918,34,calib,"17292,17293,17294,17295,17296"
95,"[np.int64(17293), np.int64(17294), np.int64(17295), np.int64(17296), np.int64(17297)]",17298,24385,13-36-35.405557,33,calib,"17293,17294,17295,17296,17297"
95,"[np.int64(17294), np.int64(17295), np.int64(17296), np.int64(17297), np.int64(17298)]",17299,24386,13-36-35.505409,33,calib,"17294,17295,17296,17297,17298"
95,"[np.int64(17295), np.int64(17296), np.int64(17297), np.int64(17298), np.int64(17299)]",17300,24387,13-36-35.605477,33,calib,"17295,17296,17297,17298,17299"
95,"[np.int64(17296), np.int64(17297), np.int64(17298), np.int64(17299), np.int64(17300)]",17301,24388,13-36-35.704782,33,calib,"17296,17297,17298,17299,17300"
95,"[np.int64(17297), np.int64(17298), np.int64(17299), np.int64(17300), np.int64(17301)]",17302,24389,13-36-35.804810,33,calib,"17297,17298,17299,17300,17301"
95,"[np.int64(17298), np.int64(17299), np.int64(17300), np.int64(17301), np.int64(17302)]",17303,24390,13-36-35.904713,33,calib,"17298,17299,17300,17301,17302"
95,"[np.int64(17299), np.int64(17300), np.int64(17301), np.int64(17302), np.int64(17303)]",17304,24391,13-36-36.005046,33,calib,"17299,17300,17301,17302,17303"
95,"[np.int64(17300), np.int64(17301), np.int64(17302), np.int64(17303), np.int64(17304)]",17305,24392,13-36-36.104753,33,calib,"17300,17301,17302,17303,17304"
95,"[np.int64(17301), np.int64(17302), np.int64(17303), np.int64(17304), np.int64(17305)]",17306,24393,13-36-36.205046,34,calib,"17301,17302,17303,17304,17305"
95,"[np.int64(17302), np.int64(17303), np.int64(17304), np.int64(17305), np.int64(17306)]",17307,24394,13-36-36.305496,34,calib,"17302,17303,17304,17305,17306"
95,"[np.int64(17303), np.int64(17304), np.int64(17305), np.int64(17306), np.int64(17307)]",17308,24395,13-36-36.405355,33,calib,"17303,17304,17305,17306,17307"
95,"[np.int64(17304), np.int64(17305), np.int64(17306), np.int64(17307), np.int64(17308)]",17309,24396,13-36-36.505272,33,calib,"17304,17305,17306,17307,17308"
95,"[np.int64(17305), np.int64(17306), np.int64(17307), np.int64(17308), np.int64(17309)]",17310,24397,13-36-36.604968,34,calib,"17305,17306,17307,17308,17309"
95,"[np.int64(17306), np.int64(17307), np.int64(17308), np.int64(17309), np.int64(17310)]",17311,24398,13-36-36.705066,33,calib,"17306,17307,17308,17309,17310"
95,"[np.int64(17307), np.int64(17308), np.int64(17309), np.int64(17310), np.int64(17311)]",17312,24399,13-36-36.804761,33,calib,"17307,17308,17309,17310,17311"
95,"[np.int64(17308), np.int64(17309), np.int64(17310), np.int64(17311), np.int64(17312)]",17313,24400,13-36-36.905255,34,calib,"17308,17309,17310,17311,17312"
95,"[np.int64(17309), np.int64(17310), np.int64(17311), np.int64(17312), np.int64(17313)]",17314,24401,13-36-37.005319,33,calib,"17309,17310,17311,17312,17313"
95,"[np.int64(17310), np.int64(17311), np.int64(17312), np.int64(17313), np.int64(17314)]",17315,24402,13-36-37.104829,33,calib,"17310,17311,17312,17313,17314"
95,"[np.int64(17311), np.int64(17312), np.int64(17313), np.int64(17314), np.int64(17315)]",17316,24403,13-36-37.205678,33,calib,"17311,17312,17313,17314,17315"
95,"[np.int64(17312), np.int64(17313), np.int64(17314), np.int64(17315), np.int64(17316)]",17317,24404,13-36-37.304701,34,calib,"17312,17313,17314,17315,17316"
95,"[np.int64(17313), np.int64(17314), np.int64(17315), np.int64(17316), np.int64(17317)]",17318,24405,13-36-37.405259,34,calib,"17313,17314,17315,17316,17317"
95,"[np.int64(17314), np.int64(17315), np.int64(17316), np.int64(17317), np.int64(17318)]",17319,24406,13-36-37.504809,33,calib,"17314,17315,17316,17317,17318"
95,"[np.int64(17315), np.int64(17316), np.int64(17317), np.int64(17318), np.int64(17319)]",17320,24407,13-36-37.605051,33,calib,"17315,17316,17317,17318,17319"
95,"[np.int64(17316), np.int64(17317), np.int64(17318), np.int64(17319), np.int64(17320)]",17321,24408,13-36-37.704730,33,calib,"17316,17317,17318,17319,17320"
95,"[np.int64(17317), np.int64(17318), np.int64(17319), np.int64(17320), np.int64(17321)]",17322,24409,13-36-37.805046,33,calib,"17317,17318,17319,17320,17321"
95,"[np.int64(17318), np.int64(17319), np.int64(17320), np.int64(17321), np.int64(17322)]",17323,24410,13-36-37.904742,33,calib,"17318,17319,17320,17321,17322"
95,"[np.int64(17319), np.int64(17320), np.int64(17321), np.int64(17322), np.int64(17323)]",17324,24411,13-36-38.004893,33,calib,"17319,17320,17321,17322,17323"
95,"[np.int64(17320), np.int64(17321), np.int64(17322), np.int64(17323), np.int64(17324)]",17325,24412,13-36-38.104833,33,calib,"17320,17321,17322,17323,17324"
95,"[np.int64(17321), np.int64(17322), np.int64(17323), np.int64(17324), np.int64(17325)]",17326,24413,13-36-38.205602,33,calib,"17321,17322,17323,17324,17325"
95,"[np.int64(17322), np.int64(17323), np.int64(17324), np.int64(17325), np.int64(17326)]",17327,24414,13-36-38.304754,33,calib,"17322,17323,17324,17325,17326"
95,"[np.int64(17323), np.int64(17324), np.int64(17325), np.int64(17326), np.int64(17327)]",17328,24415,13-36-38.404928,33,calib,"17323,17324,17325,17326,17327"
95,"[np.int64(17324), np.int64(17325), np.int64(17326), np.int64(17327), np.int64(17328)]",17329,24416,13-36-38.505670,33,calib,"17324,17325,17326,17327,17328"
95,"[np.int64(17325), np.int64(17326), np.int64(17327), np.int64(17328), np.int64(17329)]",17330,24417,13-36-38.605204,33,calib,"17325,17326,17327,17328,17329"
95,"[np.int64(17326), np.int64(17327), np.int64(17328), np.int64(17329), np.int64(17330)]",17331,24418,13-36-38.705342,33,calib,"17326,17327,17328,17329,17330"
95,"[np.int64(17327), np.int64(17328), np.int64(17329), np.int64(17330), np.int64(17331)]",17332,24419,13-36-38.805140,33,calib,"17327,17328,17329,17330,17331"
95,"[np.int64(17328), np.int64(17329), np.int64(17330), np.int64(17331), np.int64(17332)]",17333,24420,13-36-38.904766,33,calib,"17328,17329,17330,17331,17332"
95,"[np.int64(17329), np.int64(17330), np.int64(17331), np.int64(17332), np.int64(17333)]",17334,24421,13-36-39.005158,33,calib,"17329,17330,17331,17332,17333"
95,"[np.int64(17330), np.int64(17331), np.int64(17332), np.int64(17333), np.int64(17334)]",17335,24422,13-36-39.104767,33,calib,"17330,17331,17332,17333,17334"
95,"[np.int64(17331), np.int64(17332), np.int64(17333), np.int64(17334), np.int64(17335)]",17336,24423,13-36-39.205417,33,calib,"17331,17332,17333,17334,17335"
95,"[np.int64(17332), np.int64(17333), np.int64(17334), np.int64(17335), np.int64(17336)]",17337,24424,13-36-39.304678,33,calib,"17332,17333,17334,17335,17336"
95,"[np.int64(17333), np.int64(17334), np.int64(17335), np.int64(17336), np.int64(17337)]",17338,24425,13-36-39.404805,33,calib,"17333,17334,17335,17336,17337"
95,"[np.int64(17334), np.int64(17335), np.int64(17336), np.int64(17337), np.int64(17338)]",17339,24426,13-36-39.504968,33,calib,"17334,17335,17336,17337,17338"
95,"[np.int64(17335), np.int64(17336), np.int64(17337), np.int64(17338), np.int64(17339)]",17340,24427,13-36-39.604703,34,calib,"17335,17336,17337,17338,17339"
95,"[np.int64(17336), np.int64(17337), np.int64(17338), np.int64(17339), np.int64(17340)]",17341,24428,13-36-39.704737,34,calib,"17336,17337,17338,17339,17340"
95,"[np.int64(17337), np.int64(17338), np.int64(17339), np.int64(17340), np.int64(17341)]",17342,24429,13-36-39.805363,33,calib,"17337,17338,17339,17340,17341"
95,"[np.int64(17338), np.int64(17339), np.int64(17340), np.int64(17341), np.int64(17342)]",17343,24430,13-36-39.905461,32,calib,"17338,17339,17340,17341,17342"
95,"[np.int64(17339), np.int64(17340), np.int64(17341), np.int64(17342), np.int64(17343)]",17344,24431,13-36-40.005666,33,calib,"17339,17340,17341,17342,17343"
95,"[np.int64(17340), np.int64(17341), np.int64(17342), np.int64(17343), np.int64(17344)]",17345,24432,13-36-40.105484,33,calib,"17340,17341,17342,17343,17344"
95,"[np.int64(17341), np.int64(17342), np.int64(17343), np.int64(17344), np.int64(17345)]",17346,24433,13-36-40.204732,32,calib,"17341,17342,17343,17344,17345"
95,"[np.int64(17342), np.int64(17343), np.int64(17344), np.int64(17345), np.int64(17346)]",17347,24434,13-36-40.304941,33,calib,"17342,17343,17344,17345,17346"
95,"[np.int64(17343), np.int64(17344), np.int64(17345), np.int64(17346), np.int64(17347)]",17348,24435,13-36-40.405408,33,calib,"17343,17344,17345,17346,17347"
95,"[np.int64(17344), np.int64(17345), np.int64(17346), np.int64(17347), np.int64(17348)]",17349,24436,13-36-40.505540,32,calib,"17344,17345,17346,17347,17348"
95,"[np.int64(17345), np.int64(17346), np.int64(17347), np.int64(17348), np.int64(17349)]",17350,24437,13-36-40.605537,32,calib,"17345,17346,17347,17348,17349"
95,"[np.int64(17346), np.int64(17347), np.int64(17348), np.int64(17349), np.int64(17350)]",17351,24438,13-36-40.704736,33,calib,"17346,17347,17348,17349,17350"
95,"[np.int64(17347), np.int64(17348), np.int64(17349), np.int64(17350), np.int64(17351)]",17352,24439,13-36-40.805013,32,calib,"17347,17348,17349,17350,17351"
95,"[np.int64(17348), np.int64(17349), np.int64(17350), np.int64(17351), np.int64(17352)]",17353,24440,13-36-40.905257,32,calib,"17348,17349,17350,17351,17352"
95,"[np.int64(17349), np.int64(17350), np.int64(17351), np.int64(17352), np.int64(17353)]",17354,24441,13-36-41.005280,33,calib,"17349,17350,17351,17352,17353"
95,"[np.int64(17350), np.int64(17351), np.int64(17352), np.int64(17353), np.int64(17354)]",17355,24442,13-36-41.105158,32,calib,"17350,17351,17352,17353,17354"
95,"[np.int64(17351), np.int64(17352), np.int64(17353), np.int64(17354), np.int64(17355)]",17356,24443,13-36-41.205085,31,calib,"17351,17352,17353,17354,17355"
95,"[np.int64(17352), np.int64(17353), np.int64(17354), np.int64(17355), np.int64(17356)]",17357,24444,13-36-41.305075,33,calib,"17352,17353,17354,17355,17356"
95,"[np.int64(17353), np.int64(17354), np.int64(17355), np.int64(17356), np.int64(17357)]",17358,24445,13-36-41.405365,32,calib,"17353,17354,17355,17356,17357"
95,"[np.int64(17354), np.int64(17355), np.int64(17356), np.int64(17357), np.int64(17358)]",17359,24446,13-36-41.505147,32,calib,"17354,17355,17356,17357,17358"
95,"[np.int64(17355), np.int64(17356), np.int64(17357), np.int64(17358), np.int64(17359)]",17360,24447,13-36-41.605025,22,calib,"17355,17356,17357,17358,17359"
95,"[np.int64(17356), np.int64(17357), np.int64(17358), np.int64(17359), np.int64(17360)]",17361,24448,13-36-41.705257,21,calib,"17356,17357,17358,17359,17360"
95,"[np.int64(17357), np.int64(17358), np.int64(17359), np.int64(17360), np.int64(17361)]",17362,24449,13-36-41.805468,30,calib,"17357,17358,17359,17360,17361"
95,"[np.int64(17358), np.int64(17359), np.int64(17360), np.int64(17361), np.int64(17362)]",17363,24450,13-36-41.905466,33,calib,"17358,17359,17360,17361,17362"
95,"[np.int64(17359), np.int64(17360), np.int64(17361), np.int64(17362), np.int64(17363)]",17364,24451,13-36-42.005177,33,calib,"17359,17360,17361,17362,17363"
95,"[np.int64(17360), np.int64(17361), np.int64(17362), np.int64(17363), np.int64(17364)]",17365,24452,13-36-42.105512,33,calib,"17360,17361,17362,17363,17364"
95,"[np.int64(17361), np.int64(17362), np.int64(17363), np.int64(17364), np.int64(17365)]",17366,24453,13-36-42.205254,34,calib,"17361,17362,17363,17364,17365"
95,"[np.int64(17362), np.int64(17363), np.int64(17364), np.int64(17365), np.int64(17366)]",17367,24454,13-36-42.305044,30,calib,"17362,17363,17364,17365,17366"
95,"[np.int64(17363), np.int64(17364), np.int64(17365), np.int64(17366), np.int64(17367)]",17368,24455,13-36-42.405618,78,calib,"17363,17364,17365,17366,17367"
95,"[np.int64(17364), np.int64(17365), np.int64(17366), np.int64(17367), np.int64(17368)]",17369,24456,13-36-42.504910,32,calib,"17364,17365,17366,17367,17368"
95,"[np.int64(17365), np.int64(17366), np.int64(17367), np.int64(17368), np.int64(17369)]",17370,24457,13-36-42.605172,34,calib,"17365,17366,17367,17368,17369"
95,"[np.int64(17366), np.int64(17367), np.int64(17368), np.int64(17369), np.int64(17370)]",17371,24458,13-36-42.705041,33,calib,"17366,17367,17368,17369,17370"
95,"[np.int64(17367), np.int64(17368), np.int64(17369), np.int64(17370), np.int64(17371)]",17372,24459,13-36-42.805384,30,calib,"17367,17368,17369,17370,17371"
95,"[np.int64(17368), np.int64(17369), np.int64(17370), np.int64(17371), np.int64(17372)]",17373,24460,13-36-42.905345,32,calib,"17368,17369,17370,17371,17372"
95,"[np.int64(17369), np.int64(17370), np.int64(17371), np.int64(17372), np.int64(17373)]",17374,24461,13-36-43.004827,33,calib,"17369,17370,17371,17372,17373"
95,"[np.int64(17370), np.int64(17371), np.int64(17372), np.int64(17373), np.int64(17374)]",17375,24462,13-36-43.104788,32,calib,"17370,17371,17372,17373,17374"
95,"[np.int64(17371), np.int64(17372), np.int64(17373), np.int64(17374), np.int64(17375)]",17376,24463,13-36-43.205252,32,calib,"17371,17372,17373,17374,17375"
95,"[np.int64(17372), np.int64(17373), np.int64(17374), np.int64(17375), np.int64(17376)]",17377,24464,13-36-43.305128,33,calib,"17372,17373,17374,17375,17376"
95,"[np.int64(17373), np.int64(17374), np.int64(17375), np.int64(17376), np.int64(17377)]",17378,24465,13-36-43.405669,32,calib,"17373,17374,17375,17376,17377"
95,"[np.int64(17374), np.int64(17375), np.int64(17376), np.int64(17377), np.int64(17378)]",17379,24466,13-36-43.504829,33,calib,"17374,17375,17376,17377,17378"
95,"[np.int64(17375), np.int64(17376), np.int64(17377), np.int64(17378), np.int64(17379)]",17380,24467,13-36-43.605189,33,calib,"17375,17376,17377,17378,17379"
95,"[np.int64(17376), np.int64(17377), np.int64(17378), np.int64(17379), np.int64(17380)]",17381,24468,13-36-43.704882,34,calib,"17376,17377,17378,17379,17380"
95,"[np.int64(17377), np.int64(17378), np.int64(17379), np.int64(17380), np.int64(17381)]",17382,24469,13-36-43.804857,28,calib,"17377,17378,17379,17380,17381"
95,"[np.int64(17378), np.int64(17379), np.int64(17380), np.int64(17381), np.int64(17382)]",17383,24470,13-36-43.904817,32,calib,"17378,17379,17380,17381,17382"
95,"[np.int64(17379), np.int64(17380), np.int64(17381), np.int64(17382), np.int64(17383)]",17384,24471,13-36-44.005340,88,calib,"17379,17380,17381,17382,17383"
95,"[np.int64(17380), np.int64(17381), np.int64(17382), np.int64(17383), np.int64(17384)]",17385,24472,13-36-44.105540,30,calib,"17380,17381,17382,17383,17384"
95,"[np.int64(17381), np.int64(17382), np.int64(17383), np.int64(17384), np.int64(17385)]",17386,24473,13-36-44.205380,76,calib,"17381,17382,17383,17384,17385"
95,"[np.int64(17382), np.int64(17383), np.int64(17384), np.int64(17385), np.int64(17386)]",17387,24474,13-36-44.304956,30,calib,"17382,17383,17384,17385,17386"
95,"[np.int64(17383), np.int64(17384), np.int64(17385), np.int64(17386), np.int64(17387)]",17388,24475,13-36-44.404943,30,calib,"17383,17384,17385,17386,17387"
95,"[np.int64(17384), np.int64(17385), np.int64(17386), np.int64(17387), np.int64(17388)]",17389,24476,13-36-44.505241,34,calib,"17384,17385,17386,17387,17388"
95,"[np.int64(17385), np.int64(17386), np.int64(17387), np.int64(17388), np.int64(17389)]",17390,24477,13-36-44.604829,30,calib,"17385,17386,17387,17388,17389"
95,"[np.int64(17386), np.int64(17387), np.int64(17388), np.int64(17389), np.int64(17390)]",17391,24478,13-36-44.704835,30,calib,"17386,17387,17388,17389,17390"
95,"[np.int64(17387), np.int64(17388), np.int64(17389), np.int64(17390), np.int64(17391)]",17392,24479,13-36-44.805377,66,calib,"17387,17388,17389,17390,17391"
95,"[np.int64(17388), np.int64(17389), np.int64(17390), np.int64(17391), np.int64(17392)]",17393,24480,13-36-44.905501,30,calib,"17388,17389,17390,17391,17392"
95,"[np.int64(17389), np.int64(17390), np.int64(17391), np.int64(17392), np.int64(17393)]",17394,24481,13-36-45.004806,30,calib,"17389,17390,17391,17392,17393"
95,"[np.int64(17390), np.int64(17391), np.int64(17392), np.int64(17393), np.int64(17394)]",17395,24482,13-36-45.105545,119,calib,"17390,17391,17392,17393,17394"
95,"[np.int64(17391), np.int64(17392), np.int64(17393), np.int64(17394), np.int64(17395)]",17396,24483,13-36-45.205247,120,calib,"17391,17392,17393,17394,17395"
95,"[np.int64(17392), np.int64(17393), np.int64(17394), np.int64(17395), np.int64(17396)]",17397,24484,13-36-45.305488,29,calib,"17392,17393,17394,17395,17396"
95,"[np.int64(17393), np.int64(17394), np.int64(17395), np.int64(17396), np.int64(17397)]",17398,24485,13-36-45.405403,31,calib,"17393,17394,17395,17396,17397"
95,"[np.int64(17394), np.int64(17395), np.int64(17396), np.int64(17397), np.int64(17398)]",17399,24486,13-36-45.505365,30,calib,"17394,17395,17396,17397,17398"
95,"[np.int64(17395), np.int64(17396), np.int64(17397), np.int64(17398), np.int64(17399)]",17400,24487,13-36-45.605377,29,calib,"17395,17396,17397,17398,17399"
95,"[np.int64(17396), np.int64(17397), np.int64(17398), np.int64(17399), np.int64(17400)]",17401,24488,13-36-45.705534,29,calib,"17396,17397,17398,17399,17400"
95,"[np.int64(17397), np.int64(17398), np.int64(17399), np.int64(17400), np.int64(17401)]",17402,24489,13-36-45.804797,33,calib,"17397,17398,17399,17400,17401"
95,"[np.int64(17398), np.int64(17399), np.int64(17400), np.int64(17401), np.int64(17402)]",17403,24490,13-36-45.905218,31,calib,"17398,17399,17400,17401,17402"
95,"[np.int64(17399), np.int64(17400), np.int64(17401), np.int64(17402), np.int64(17403)]",17404,24491,13-36-46.005486,30,calib,"17399,17400,17401,17402,17403"
95,"[np.int64(17400), np.int64(17401), np.int64(17402), np.int64(17403), np.int64(17404)]",17405,24492,13-36-46.105040,30,calib,"17400,17401,17402,17403,17404"
95,"[np.int64(17401), np.int64(17402), np.int64(17403), np.int64(17404), np.int64(17405)]",17406,24493,13-36-46.205436,30,calib,"17401,17402,17403,17404,17405"
95,"[np.int64(17402), np.int64(17403), np.int64(17404), np.int64(17405), np.int64(17406)]",17407,24494,13-36-46.305683,30,calib,"17402,17403,17404,17405,17406"
95,"[np.int64(17403), np.int64(17404), np.int64(17405), np.int64(17406), np.int64(17407)]",17408,24495,13-36-46.404766,32,calib,"17403,17404,17405,17406,17407"
95,"[np.int64(17404), np.int64(17405), np.int64(17406), np.int64(17407), np.int64(17408)]",17409,24496,13-36-46.504721,31,calib,"17404,17405,17406,17407,17408"
95,"[np.int64(17405), np.int64(17406), np.int64(17407), np.int64(17408), np.int64(17409)]",17410,24497,13-36-46.605419,100,calib,"17405,17406,17407,17408,17409"
95,"[np.int64(17406), np.int64(17407), np.int64(17408), np.int64(17409), np.int64(17410)]",17411,24498,13-36-46.704724,33,calib,"17406,17407,17408,17409,17410"
95,"[np.int64(17407), np.int64(17408), np.int64(17409), np.int64(17410), np.int64(17411)]",17412,24499,13-36-46.804878,101,calib,"17407,17408,17409,17410,17411"
95,"[np.int64(17408), np.int64(17409), np.int64(17410), np.int64(17411), np.int64(17412)]",17413,24500,13-36-46.905019,68,calib,"17408,17409,17410,17411,17412"
95,"[np.int64(17409), np.int64(17410), np.int64(17411), np.int64(17412), np.int64(17413)]",17414,24501,13-36-47.005616,29,calib,"17409,17410,17411,17412,17413"
95,"[np.int64(17410), np.int64(17411), np.int64(17412), np.int64(17413), np.int64(17414)]",17415,24502,13-36-47.105095,35,calib,"17410,17411,17412,17413,17414"
95,"[np.int64(17411), np.int64(17412), np.int64(17413), np.int64(17414), np.int64(17415)]",17416,24503,13-36-47.205479,94,calib,"17411,17412,17413,17414,17415"
95,"[np.int64(17412), np.int64(17413), np.int64(17414), np.int64(17415), np.int64(17416)]",17417,24504,13-36-47.305660,80,calib,"17412,17413,17414,17415,17416"
95,"[np.int64(17413), np.int64(17414), np.int64(17415), np.int64(17416), np.int64(17417)]",17418,24505,13-36-47.405226,83,calib,"17413,17414,17415,17416,17417"
95,"[np.int64(17414), np.int64(17415), np.int64(17416), np.int64(17417), np.int64(17418)]",17419,24506,13-36-47.504698,93,calib,"17414,17415,17416,17417,17418"
95,"[np.int64(17415), np.int64(17416), np.int64(17417), np.int64(17418), np.int64(17419)]",17420,24507,13-36-47.604836,81,calib,"17415,17416,17417,17418,17419"
95,"[np.int64(17416), np.int64(17417), np.int64(17418), np.int64(17419), np.int64(17420)]",17421,24508,13-36-47.704984,32,calib,"17416,17417,17418,17419,17420"
95,"[np.int64(17417), np.int64(17418), np.int64(17419), np.int64(17420), np.int64(17421)]",17422,24509,13-36-47.805664,86,calib,"17417,17418,17419,17420,17421"
95,"[np.int64(17418), np.int64(17419), np.int64(17420), np.int64(17421), np.int64(17422)]",17423,24510,13-36-47.904954,97,calib,"17418,17419,17420,17421,17422"
95,"[np.int64(17419), np.int64(17420), np.int64(17421), np.int64(17422), np.int64(17423)]",17424,24511,13-36-48.004755,112,calib,"17419,17420,17421,17422,17423"
95,"[np.int64(17420), np.int64(17421), np.int64(17422), np.int64(17423), np.int64(17424)]",17425,24512,13-36-48.105536,123,calib,"17420,17421,17422,17423,17424"
95,"[np.int64(17421), np.int64(17422), np.int64(17423), np.int64(17424), np.int64(17425)]",17426,24513,13-36-48.205254,105,calib,"17421,17422,17423,17424,17425"
95,"[np.int64(17422), np.int64(17423), np.int64(17424), np.int64(17425), np.int64(17426)]",17427,24514,13-36-48.305258,112,calib,"17422,17423,17424,17425,17426"
95,"[np.int64(17423), np.int64(17424), np.int64(17425), np.int64(17426), np.int64(17427)]",17428,24515,13-36-48.405144,77,calib,"17423,17424,17425,17426,17427"
95,"[np.int64(17424), np.int64(17425), np.int64(17426), np.int64(17427), np.int64(17428)]",17429,24516,13-36-48.505286,92,calib,"17424,17425,17426,17427,17428"
95,"[np.int64(17425), np.int64(17426), np.int64(17427), np.int64(17428), np.int64(17429)]",17430,24517,13-36-48.605666,33,calib,"17425,17426,17427,17428,17429"
95,"[np.int64(17426), np.int64(17427), np.int64(17428), np.int64(17429), np.int64(17430)]",17431,24518,13-36-48.705558,34,calib,"17426,17427,17428,17429,17430"
95,"[np.int64(17427), np.int64(17428), np.int64(17429), np.int64(17430), np.int64(17431)]",17432,24519,13-36-48.805494,34,calib,"17427,17428,17429,17430,17431"
95,"[np.int64(17428), np.int64(17429), np.int64(17430), np.int64(17431), np.int64(17432)]",17433,24520,13-36-48.904758,33,calib,"17428,17429,17430,17431,17432"
95,"[np.int64(17429), np.int64(17430), np.int64(17431), np.int64(17432), np.int64(17433)]",17434,24521,13-36-49.004806,67,calib,"17429,17430,17431,17432,17433"
95,"[np.int64(17430), np.int64(17431), np.int64(17432), np.int64(17433), np.int64(17434)]",17435,24522,13-36-49.104791,122,calib,"17430,17431,17432,17433,17434"
95,"[np.int64(17431), np.int64(17432), np.int64(17433), np.int64(17434), np.int64(17435)]",17436,24523,13-36-49.204795,120,calib,"17431,17432,17433,17434,17435"
95,"[np.int64(17432), np.int64(17433), np.int64(17434), np.int64(17435), np.int64(17436)]",17437,24524,13-36-49.304804,77,calib,"17432,17433,17434,17435,17436"
95,"[np.int64(17433), np.int64(17434), np.int64(17435), np.int64(17436), np.int64(17437)]",17438,24525,13-36-49.404982,110,calib,"17433,17434,17435,17436,17437"
95,"[np.int64(17434), np.int64(17435), np.int64(17436), np.int64(17437), np.int64(17438)]",17439,24526,13-36-49.505270,85,calib,"17434,17435,17436,17437,17438"
95,"[np.int64(17435), np.int64(17436), np.int64(17437), np.int64(17438), np.int64(17439)]",17440,24527,13-36-49.605141,82,calib,"17435,17436,17437,17438,17439"
95,"[np.int64(17436), np.int64(17437), np.int64(17438), np.int64(17439), np.int64(17440)]",17441,24528,13-36-49.705526,123,calib,"17436,17437,17438,17439,17440"
95,"[np.int64(17437), np.int64(17438), np.int64(17439), np.int64(17440), np.int64(17441)]",17442,24529,13-36-49.805394,106,calib,"17437,17438,17439,17440,17441"
95,"[np.int64(17438), np.int64(17439), np.int64(17440), np.int64(17441), np.int64(17442)]",17443,24530,13-36-49.904814,92,calib,"17438,17439,17440,17441,17442"
95,"[np.int64(17439), np.int64(17440), np.int64(17441), np.int64(17442), np.int64(17443)]",17444,24531,13-36-50.005369,125,calib,"17439,17440,17441,17442,17443"
95,"[np.int64(17440), np.int64(17441), np.int64(17442), np.int64(17443), np.int64(17444)]",17445,24532,13-36-50.105602,71,calib,"17440,17441,17442,17443,17444"
95,"[np.int64(17441), np.int64(17442), np.int64(17443), np.int64(17444), np.int64(17445)]",17446,24533,13-36-50.205249,84,calib,"17441,17442,17443,17444,17445"
95,"[np.int64(17442), np.int64(17443), np.int64(17444), np.int64(17445), np.int64(17446)]",17447,24534,13-36-50.305032,34,calib,"17442,17443,17444,17445,17446"
95,"[np.int64(17443), np.int64(17444), np.int64(17445), np.int64(17446), np.int64(17447)]",17448,24535,13-36-50.404969,34,calib,"17443,17444,17445,17446,17447"
95,"[np.int64(17444), np.int64(17445), np.int64(17446), np.int64(17447), np.int64(17448)]",17449,24536,13-36-50.505105,34,calib,"17444,17445,17446,17447,17448"
95,"[np.int64(17445), np.int64(17446), np.int64(17447), np.int64(17448), np.int64(17449)]",17450,24537,13-36-50.605250,34,calib,"17445,17446,17447,17448,17449"
95,"[np.int64(17446), np.int64(17447), np.int64(17448), np.int64(17449), np.int64(17450)]",17451,24538,13-36-50.705040,36,calib,"17446,17447,17448,17449,17450"
95,"[np.int64(17447), np.int64(17448), np.int64(17449), np.int64(17450), np.int64(17451)]",17452,24539,13-36-50.805665,36,calib,"17447,17448,17449,17450,17451"
95,"[np.int64(17448), np.int64(17449), np.int64(17450), np.int64(17451), np.int64(17452)]",17453,24540,13-36-50.905638,34,calib,"17448,17449,17450,17451,17452"
95,"[np.int64(17449), np.int64(17450), np.int64(17451), np.int64(17452), np.int64(17453)]",17454,24541,13-36-51.005223,34,calib,"17449,17450,17451,17452,17453"
95,"[np.int64(17450), np.int64(17451), np.int64(17452), np.int64(17453), np.int64(17454)]",17455,24542,13-36-51.105222,34,calib,"17450,17451,17452,17453,17454"
95,"[np.int64(17451), np.int64(17452), np.int64(17453), np.int64(17454), np.int64(17455)]",17456,24543,13-36-51.205412,35,calib,"17451,17452,17453,17454,17455"
95,"[np.int64(17452), np.int64(17453), np.int64(17454), np.int64(17455), np.int64(17456)]",17457,24544,13-36-51.305423,34,calib,"17452,17453,17454,17455,17456"
95,"[np.int64(17453), np.int64(17454), np.int64(17455), np.int64(17456), np.int64(17457)]",17458,24545,13-36-51.405232,34,calib,"17453,17454,17455,17456,17457"
95,"[np.int64(17454), np.int64(17455), np.int64(17456), np.int64(17457), np.int64(17458)]",17459,24546,13-36-51.505340,35,calib,"17454,17455,17456,17457,17458"
95,"[np.int64(17455), np.int64(17456), np.int64(17457), np.int64(17458), np.int64(17459)]",17460,24547,13-36-51.605104,35,calib,"17455,17456,17457,17458,17459"
95,"[np.int64(17456), np.int64(17457), np.int64(17458), np.int64(17459), np.int64(17460)]",17461,24548,13-36-51.704690,33,calib,"17456,17457,17458,17459,17460"
95,"[np.int64(17457), np.int64(17458), np.int64(17459), np.int64(17460), np.int64(17461)]",17462,24549,13-36-51.805263,34,calib,"17457,17458,17459,17460,17461"
95,"[np.int64(17458), np.int64(17459), np.int64(17460), np.int64(17461), np.int64(17462)]",17463,24550,13-36-51.905047,36,calib,"17458,17459,17460,17461,17462"
95,"[np.int64(17459), np.int64(17460), np.int64(17461), np.int64(17462), np.int64(17463)]",17464,24551,13-36-52.005621,35,calib,"17459,17460,17461,17462,17463"
95,"[np.int64(17460), np.int64(17461), np.int64(17462), np.int64(17463), np.int64(17464)]",17465,24552,13-36-52.104932,33,calib,"17460,17461,17462,17463,17464"
95,"[np.int64(17461), np.int64(17462), np.int64(17463), np.int64(17464), np.int64(17465)]",17466,24553,13-36-52.204816,36,calib,"17461,17462,17463,17464,17465"
95,"[np.int64(17462), np.int64(17463), np.int64(17464), np.int64(17465), np.int64(17466)]",17467,24554,13-36-52.305069,36,calib,"17462,17463,17464,17465,17466"
95,"[np.int64(17463), np.int64(17464), np.int64(17465), np.int64(17466), np.int64(17467)]",17468,24555,13-36-52.405046,34,calib,"17463,17464,17465,17466,17467"
95,"[np.int64(17464), np.int64(17465), np.int64(17466), np.int64(17467), np.int64(17468)]",17469,24556,13-36-52.505022,36,calib,"17464,17465,17466,17467,17468"
95,"[np.int64(17465), np.int64(17466), np.int64(17467), np.int64(17468), np.int64(17469)]",17470,24557,13-36-52.604827,36,calib,"17465,17466,17467,17468,17469"
95,"[np.int64(17466), np.int64(17467), np.int64(17468), np.int64(17469), np.int64(17470)]",17471,24558,13-36-52.705248,35,calib,"17466,17467,17468,17469,17470"
95,"[np.int64(17467), np.int64(17468), np.int64(17469), np.int64(17470), np.int64(17471)]",17472,24559,13-36-52.805042,36,calib,"17467,17468,17469,17470,17471"
95,"[np.int64(17468), np.int64(17469), np.int64(17470), np.int64(17471), np.int64(17472)]",17473,24560,13-36-52.905254,36,calib,"17468,17469,17470,17471,17472"
95,"[np.int64(17469), np.int64(17470), np.int64(17471), np.int64(17472), np.int64(17473)]",17474,24561,13-36-53.005075,35,calib,"17469,17470,17471,17472,17473"
95,"[np.int64(17470), np.int64(17471), np.int64(17472), np.int64(17473), np.int64(17474)]",17475,24562,13-36-53.105613,34,calib,"17470,17471,17472,17473,17474"
95,"[np.int64(17471), np.int64(17472), np.int64(17473), np.int64(17474), np.int64(17475)]",17476,24563,13-36-53.205414,35,calib,"17471,17472,17473,17474,17475"
95,"[np.int64(17472), np.int64(17473), np.int64(17474), np.int64(17475), np.int64(17476)]",17477,24564,13-36-53.305604,34,calib,"17472,17473,17474,17475,17476"
95,"[np.int64(17473), np.int64(17474), np.int64(17475), np.int64(17476), np.int64(17477)]",17478,24565,13-36-53.405427,35,calib,"17473,17474,17475,17476,17477"
95,"[np.int64(17474), np.int64(17475), np.int64(17476), np.int64(17477), np.int64(17478)]",17479,24566,13-36-53.505640,35,calib,"17474,17475,17476,17477,17478"
95,"[np.int64(17475), np.int64(17476), np.int64(17477), np.int64(17478), np.int64(17479)]",17480,24567,13-36-53.605351,35,calib,"17475,17476,17477,17478,17479"
95,"[np.int64(17476), np.int64(17477), np.int64(17478), np.int64(17479), np.int64(17480)]",17481,24568,13-36-53.705048,35,calib,"17476,17477,17478,17479,17480"
95,"[np.int64(17477), np.int64(17478), np.int64(17479), np.int64(17480), np.int64(17481)]",17482,24569,13-36-53.805046,36,calib,"17477,17478,17479,17480,17481"
95,"[np.int64(17478), np.int64(17479), np.int64(17480), np.int64(17481), np.int64(17482)]",17483,24570,13-36-53.905667,34,calib,"17478,17479,17480,17481,17482"
95,"[np.int64(17479), np.int64(17480), np.int64(17481), np.int64(17482), np.int64(17483)]",17484,24571,13-36-54.005666,35,calib,"17479,17480,17481,17482,17483"
95,"[np.int64(17480), np.int64(17481), np.int64(17482), np.int64(17483), np.int64(17484)]",17485,24572,13-36-54.104814,35,calib,"17480,17481,17482,17483,17484"
95,"[np.int64(17481), np.int64(17482), np.int64(17483), np.int64(17484), np.int64(17485)]",17486,24573,13-36-54.204935,35,calib,"17481,17482,17483,17484,17485"
95,"[np.int64(17482), np.int64(17483), np.int64(17484), np.int64(17485), np.int64(17486)]",17487,24574,13-36-54.304828,35,calib,"17482,17483,17484,17485,17486"
95,"[np.int64(17483), np.int64(17484), np.int64(17485), np.int64(17486), np.int64(17487)]",17488,24575,13-36-54.404982,35,calib,"17483,17484,17485,17486,17487"
95,"[np.int64(17484), np.int64(17485), np.int64(17486), np.int64(17487), np.int64(17488)]",17489,24576,13-36-54.504838,35,calib,"17484,17485,17486,17487,17488"
95,"[np.int64(17485), np.int64(17486), np.int64(17487), np.int64(17488), np.int64(17489)]",17490,24577,13-36-54.605409,35,calib,"17485,17486,17487,17488,17489"
95,"[np.int64(17486), np.int64(17487), np.int64(17488), np.int64(17489), np.int64(17490)]",17491,24578,13-36-54.705509,34,calib,"17486,17487,17488,17489,17490"
95,"[np.int64(17487), np.int64(17488), np.int64(17489), np.int64(17490), np.int64(17491)]",17492,24579,13-36-54.804719,35,calib,"17487,17488,17489,17490,17491"
95,"[np.int64(17488), np.int64(17489), np.int64(17490), np.int64(17491), np.int64(17492)]",17493,24580,13-36-54.905665,35,calib,"17488,17489,17490,17491,17492"
95,"[np.int64(17489), np.int64(17490), np.int64(17491), np.int64(17492), np.int64(17493)]",17494,24581,13-36-55.005665,35,calib,"17489,17490,17491,17492,17493"
95,"[np.int64(17490), np.int64(17491), np.int64(17492), np.int64(17493), np.int64(17494)]",17495,24582,13-36-55.105667,34,calib,"17490,17491,17492,17493,17494"
95,"[np.int64(17491), np.int64(17492), np.int64(17493), np.int64(17494), np.int64(17495)]",17496,24583,13-36-55.204829,35,calib,"17491,17492,17493,17494,17495"
95,"[np.int64(17492), np.int64(17493), np.int64(17494), np.int64(17495), np.int64(17496)]",17497,24584,13-36-55.304766,35,calib,"17492,17493,17494,17495,17496"
95,"[np.int64(17493), np.int64(17494), np.int64(17495), np.int64(17496), np.int64(17497)]",17498,24585,13-36-55.405643,35,calib,"17493,17494,17495,17496,17497"
95,"[np.int64(17494), np.int64(17495), np.int64(17496), np.int64(17497), np.int64(17498)]",17499,24586,13-36-55.505256,35,calib,"17494,17495,17496,17497,17498"
95,"[np.int64(17495), np.int64(17496), np.int64(17497), np.int64(17498), np.int64(17499)]",17500,24587,13-36-55.605243,35,calib,"17495,17496,17497,17498,17499"
95,"[np.int64(17496), np.int64(17497), np.int64(17498), np.int64(17499), np.int64(17500)]",17501,24588,13-36-55.705043,35,calib,"17496,17497,17498,17499,17500"
95,"[np.int64(17497), np.int64(17498), np.int64(17499), np.int64(17500), np.int64(17501)]",17502,24589,13-36-55.805332,35,calib,"17497,17498,17499,17500,17501"
95,"[np.int64(17498), np.int64(17499), np.int64(17500), np.int64(17501), np.int64(17502)]",17503,24590,13-36-55.905604,35,calib,"17498,17499,17500,17501,17502"
95,"[np.int64(17499), np.int64(17500), np.int64(17501), np.int64(17502), np.int64(17503)]",17504,24591,13-36-56.005476,34,calib,"17499,17500,17501,17502,17503"
95,"[np.int64(17500), np.int64(17501), np.int64(17502), np.int64(17503), np.int64(17504)]",17505,24592,13-36-56.104815,35,calib,"17500,17501,17502,17503,17504"
95,"[np.int64(17501), np.int64(17502), np.int64(17503), np.int64(17504), np.int64(17505)]",17506,24593,13-36-56.204908,34,calib,"17501,17502,17503,17504,17505"
95,"[np.int64(17502), np.int64(17503), np.int64(17504), np.int64(17505), np.int64(17506)]",17507,24594,13-36-56.305415,35,calib,"17502,17503,17504,17505,17506"
95,"[np.int64(17503), np.int64(17504), np.int64(17505), np.int64(17506), np.int64(17507)]",17508,24595,13-36-56.405146,35,calib,"17503,17504,17505,17506,17507"
95,"[np.int64(17504), np.int64(17505), np.int64(17506), np.int64(17507), np.int64(17508)]",17509,24596,13-36-56.504832,35,calib,"17504,17505,17506,17507,17508"
95,"[np.int64(17505), np.int64(17506), np.int64(17507), np.int64(17508), np.int64(17509)]",17510,24597,13-36-56.605430,35,calib,"17505,17506,17507,17508,17509"
95,"[np.int64(17506), np.int64(17507), np.int64(17508), np.int64(17509), np.int64(17510)]",17511,24598,13-36-56.705036,35,calib,"17506,17507,17508,17509,17510"
95,"[np.int64(17507), np.int64(17508), np.int64(17509), np.int64(17510), np.int64(17511)]",17512,24599,13-36-56.804893,35,calib,"17507,17508,17509,17510,17511"
95,"[np.int64(17508), np.int64(17509), np.int64(17510), np.int64(17511), np.int64(17512)]",17513,24600,13-36-56.905590,35,calib,"17508,17509,17510,17511,17512"
95,"[np.int64(17509), np.int64(17510), np.int64(17511), np.int64(17512), np.int64(17513)]",17514,24601,13-36-57.004973,35,calib,"17509,17510,17511,17512,17513"
95,"[np.int64(17510), np.int64(17511), np.int64(17512), np.int64(17513), np.int64(17514)]",17515,24602,13-36-57.105691,35,calib,"17510,17511,17512,17513,17514"
95,"[np.int64(17511), np.int64(17512), np.int64(17513), np.int64(17514), np.int64(17515)]",17516,24603,13-36-57.204817,35,calib,"17511,17512,17513,17514,17515"
95,"[np.int64(17512), np.int64(17513), np.int64(17514), np.int64(17515), np.int64(17516)]",17517,24604,13-36-57.305038,35,calib,"17512,17513,17514,17515,17516"
95,"[np.int64(17513), np.int64(17514), np.int64(17515), np.int64(17516), np.int64(17517)]",17518,24605,13-36-57.405284,35,calib,"17513,17514,17515,17516,17517"
95,"[np.int64(17514), np.int64(17515), np.int64(17516), np.int64(17517), np.int64(17518)]",17519,24606,13-36-57.505670,35,calib,"17514,17515,17516,17517,17518"
95,"[np.int64(17515), np.int64(17516), np.int64(17517), np.int64(17518), np.int64(17519)]",17520,24607,13-36-57.605265,35,calib,"17515,17516,17517,17518,17519"
95,"[np.int64(17516), np.int64(17517), np.int64(17518), np.int64(17519), np.int64(17520)]",17521,24608,13-36-57.704899,35,calib,"17516,17517,17518,17519,17520"
95,"[np.int64(17517), np.int64(17518), np.int64(17519), np.int64(17520), np.int64(17521)]",17522,24609,13-36-57.805593,35,calib,"17517,17518,17519,17520,17521"
95,"[np.int64(17518), np.int64(17519), np.int64(17520), np.int64(17521), np.int64(17522)]",17523,24610,13-36-57.904830,35,calib,"17518,17519,17520,17521,17522"
95,"[np.int64(17519), np.int64(17520), np.int64(17521), np.int64(17522), np.int64(17523)]",17524,24611,13-36-58.005122,35,calib,"17519,17520,17521,17522,17523"
95,"[np.int64(17520), np.int64(17521), np.int64(17522), np.int64(17523), np.int64(17524)]",17525,24612,13-36-58.105504,35,calib,"17520,17521,17522,17523,17524"
95,"[np.int64(17521), np.int64(17522), np.int64(17523), np.int64(17524), np.int64(17525)]",17526,24613,13-36-58.204699,35,calib,"17521,17522,17523,17524,17525"
95,"[np.int64(17522), np.int64(17523), np.int64(17524), np.int64(17525), np.int64(17526)]",17527,24614,13-36-58.304673,34,calib,"17522,17523,17524,17525,17526"
95,"[np.int64(17523), np.int64(17524), np.int64(17525), np.int64(17526), np.int64(17527)]",17528,24615,13-36-58.405125,35,calib,"17523,17524,17525,17526,17527"
95,"[np.int64(17524), np.int64(17525), np.int64(17526), np.int64(17527), np.int64(17528)]",17529,24616,13-36-58.505041,36,calib,"17524,17525,17526,17527,17528"
95,"[np.int64(17525), np.int64(17526), np.int64(17527), np.int64(17528), np.int64(17529)]",17530,24617,13-36-58.604680,35,calib,"17525,17526,17527,17528,17529"
95,"[np.int64(17526), np.int64(17527), np.int64(17528), np.int64(17529), np.int64(17530)]",17531,24618,13-36-58.705565,35,calib,"17526,17527,17528,17529,17530"
95,"[np.int64(17527), np.int64(17528), np.int64(17529), np.int64(17530), np.int64(17531)]",17532,24619,13-36-58.805579,36,calib,"17527,17528,17529,17530,17531"
95,"[np.int64(17528), np.int64(17529), np.int64(17530), np.int64(17531), np.int64(17532)]",17533,24620,13-36-58.904702,35,calib,"17528,17529,17530,17531,17532"
95,"[np.int64(17529), np.int64(17530), np.int64(17531), np.int64(17532), np.int64(17533)]",17534,24621,13-36-59.005626,35,calib,"17529,17530,17531,17532,17533"
95,"[np.int64(17530), np.int64(17531), np.int64(17532), np.int64(17533), np.int64(17534)]",17535,24622,13-36-59.105485,35,calib,"17530,17531,17532,17533,17534"
95,"[np.int64(17531), np.int64(17532), np.int64(17533), np.int64(17534), np.int64(17535)]",17536,24623,13-36-59.205611,34,calib,"17531,17532,17533,17534,17535"
95,"[np.int64(17532), np.int64(17533), np.int64(17534), np.int64(17535), np.int64(17536)]",17537,24624,13-36-59.305050,35,calib,"17532,17533,17534,17535,17536"
95,"[np.int64(17533), np.int64(17534), np.int64(17535), np.int64(17536), np.int64(17537)]",17538,24625,13-36-59.404826,36,calib,"17533,17534,17535,17536,17537"
95,"[np.int64(17534), np.int64(17535), np.int64(17536), np.int64(17537), np.int64(17538)]",17539,24626,13-36-59.504737,35,calib,"17534,17535,17536,17537,17538"
95,"[np.int64(17535), np.int64(17536), np.int64(17537), np.int64(17538), np.int64(17539)]",17540,24627,13-36-59.604960,35,calib,"17535,17536,17537,17538,17539"
95,"[np.int64(17536), np.int64(17537), np.int64(17538), np.int64(17539), np.int64(17540)]",17541,24628,13-36-59.705295,35,calib,"17536,17537,17538,17539,17540"
95,"[np.int64(17537), np.int64(17538), np.int64(17539), np.int64(17540), np.int64(17541)]",17542,24629,13-36-59.805449,36,calib,"17537,17538,17539,17540,17541"
95,"[np.int64(17538), np.int64(17539), np.int64(17540), np.int64(17541), np.int64(17542)]",17543,24630,13-36-59.905381,34,calib,"17538,17539,17540,17541,17542"
95,"[np.int64(17539), np.int64(17540), np.int64(17541), np.int64(17542), np.int64(17543)]",17544,24631,13-37-00.005526,35,calib,"17539,17540,17541,17542,17543"
95,"[np.int64(17540), np.int64(17541), np.int64(17542), np.int64(17543), np.int64(17544)]",17545,24632,13-37-00.104916,35,calib,"17540,17541,17542,17543,17544"
95,"[np.int64(17541), np.int64(17542), np.int64(17543), np.int64(17544), np.int64(17545)]",17546,24633,13-37-00.204828,35,calib,"17541,17542,17543,17544,17545"
95,"[np.int64(17542), np.int64(17543), np.int64(17544), np.int64(17545), np.int64(17546)]",17547,24634,13-37-00.305665,36,calib,"17542,17543,17544,17545,17546"
95,"[np.int64(17543), np.int64(17544), np.int64(17545), np.int64(17546), np.int64(17547)]",17548,24635,13-37-00.405212,34,calib,"17543,17544,17545,17546,17547"
95,"[np.int64(17544), np.int64(17545), np.int64(17546), np.int64(17547), np.int64(17548)]",17549,24636,13-37-00.504767,35,calib,"17544,17545,17546,17547,17548"
95,"[np.int64(17545), np.int64(17546), np.int64(17547), np.int64(17548), np.int64(17549)]",17550,24637,13-37-00.605476,35,calib,"17545,17546,17547,17548,17549"
95,"[np.int64(17546), np.int64(17547), np.int64(17548), np.int64(17549), np.int64(17550)]",17551,24638,13-37-00.705345,34,calib,"17546,17547,17548,17549,17550"
95,"[np.int64(17547), np.int64(17548), np.int64(17549), np.int64(17550), np.int64(17551)]",17552,24639,13-37-00.805016,34,calib,"17547,17548,17549,17550,17551"
95,"[np.int64(17548), np.int64(17549), np.int64(17550), np.int64(17551), np.int64(17552)]",17553,24640,13-37-00.905300,35,calib,"17548,17549,17550,17551,17552"
95,"[np.int64(17549), np.int64(17550), np.int64(17551), np.int64(17552), np.int64(17553)]",17554,24641,13-37-01.005665,34,calib,"17549,17550,17551,17552,17553"
95,"[np.int64(17550), np.int64(17551), np.int64(17552), np.int64(17553), np.int64(17554)]",17555,24642,13-37-01.105560,35,calib,"17550,17551,17552,17553,17554"
95,"[np.int64(17551), np.int64(17552), np.int64(17553), np.int64(17554), np.int64(17555)]",17556,24643,13-37-01.204665,34,calib,"17551,17552,17553,17554,17555"
95,"[np.int64(17552), np.int64(17553), np.int64(17554), np.int64(17555), np.int64(17556)]",17557,24644,13-37-01.304981,35,calib,"17552,17553,17554,17555,17556"
95,"[np.int64(17553), np.int64(17554), np.int64(17555), np.int64(17556), np.int64(17557)]",17558,24645,13-37-01.404791,34,calib,"17553,17554,17555,17556,17557"
95,"[np.int64(17554), np.int64(17555), np.int64(17556), np.int64(17557), np.int64(17558)]",17559,24646,13-37-01.504713,35,calib,"17554,17555,17556,17557,17558"
95,"[np.int64(17555), np.int64(17556), np.int64(17557), np.int64(17558), np.int64(17559)]",17560,24647,13-37-01.604774,34,calib,"17555,17556,17557,17558,17559"
95,"[np.int64(17556), np.int64(17557), np.int64(17558), np.int64(17559), np.int64(17560)]",17561,24648,13-37-01.704797,35,calib,"17556,17557,17558,17559,17560"
95,"[np.int64(17557), np.int64(17558), np.int64(17559), np.int64(17560), np.int64(17561)]",17562,24649,13-37-01.805590,34,calib,"17557,17558,17559,17560,17561"
95,"[np.int64(17558), np.int64(17559), np.int64(17560), np.int64(17561), np.int64(17562)]",17563,24650,13-37-01.905285,35,calib,"17558,17559,17560,17561,17562"
95,"[np.int64(17559), np.int64(17560), np.int64(17561), np.int64(17562), np.int64(17563)]",17564,24651,13-37-02.005616,34,calib,"17559,17560,17561,17562,17563"
95,"[np.int64(17560), np.int64(17561), np.int64(17562), np.int64(17563), np.int64(17564)]",17565,24652,13-37-02.104896,36,calib,"17560,17561,17562,17563,17564"
95,"[np.int64(17561), np.int64(17562), np.int64(17563), np.int64(17564), np.int64(17565)]",17566,24653,13-37-02.204812,35,calib,"17561,17562,17563,17564,17565"
95,"[np.int64(17562), np.int64(17563), np.int64(17564), np.int64(17565), np.int64(17566)]",17567,24654,13-37-02.304820,34,calib,"17562,17563,17564,17565,17566"
95,"[np.int64(17563), np.int64(17564), np.int64(17565), np.int64(17566), np.int64(17567)]",17568,24655,13-37-02.405313,35,calib,"17563,17564,17565,17566,17567"
95,"[np.int64(17564), np.int64(17565), np.int64(17566), np.int64(17567), np.int64(17568)]",17569,24656,13-37-02.505667,34,calib,"17564,17565,17566,17567,17568"
95,"[np.int64(17565), np.int64(17566), np.int64(17567), np.int64(17568), np.int64(17569)]",17570,24657,13-37-02.605021,34,calib,"17565,17566,17567,17568,17569"
95,"[np.int64(17566), np.int64(17567), np.int64(17568), np.int64(17569), np.int64(17570)]",17571,24658,13-37-02.705018,34,calib,"17566,17567,17568,17569,17570"
95,"[np.int64(17567), np.int64(17568), np.int64(17569), np.int64(17570), np.int64(17571)]",17572,24659,13-37-02.805098,35,calib,"17567,17568,17569,17570,17571"
95,"[np.int64(17568), np.int64(17569), np.int64(17570), np.int64(17571), np.int64(17572)]",17573,24660,13-37-02.904881,35,calib,"17568,17569,17570,17571,17572"
95,"[np.int64(17569), np.int64(17570), np.int64(17571), np.int64(17572), np.int64(17573)]",17574,24661,13-37-03.005259,35,calib,"17569,17570,17571,17572,17573"
95,"[np.int64(17570), np.int64(17571), np.int64(17572), np.int64(17573), np.int64(17574)]",17575,24662,13-37-03.104951,35,calib,"17570,17571,17572,17573,17574"
95,"[np.int64(17571), np.int64(17572), np.int64(17573), np.int64(17574), np.int64(17575)]",17576,24663,13-37-03.205627,35,calib,"17571,17572,17573,17574,17575"
95,"[np.int64(17572), np.int64(17573), np.int64(17574), np.int64(17575), np.int64(17576)]",17577,24664,13-37-03.304957,35,calib,"17572,17573,17574,17575,17576"
95,"[np.int64(17573), np.int64(17574), np.int64(17575), np.int64(17576), np.int64(17577)]",17578,24665,13-37-03.405443,35,calib,"17573,17574,17575,17576,17577"
95,"[np.int64(17574), np.int64(17575), np.int64(17576), np.int64(17577), np.int64(17578)]",17579,24666,13-37-03.504935,35,calib,"17574,17575,17576,17577,17578"
95,"[np.int64(17575), np.int64(17576), np.int64(17577), np.int64(17578), np.int64(17579)]",17580,24667,13-37-03.605666,35,calib,"17575,17576,17577,17578,17579"
95,"[np.int64(17576), np.int64(17577), np.int64(17578), np.int64(17579), np.int64(17580)]",17581,24668,13-37-03.705388,35,calib,"17576,17577,17578,17579,17580"
95,"[np.int64(17577), np.int64(17578), np.int64(17579), np.int64(17580), np.int64(17581)]",17582,24669,13-37-03.805455,34,calib,"17577,17578,17579,17580,17581"
95,"[np.int64(17578), np.int64(17579), np.int64(17580), np.int64(17581), np.int64(17582)]",17583,24670,13-37-03.905348,35,calib,"17578,17579,17580,17581,17582"
95,"[np.int64(17579), np.int64(17580), np.int64(17581), np.int64(17582), np.int64(17583)]",17584,24671,13-37-04.005111,35,calib,"17579,17580,17581,17582,17583"
95,"[np.int64(17580), np.int64(17581), np.int64(17582), np.int64(17583), np.int64(17584)]",17585,24672,13-37-04.105355,34,calib,"17580,17581,17582,17583,17584"
95,"[np.int64(17581), np.int64(17582), np.int64(17583), np.int64(17584), np.int64(17585)]",17586,24673,13-37-04.205433,35,calib,"17581,17582,17583,17584,17585"
95,"[np.int64(17582), np.int64(17583), np.int64(17584), np.int64(17585), np.int64(17586)]",17587,24674,13-37-04.304838,34,calib,"17582,17583,17584,17585,17586"
95,"[np.int64(17583), np.int64(17584), np.int64(17585), np.int64(17586), np.int64(17587)]",17588,24675,13-37-04.405223,35,calib,"17583,17584,17585,17586,17587"
95,"[np.int64(17584), np.int64(17585), np.int64(17586), np.int64(17587), np.int64(17588)]",17589,24676,13-37-04.505267,36,calib,"17584,17585,17586,17587,17588"
95,"[np.int64(17585), np.int64(17586), np.int64(17587), np.int64(17588), np.int64(17589)]",17590,24677,13-37-04.604982,35,calib,"17585,17586,17587,17588,17589"
95,"[np.int64(17586), np.int64(17587), np.int64(17588), np.int64(17589), np.int64(17590)]",17591,24678,13-37-04.705476,35,calib,"17586,17587,17588,17589,17590"
95,"[np.int64(17587), np.int64(17588), np.int64(17589), np.int64(17590), np.int64(17591)]",17592,24679,13-37-04.805122,35,calib,"17587,17588,17589,17590,17591"
95,"[np.int64(17588), np.int64(17589), np.int64(17590), np.int64(17591), np.int64(17592)]",17593,24680,13-37-04.904830,35,calib,"17588,17589,17590,17591,17592"
95,"[np.int64(17589), np.int64(17590), np.int64(17591), np.int64(17592), np.int64(17593)]",17594,24681,13-37-05.005159,35,calib,"17589,17590,17591,17592,17593"
95,"[np.int64(17590), np.int64(17591), np.int64(17592), np.int64(17593), np.int64(17594)]",17595,24682,13-37-05.105255,35,calib,"17590,17591,17592,17593,17594"
95,"[np.int64(17591), np.int64(17592), np.int64(17593), np.int64(17594), np.int64(17595)]",17596,24683,13-37-05.205220,35,calib,"17591,17592,17593,17594,17595"
95,"[np.int64(17592), np.int64(17593), np.int64(17594), np.int64(17595), np.int64(17596)]",17597,24684,13-37-05.305086,35,calib,"17592,17593,17594,17595,17596"
95,"[np.int64(17593), np.int64(17594), np.int64(17595), np.int64(17596), np.int64(17597)]",17598,24685,13-37-05.405443,35,calib,"17593,17594,17595,17596,17597"
95,"[np.int64(17594), np.int64(17595), np.int64(17596), np.int64(17597), np.int64(17598)]",17599,24686,13-37-05.504845,36,calib,"17594,17595,17596,17597,17598"
95,"[np.int64(17595), np.int64(17596), np.int64(17597), np.int64(17598), np.int64(17599)]",17600,24687,13-37-05.605582,35,calib,"17595,17596,17597,17598,17599"
95,"[np.int64(17596), np.int64(17597), np.int64(17598), np.int64(17599), np.int64(17600)]",17601,24688,13-37-05.705343,35,calib,"17596,17597,17598,17599,17600"
95,"[np.int64(17597), np.int64(17598), np.int64(17599), np.int64(17600), np.int64(17601)]",17602,24689,13-37-05.804811,36,calib,"17597,17598,17599,17600,17601"
95,"[np.int64(17598), np.int64(17599), np.int64(17600), np.int64(17601), np.int64(17602)]",17603,24690,13-37-05.905451,36,calib,"17598,17599,17600,17601,17602"
95,"[np.int64(17599), np.int64(17600), np.int64(17601), np.int64(17602), np.int64(17603)]",17604,24691,13-37-06.005324,35,calib,"17599,17600,17601,17602,17603"
95,"[np.int64(17600), np.int64(17601), np.int64(17602), np.int64(17603), np.int64(17604)]",17605,24692,13-37-06.105043,35,calib,"17600,17601,17602,17603,17604"
95,"[np.int64(17601), np.int64(17602), np.int64(17603), np.int64(17604), np.int64(17605)]",17606,24693,13-37-06.205455,34,calib,"17601,17602,17603,17604,17605"
95,"[np.int64(17602), np.int64(17603), np.int64(17604), np.int64(17605), np.int64(17606)]",17607,24694,13-37-06.304869,34,calib,"17602,17603,17604,17605,17606"
95,"[np.int64(17603), np.int64(17604), np.int64(17605), np.int64(17606), np.int64(17607)]",17608,24695,13-37-06.405481,35,calib,"17603,17604,17605,17606,17607"
95,"[np.int64(17604), np.int64(17605), np.int64(17606), np.int64(17607), np.int64(17608)]",17609,24696,13-37-06.504934,93,calib,"17604,17605,17606,17607,17608"
95,"[np.int64(17605), np.int64(17606), np.int64(17607), np.int64(17608), np.int64(17609)]",17610,24697,13-37-06.605428,100,calib,"17605,17606,17607,17608,17609"
95,"[np.int64(17606), np.int64(17607), np.int64(17608), np.int64(17609), np.int64(17610)]",17611,24698,13-37-06.705271,36,calib,"17606,17607,17608,17609,17610"
95,"[np.int64(17607), np.int64(17608), np.int64(17609), np.int64(17610), np.int64(17611)]",17612,24699,13-37-06.805280,34,calib,"17607,17608,17609,17610,17611"
95,"[np.int64(17608), np.int64(17609), np.int64(17610), np.int64(17611), np.int64(17612)]",17613,24700,13-37-06.904894,34,calib,"17608,17609,17610,17611,17612"
95,"[np.int64(17609), np.int64(17610), np.int64(17611), np.int64(17612), np.int64(17613)]",17614,24701,13-37-07.004662,35,calib,"17609,17610,17611,17612,17613"
95,"[np.int64(17610), np.int64(17611), np.int64(17612), np.int64(17613), np.int64(17614)]",17615,24702,13-37-07.104669,110,calib,"17610,17611,17612,17613,17614"
95,"[np.int64(17611), np.int64(17612), np.int64(17613), np.int64(17614), np.int64(17615)]",17616,24703,13-37-07.205668,34,calib,"17611,17612,17613,17614,17615"
95,"[np.int64(17612), np.int64(17613), np.int64(17614), np.int64(17615), np.int64(17616)]",17617,24704,13-37-07.305642,35,calib,"17612,17613,17614,17615,17616"
95,"[np.int64(17613), np.int64(17614), np.int64(17615), np.int64(17616), np.int64(17617)]",17618,24705,13-37-07.404827,34,calib,"17613,17614,17615,17616,17617"
95,"[np.int64(17614), np.int64(17615), np.int64(17616), np.int64(17617), np.int64(17618)]",17619,24706,13-37-07.505381,37,calib,"17614,17615,17616,17617,17618"
95,"[np.int64(17615), np.int64(17616), np.int64(17617), np.int64(17618), np.int64(17619)]",17620,24707,13-37-07.604739,36,calib,"17615,17616,17617,17618,17619"
95,"[np.int64(17616), np.int64(17617), np.int64(17618), np.int64(17619), np.int64(17620)]",17621,24708,13-37-07.705583,35,calib,"17616,17617,17618,17619,17620"
95,"[np.int64(17617), np.int64(17618), np.int64(17619), np.int64(17620), np.int64(17621)]",17622,24709,13-37-07.805222,86,calib,"17617,17618,17619,17620,17621"
95,"[np.int64(17618), np.int64(17619), np.int64(17620), np.int64(17621), np.int64(17622)]",17623,24710,13-37-07.904718,34,calib,"17618,17619,17620,17621,17622"
95,"[np.int64(17619), np.int64(17620), np.int64(17621), np.int64(17622), np.int64(17623)]",17624,24711,13-37-08.005278,35,calib,"17619,17620,17621,17622,17623"
95,"[np.int64(17620), np.int64(17621), np.int64(17622), np.int64(17623), np.int64(17624)]",17625,24712,13-37-08.105009,36,calib,"17620,17621,17622,17623,17624"
95,"[np.int64(17621), np.int64(17622), np.int64(17623), np.int64(17624), np.int64(17625)]",17626,24713,13-37-08.205465,36,calib,"17621,17622,17623,17624,17625"
95,"[np.int64(17622), np.int64(17623), np.int64(17624), np.int64(17625), np.int64(17626)]",17627,24714,13-37-08.304882,94,calib,"17622,17623,17624,17625,17626"
95,"[np.int64(17623), np.int64(17624), np.int64(17625), np.int64(17626), np.int64(17627)]",17628,24715,13-37-08.405204,36,calib,"17623,17624,17625,17626,17627"
95,"[np.int64(17624), np.int64(17625), np.int64(17626), np.int64(17627), np.int64(17628)]",17629,24716,13-37-08.504824,35,calib,"17624,17625,17626,17627,17628"
95,"[np.int64(17625), np.int64(17626), np.int64(17627), np.int64(17628), np.int64(17629)]",17630,24717,13-37-08.605559,35,calib,"17625,17626,17627,17628,17629"
95,"[np.int64(17626), np.int64(17627), np.int64(17628), np.int64(17629), np.int64(17630)]",17631,24718,13-37-08.705611,34,calib,"17626,17627,17628,17629,17630"
95,"[np.int64(17627), np.int64(17628), np.int64(17629), np.int64(17630), np.int64(17631)]",17632,24719,13-37-08.805670,36,calib,"17627,17628,17629,17630,17631"
95,"[np.int64(17628), np.int64(17629), np.int64(17630), np.int64(17631), np.int64(17632)]",17633,24720,13-37-08.905184,36,calib,"17628,17629,17630,17631,17632"
95,"[np.int64(17629), np.int64(17630), np.int64(17631), np.int64(17632), np.int64(17633)]",17634,24721,13-37-09.005618,35,calib,"17629,17630,17631,17632,17633"
95,"[np.int64(17630), np.int64(17631), np.int64(17632), np.int64(17633), np.int64(17634)]",17635,24722,13-37-09.105523,36,calib,"17630,17631,17632,17633,17634"
95,"[np.int64(17631), np.int64(17632), np.int64(17633), np.int64(17634), np.int64(17635)]",17636,24723,13-37-09.205366,36,calib,"17631,17632,17633,17634,17635"
95,"[np.int64(17632), np.int64(17633), np.int64(17634), np.int64(17635), np.int64(17636)]",17637,24724,13-37-09.305000,35,calib,"17632,17633,17634,17635,17636"
95,"[np.int64(17633), np.int64(17634), np.int64(17635), np.int64(17636), np.int64(17637)]",17638,24725,13-37-09.405425,35,calib,"17633,17634,17635,17636,17637"
95,"[np.int64(17634), np.int64(17635), np.int64(17636), np.int64(17637), np.int64(17638)]",17639,24726,13-37-09.505492,35,calib,"17634,17635,17636,17637,17638"
95,"[np.int64(17635), np.int64(17636), np.int64(17637), np.int64(17638), np.int64(17639)]",17640,24727,13-37-09.605154,34,calib,"17635,17636,17637,17638,17639"
95,"[np.int64(17636), np.int64(17637), np.int64(17638), np.int64(17639), np.int64(17640)]",17641,24728,13-37-09.704828,36,calib,"17636,17637,17638,17639,17640"
95,"[np.int64(17637), np.int64(17638), np.int64(17639), np.int64(17640), np.int64(17641)]",17642,24729,13-37-09.805287,36,calib,"17637,17638,17639,17640,17641"
95,"[np.int64(17638), np.int64(17639), np.int64(17640), np.int64(17641), np.int64(17642)]",17643,24730,13-37-09.905604,35,calib,"17638,17639,17640,17641,17642"
95,"[np.int64(17639), np.int64(17640), np.int64(17641), np.int64(17642), np.int64(17643)]",17644,24731,13-37-10.005672,34,calib,"17639,17640,17641,17642,17643"
95,"[np.int64(17640), np.int64(17641), np.int64(17642), np.int64(17643), np.int64(17644)]",17645,24732,13-37-10.105121,34,calib,"17640,17641,17642,17643,17644"
95,"[np.int64(17641), np.int64(17642), np.int64(17643), np.int64(17644), np.int64(17645)]",17646,24733,13-37-10.205619,34,calib,"17641,17642,17643,17644,17645"
95,"[np.int64(17642), np.int64(17643), np.int64(17644), np.int64(17645), np.int64(17646)]",17647,24734,13-37-10.305309,35,calib,"17642,17643,17644,17645,17646"
95,"[np.int64(17643), np.int64(17644), np.int64(17645), np.int64(17646), np.int64(17647)]",17648,24735,13-37-10.405462,35,calib,"17643,17644,17645,17646,17647"
95,"[np.int64(17644), np.int64(17645), np.int64(17646), np.int64(17647), np.int64(17648)]",17649,24736,13-37-10.505584,34,calib,"17644,17645,17646,17647,17648"
95,"[np.int64(17645), np.int64(17646), np.int64(17647), np.int64(17648), np.int64(17649)]",17650,24737,13-37-10.604827,34,calib,"17645,17646,17647,17648,17649"
95,"[np.int64(17646), np.int64(17647), np.int64(17648), np.int64(17649), np.int64(17650)]",17651,24738,13-37-10.705254,34,calib,"17646,17647,17648,17649,17650"
95,"[np.int64(17647), np.int64(17648), np.int64(17649), np.int64(17650), np.int64(17651)]",17652,24739,13-37-10.805503,35,calib,"17647,17648,17649,17650,17651"
95,"[np.int64(17648), np.int64(17649), np.int64(17650), np.int64(17651), np.int64(17652)]",17653,24740,13-37-10.905349,36,calib,"17648,17649,17650,17651,17652"
95,"[np.int64(17649), np.int64(17650), np.int64(17651), np.int64(17652), np.int64(17653)]",17654,24741,13-37-11.005490,37,calib,"17649,17650,17651,17652,17653"
95,"[np.int64(17650), np.int64(17651), np.int64(17652), np.int64(17653), np.int64(17654)]",17655,24742,13-37-11.105251,100,calib,"17650,17651,17652,17653,17654"
95,"[np.int64(17651), np.int64(17652), np.int64(17653), np.int64(17654), np.int64(17655)]",17656,24743,13-37-11.205518,116,calib,"17651,17652,17653,17654,17655"
95,"[np.int64(17652), np.int64(17653), np.int64(17654), np.int64(17655), np.int64(17656)]",17657,24744,13-37-11.304759,65,calib,"17652,17653,17654,17655,17656"
95,"[np.int64(17653), np.int64(17654), np.int64(17655), np.int64(17656), np.int64(17657)]",17658,24745,13-37-11.405055,89,calib,"17653,17654,17655,17656,17657"
95,"[np.int64(17654), np.int64(17655), np.int64(17656), np.int64(17657), np.int64(17658)]",17659,24746,13-37-11.504978,36,calib,"17654,17655,17656,17657,17658"
95,"[np.int64(17655), np.int64(17656), np.int64(17657), np.int64(17658), np.int64(17659)]",17660,24747,13-37-11.605303,77,calib,"17655,17656,17657,17658,17659"
95,"[np.int64(17656), np.int64(17657), np.int64(17658), np.int64(17659), np.int64(17660)]",17661,24748,13-37-11.704961,106,calib,"17656,17657,17658,17659,17660"
95,"[np.int64(17657), np.int64(17658), np.int64(17659), np.int64(17660), np.int64(17661)]",17662,24749,13-37-11.805368,34,calib,"17657,17658,17659,17660,17661"
95,"[np.int64(17658), np.int64(17659), np.int64(17660), np.int64(17661), np.int64(17662)]",17663,24750,13-37-11.905047,73,calib,"17658,17659,17660,17661,17662"
95,"[np.int64(17659), np.int64(17660), np.int64(17661), np.int64(17662), np.int64(17663)]",17664,24751,13-37-12.005397,85,calib,"17659,17660,17661,17662,17663"
95,"[np.int64(17660), np.int64(17661), np.int64(17662), np.int64(17663), np.int64(17664)]",17665,24752,13-37-12.105061,30,calib,"17660,17661,17662,17663,17664"
95,"[np.int64(17661), np.int64(17662), np.int64(17663), np.int64(17664), np.int64(17665)]",17666,24753,13-37-12.205594,65,calib,"17661,17662,17663,17664,17665"
95,"[np.int64(17662), np.int64(17663), np.int64(17664), np.int64(17665), np.int64(17666)]",17667,24754,13-37-12.305121,110,calib,"17662,17663,17664,17665,17666"
95,"[np.int64(17663), np.int64(17664), np.int64(17665), np.int64(17666), np.int64(17667)]",17668,24755,13-37-12.405138,65,calib,"17663,17664,17665,17666,17667"
95,"[np.int64(17664), np.int64(17665), np.int64(17666), np.int64(17667), np.int64(17668)]",17669,24756,13-37-12.504747,85,calib,"17664,17665,17666,17667,17668"
95,"[np.int64(17665), np.int64(17666), np.int64(17667), np.int64(17668), np.int64(17669)]",17670,24757,13-37-12.605537,76,calib,"17665,17666,17667,17668,17669"
95,"[np.int64(17666), np.int64(17667), np.int64(17668), np.int64(17669), np.int64(17670)]",17671,24758,13-37-12.705044,86,calib,"17666,17667,17668,17669,17670"
95,"[np.int64(17667), np.int64(17668), np.int64(17669), np.int64(17670), np.int64(17671)]",17672,24759,13-37-12.805402,101,calib,"17667,17668,17669,17670,17671"
95,"[np.int64(17668), np.int64(17669), np.int64(17670), np.int64(17671), np.int64(17672)]",17673,24760,13-37-12.904745,35,calib,"17668,17669,17670,17671,17672"
95,"[np.int64(17669), np.int64(17670), np.int64(17671), np.int64(17672), np.int64(17673)]",17674,24761,13-37-13.005080,34,calib,"17669,17670,17671,17672,17673"
95,"[np.int64(17670), np.int64(17671), np.int64(17672), np.int64(17673), np.int64(17674)]",17675,24762,13-37-13.105194,38,calib,"17670,17671,17672,17673,17674"
95,"[np.int64(17671), np.int64(17672), np.int64(17673), np.int64(17674), np.int64(17675)]",17676,24763,13-37-13.205668,97,calib,"17671,17672,17673,17674,17675"
95,"[np.int64(17672), np.int64(17673), np.int64(17674), np.int64(17675), np.int64(17676)]",17677,24764,13-37-13.305228,98,calib,"17672,17673,17674,17675,17676"
95,"[np.int64(17673), np.int64(17674), np.int64(17675), np.int64(17676), np.int64(17677)]",17678,24765,13-37-13.404834,35,calib,"17673,17674,17675,17676,17677"
95,"[np.int64(17674), np.int64(17675), np.int64(17676), np.int64(17677), np.int64(17678)]",17679,24766,13-37-13.505575,100,calib,"17674,17675,17676,17677,17678"
95,"[np.int64(17675), np.int64(17676), np.int64(17677), np.int64(17678), np.int64(17679)]",17680,24767,13-37-13.605439,77,calib,"17675,17676,17677,17678,17679"
95,"[np.int64(17676), np.int64(17677), np.int64(17678), np.int64(17679), np.int64(17680)]",17681,24768,13-37-13.705258,32,calib,"17676,17677,17678,17679,17680"
95,"[np.int64(17677), np.int64(17678), np.int64(17679), np.int64(17680), np.int64(17681)]",17682,24769,13-37-13.804782,84,calib,"17677,17678,17679,17680,17681"
95,"[np.int64(17678), np.int64(17679), np.int64(17680), np.int64(17681), np.int64(17682)]",17683,24770,13-37-13.905461,94,calib,"17678,17679,17680,17681,17682"
95,"[np.int64(17679), np.int64(17680), np.int64(17681), np.int64(17682), np.int64(17683)]",17684,24771,13-37-14.004925,34,calib,"17679,17680,17681,17682,17683"
95,"[np.int64(17680), np.int64(17681), np.int64(17682), np.int64(17683), np.int64(17684)]",17685,24772,13-37-14.105615,33,calib,"17680,17681,17682,17683,17684"
95,"[np.int64(17681), np.int64(17682), np.int64(17683), np.int64(17684), np.int64(17685)]",17686,24773,13-37-14.205440,36,calib,"17681,17682,17683,17684,17685"
95,"[np.int64(17682), np.int64(17683), np.int64(17684), np.int64(17685), np.int64(17686)]",17687,24774,13-37-14.305063,36,calib,"17682,17683,17684,17685,17686"
95,"[np.int64(17683), np.int64(17684), np.int64(17685), np.int64(17686), np.int64(17687)]",17688,24775,13-37-14.404982,35,calib,"17683,17684,17685,17686,17687"
95,"[np.int64(17684), np.int64(17685), np.int64(17686), np.int64(17687), np.int64(17688)]",17689,24776,13-37-14.504830,34,calib,"17684,17685,17686,17687,17688"
95,"[np.int64(17685), np.int64(17686), np.int64(17687), np.int64(17688), np.int64(17689)]",17690,24777,13-37-14.605045,35,calib,"17685,17686,17687,17688,17689"
95,"[np.int64(17686), np.int64(17687), np.int64(17688), np.int64(17689), np.int64(17690)]",17691,24778,13-37-14.705327,34,calib,"17686,17687,17688,17689,17690"
95,"[np.int64(17687), np.int64(17688), np.int64(17689), np.int64(17690), np.int64(17691)]",17692,24779,13-37-14.804689,33,calib,"17687,17688,17689,17690,17691"
95,"[np.int64(17688), np.int64(17689), np.int64(17690), np.int64(17691), np.int64(17692)]",17693,24780,13-37-14.905003,80,calib,"17688,17689,17690,17691,17692"
95,"[np.int64(17689), np.int64(17690), np.int64(17691), np.int64(17692), np.int64(17693)]",17694,24781,13-37-15.004835,34,calib,"17689,17690,17691,17692,17693"
95,"[np.int64(17690), np.int64(17691), np.int64(17692), np.int64(17693), np.int64(17694)]",17695,24782,13-37-15.105422,32,calib,"17690,17691,17692,17693,17694"
95,"[np.int64(17691), np.int64(17692), np.int64(17693), np.int64(17694), np.int64(17695)]",17696,24783,13-37-15.205256,35,calib,"17691,17692,17693,17694,17695"
95,"[np.int64(17692), np.int64(17693), np.int64(17694), np.int64(17695), np.int64(17696)]",17697,24784,13-37-15.305120,69,calib,"17692,17693,17694,17695,17696"
95,"[np.int64(17693), np.int64(17694), np.int64(17695), np.int64(17696), np.int64(17697)]",17698,24785,13-37-15.405308,83,calib,"17693,17694,17695,17696,17697"
95,"[np.int64(17694), np.int64(17695), np.int64(17696), np.int64(17697), np.int64(17698)]",17699,24786,13-37-15.504681,33,calib,"17694,17695,17696,17697,17698"
95,"[np.int64(17695), np.int64(17696), np.int64(17697), np.int64(17698), np.int64(17699)]",17700,24787,13-37-15.605360,33,calib,"17695,17696,17697,17698,17699"
95,"[np.int64(17696), np.int64(17697), np.int64(17698), np.int64(17699), np.int64(17700)]",17701,24788,13-37-15.704832,34,calib,"17696,17697,17698,17699,17700"
95,"[np.int64(17697), np.int64(17698), np.int64(17699), np.int64(17700), np.int64(17701)]",17702,24789,13-37-15.805667,35,calib,"17697,17698,17699,17700,17701"
95,"[np.int64(17698), np.int64(17699), np.int64(17700), np.int64(17701), np.int64(17702)]",17703,24790,13-37-15.904736,35,calib,"17698,17699,17700,17701,17702"
95,"[np.int64(17699), np.int64(17700), np.int64(17701), np.int64(17702), np.int64(17703)]",17704,24791,13-37-16.005445,104,calib,"17699,17700,17701,17702,17703"
95,"[np.int64(17700), np.int64(17701), np.int64(17702), np.int64(17703), np.int64(17704)]",17705,24792,13-37-16.105406,76,calib,"17700,17701,17702,17703,17704"
95,"[np.int64(17701), np.int64(17702), np.int64(17703), np.int64(17704), np.int64(17705)]",17706,24793,13-37-16.205449,80,calib,"17701,17702,17703,17704,17705"
95,"[np.int64(17702), np.int64(17703), np.int64(17704), np.int64(17705), np.int64(17706)]",17707,24794,13-37-16.305054,76,calib,"17702,17703,17704,17705,17706"
95,"[np.int64(17703), np.int64(17704), np.int64(17705), np.int64(17706), np.int64(17707)]",17708,24795,13-37-16.405394,101,calib,"17703,17704,17705,17706,17707"
95,"[np.int64(17704), np.int64(17705), np.int64(17706), np.int64(17707), np.int64(17708)]",17709,24796,13-37-16.505097,69,calib,"17704,17705,17706,17707,17708"
95,"[np.int64(17705), np.int64(17706), np.int64(17707), np.int64(17708), np.int64(17709)]",17710,24797,13-37-16.604895,75,calib,"17705,17706,17707,17708,17709"
95,"[np.int64(17706), np.int64(17707), np.int64(17708), np.int64(17709), np.int64(17710)]",17711,24798,13-37-16.704709,89,calib,"17706,17707,17708,17709,17710"
95,"[np.int64(17707), np.int64(17708), np.int64(17709), np.int64(17710), np.int64(17711)]",17712,24799,13-37-16.805398,76,calib,"17707,17708,17709,17710,17711"
95,"[np.int64(17708), np.int64(17709), np.int64(17710), np.int64(17711), np.int64(17712)]",17713,24800,13-37-16.905043,84,calib,"17708,17709,17710,17711,17712"
95,"[np.int64(17709), np.int64(17710), np.int64(17711), np.int64(17712), np.int64(17713)]",17714,24801,13-37-17.005023,119,calib,"17709,17710,17711,17712,17713"
95,"[np.int64(17710), np.int64(17711), np.int64(17712), np.int64(17713), np.int64(17714)]",17715,24802,13-37-17.105126,116,calib,"17710,17711,17712,17713,17714"
95,"[np.int64(17711), np.int64(17712), np.int64(17713), np.int64(17714), np.int64(17715)]",17716,24803,13-37-17.205177,85,calib,"17711,17712,17713,17714,17715"
95,"[np.int64(17712), np.int64(17713), np.int64(17714), np.int64(17715), np.int64(17716)]",17717,24804,13-37-17.305227,80,calib,"17712,17713,17714,17715,17716"
95,"[np.int64(17713), np.int64(17714), np.int64(17715), np.int64(17716), np.int64(17717)]",17718,24805,13-37-17.405650,84,calib,"17713,17714,17715,17716,17717"
95,"[np.int64(17714), np.int64(17715), np.int64(17716), np.int64(17717), np.int64(17718)]",17719,24806,13-37-17.504755,124,calib,"17714,17715,17716,17717,17718"
95,"[np.int64(17715), np.int64(17716), np.int64(17717), np.int64(17718), np.int64(17719)]",17720,24807,13-37-17.605585,80,calib,"17715,17716,17717,17718,17719"
95,"[np.int64(17716), np.int64(17717), np.int64(17718), np.int64(17719), np.int64(17720)]",17721,24808,13-37-17.704803,86,calib,"17716,17717,17718,17719,17720"
95,"[np.int64(17717), np.int64(17718), np.int64(17719), np.int64(17720), np.int64(17721)]",17722,24809,13-37-17.805578,121,calib,"17717,17718,17719,17720,17721"
95,"[np.int64(17718), np.int64(17719), np.int64(17720), np.int64(17721), np.int64(17722)]",17723,24810,13-37-17.905187,110,calib,"17718,17719,17720,17721,17722"
95,"[np.int64(17719), np.int64(17720), np.int64(17721), np.int64(17722), np.int64(17723)]",17724,24811,13-37-18.005215,33,calib,"17719,17720,17721,17722,17723"
95,"[np.int64(17720), np.int64(17721), np.int64(17722), np.int64(17723), np.int64(17724)]",17725,24812,13-37-18.105512,92,calib,"17720,17721,17722,17723,17724"
95,"[np.int64(17721), np.int64(17722), np.int64(17723), np.int64(17724), np.int64(17725)]",17726,24813,13-37-18.205409,123,calib,"17721,17722,17723,17724,17725"
95,"[np.int64(17722), np.int64(17723), np.int64(17724), np.int64(17725), np.int64(17726)]",17727,24814,13-37-18.305290,36,calib,"17722,17723,17724,17725,17726"
95,"[np.int64(17723), np.int64(17724), np.int64(17725), np.int64(17726), np.int64(17727)]",17728,24815,13-37-18.405049,34,calib,"17723,17724,17725,17726,17727"
95,"[np.int64(17724), np.int64(17725), np.int64(17726), np.int64(17727), np.int64(17728)]",17729,24816,13-37-18.505343,34,calib,"17724,17725,17726,17727,17728"
95,"[np.int64(17725), np.int64(17726), np.int64(17727), np.int64(17728), np.int64(17729)]",17730,24817,13-37-18.605606,34,calib,"17725,17726,17727,17728,17729"
95,"[np.int64(17726), np.int64(17727), np.int64(17728), np.int64(17729), np.int64(17730)]",17731,24818,13-37-18.705623,35,calib,"17726,17727,17728,17729,17730"
95,"[np.int64(17727), np.int64(17728), np.int64(17729), np.int64(17730), np.int64(17731)]",17732,24819,13-37-18.804686,33,calib,"17727,17728,17729,17730,17731"
95,"[np.int64(17728), np.int64(17729), np.int64(17730), np.int64(17731), np.int64(17732)]",17733,24820,13-37-18.904968,35,calib,"17728,17729,17730,17731,17732"
95,"[np.int64(17729), np.int64(17730), np.int64(17731), np.int64(17732), np.int64(17733)]",17734,24821,13-37-19.005584,34,calib,"17729,17730,17731,17732,17733"
95,"[np.int64(17730), np.int64(17731), np.int64(17732), np.int64(17733), np.int64(17734)]",17735,24822,13-37-19.104892,36,calib,"17730,17731,17732,17733,17734"
95,"[np.int64(17731), np.int64(17732), np.int64(17733), np.int64(17734), np.int64(17735)]",17736,24823,13-37-19.205072,33,calib,"17731,17732,17733,17734,17735"
95,"[np.int64(17732), np.int64(17733), np.int64(17734), np.int64(17735), np.int64(17736)]",17737,24824,13-37-19.304784,36,calib,"17732,17733,17734,17735,17736"
95,"[np.int64(17733), np.int64(17734), np.int64(17735), np.int64(17736), np.int64(17737)]",17738,24825,13-37-19.405391,35,calib,"17733,17734,17735,17736,17737"
95,"[np.int64(17734), np.int64(17735), np.int64(17736), np.int64(17737), np.int64(17738)]",17739,24826,13-37-19.505236,35,calib,"17734,17735,17736,17737,17738"
95,"[np.int64(17735), np.int64(17736), np.int64(17737), np.int64(17738), np.int64(17739)]",17740,24827,13-37-19.605587,34,calib,"17735,17736,17737,17738,17739"
95,"[np.int64(17736), np.int64(17737), np.int64(17738), np.int64(17739), np.int64(17740)]",17741,24828,13-37-19.705404,34,calib,"17736,17737,17738,17739,17740"
95,"[np.int64(17737), np.int64(17738), np.int64(17739), np.int64(17740), np.int64(17741)]",17742,24829,13-37-19.805644,33,calib,"17737,17738,17739,17740,17741"
95,"[np.int64(17738), np.int64(17739), np.int64(17740), np.int64(17741), np.int64(17742)]",17743,24830,13-37-19.904938,34,calib,"17738,17739,17740,17741,17742"
95,"[np.int64(17739), np.int64(17740), np.int64(17741), np.int64(17742), np.int64(17743)]",17744,24831,13-37-20.004857,33,calib,"17739,17740,17741,17742,17743"
95,"[np.int64(17740), np.int64(17741), np.int64(17742), np.int64(17743), np.int64(17744)]",17745,24832,13-37-20.105044,34,calib,"17740,17741,17742,17743,17744"
95,"[np.int64(17741), np.int64(17742), np.int64(17743), np.int64(17744), np.int64(17745)]",17746,24833,13-37-20.204900,34,calib,"17741,17742,17743,17744,17745"
95,"[np.int64(17742), np.int64(17743), np.int64(17744), np.int64(17745), np.int64(17746)]",17747,24834,13-37-20.305280,34,calib,"17742,17743,17744,17745,17746"
95,"[np.int64(17743), np.int64(17744), np.int64(17745), np.int64(17746), np.int64(17747)]",17748,24835,13-37-20.405377,119,calib,"17743,17744,17745,17746,17747"
95,"[np.int64(17744), np.int64(17745), np.int64(17746), np.int64(17747), np.int64(17748)]",17749,24836,13-37-20.505642,75,calib,"17744,17745,17746,17747,17748"
95,"[np.int64(17745), np.int64(17746), np.int64(17747), np.int64(17748), np.int64(17749)]",17750,24837,13-37-20.604783,93,calib,"17745,17746,17747,17748,17749"
95,"[np.int64(17746), np.int64(17747), np.int64(17748), np.int64(17749), np.int64(17750)]",17751,24838,13-37-20.705599,35,calib,"17746,17747,17748,17749,17750"
95,"[np.int64(17747), np.int64(17748), np.int64(17749), np.int64(17750), np.int64(17751)]",17752,24839,13-37-20.805352,35,calib,"17747,17748,17749,17750,17751"
95,"[np.int64(17748), np.int64(17749), np.int64(17750), np.int64(17751), np.int64(17752)]",17753,24840,13-37-20.905650,100,calib,"17748,17749,17750,17751,17752"
95,"[np.int64(17749), np.int64(17750), np.int64(17751), np.int64(17752), np.int64(17753)]",17754,24841,13-37-21.004678,33,calib,"17749,17750,17751,17752,17753"
95,"[np.int64(17750), np.int64(17751), np.int64(17752), np.int64(17753), np.int64(17754)]",17755,24842,13-37-21.104827,35,calib,"17750,17751,17752,17753,17754"
95,"[np.int64(17751), np.int64(17752), np.int64(17753), np.int64(17754), np.int64(17755)]",17756,24843,13-37-21.205432,33,calib,"17751,17752,17753,17754,17755"
95,"[np.int64(17752), np.int64(17753), np.int64(17754), np.int64(17755), np.int64(17756)]",17757,24844,13-37-21.305478,36,calib,"17752,17753,17754,17755,17756"
95,"[np.int64(17753), np.int64(17754), np.int64(17755), np.int64(17756), np.int64(17757)]",17758,24845,13-37-21.404750,34,calib,"17753,17754,17755,17756,17757"
95,"[np.int64(17754), np.int64(17755), np.int64(17756), np.int64(17757), np.int64(17758)]",17759,24846,13-37-21.505404,99,calib,"17754,17755,17756,17757,17758"
95,"[np.int64(17755), np.int64(17756), np.int64(17757), np.int64(17758), np.int64(17759)]",17760,24847,13-37-21.604917,88,calib,"17755,17756,17757,17758,17759"
95,"[np.int64(17756), np.int64(17757), np.int64(17758), np.int64(17759), np.int64(17760)]",17761,24848,13-37-21.705597,110,calib,"17756,17757,17758,17759,17760"
95,"[np.int64(17757), np.int64(17758), np.int64(17759), np.int64(17760), np.int64(17761)]",17762,24849,13-37-21.805352,82,calib,"17757,17758,17759,17760,17761"
95,"[np.int64(17758), np.int64(17759), np.int64(17760), np.int64(17761), np.int64(17762)]",17763,24850,13-37-21.905071,69,calib,"17758,17759,17760,17761,17762"
95,"[np.int64(17759), np.int64(17760), np.int64(17761), np.int64(17762), np.int64(17763)]",17764,24851,13-37-22.005592,33,calib,"17759,17760,17761,17762,17763"
95,"[np.int64(17760), np.int64(17761), np.int64(17762), np.int64(17763), np.int64(17764)]",17765,24852,13-37-22.105329,76,calib,"17760,17761,17762,17763,17764"
95,"[np.int64(17761), np.int64(17762), np.int64(17763), np.int64(17764), np.int64(17765)]",17766,24853,13-37-22.205129,34,calib,"17761,17762,17763,17764,17765"
95,"[np.int64(17762), np.int64(17763), np.int64(17764), np.int64(17765), np.int64(17766)]",17767,24854,13-37-22.305260,35,calib,"17762,17763,17764,17765,17766"
95,"[np.int64(17763), np.int64(17764), np.int64(17765), np.int64(17766), np.int64(17767)]",17768,24855,13-37-22.405664,86,calib,"17763,17764,17765,17766,17767"
95,"[np.int64(17764), np.int64(17765), np.int64(17766), np.int64(17767), np.int64(17768)]",17769,24856,13-37-22.505676,93,calib,"17764,17765,17766,17767,17768"
95,"[np.int64(17765), np.int64(17766), np.int64(17767), np.int64(17768), np.int64(17769)]",17770,24857,13-37-22.605477,35,calib,"17765,17766,17767,17768,17769"
95,"[np.int64(17766), np.int64(17767), np.int64(17768), np.int64(17769), np.int64(17770)]",17771,24858,13-37-22.704831,33,calib,"17766,17767,17768,17769,17770"
95,"[np.int64(17767), np.int64(17768), np.int64(17769), np.int64(17770), np.int64(17771)]",17772,24859,13-37-22.805632,101,calib,"17767,17768,17769,17770,17771"
95,"[np.int64(17768), np.int64(17769), np.int64(17770), np.int64(17771), np.int64(17772)]",17773,24860,13-37-22.904907,36,calib,"17768,17769,17770,17771,17772"
95,"[np.int64(17769), np.int64(17770), np.int64(17771), np.int64(17772), np.int64(17773)]",17774,24861,13-37-23.005436,33,calib,"17769,17770,17771,17772,17773"
95,"[np.int64(17770), np.int64(17771), np.int64(17772), np.int64(17773), np.int64(17774)]",17775,24862,13-37-23.105008,35,calib,"17770,17771,17772,17773,17774"
95,"[np.int64(17771), np.int64(17772), np.int64(17773), np.int64(17774), np.int64(17775)]",17776,24863,13-37-23.205303,33,calib,"17771,17772,17773,17774,17775"
95,"[np.int64(17772), np.int64(17773), np.int64(17774), np.int64(17775), np.int64(17776)]",17777,24864,13-37-23.305156,94,calib,"17772,17773,17774,17775,17776"
95,"[np.int64(17773), np.int64(17774), np.int64(17775), np.int64(17776), np.int64(17777)]",17778,24865,13-37-23.404833,35,calib,"17773,17774,17775,17776,17777"
95,"[np.int64(17774), np.int64(17775), np.int64(17776), np.int64(17777), np.int64(17778)]",17779,24866,13-37-23.504749,100,calib,"17774,17775,17776,17777,17778"
95,"[np.int64(17775), np.int64(17776), np.int64(17777), np.int64(17778), np.int64(17779)]",17780,24867,13-37-23.604666,35,calib,"17775,17776,17777,17778,17779"
95,"[np.int64(17776), np.int64(17777), np.int64(17778), np.int64(17779), np.int64(17780)]",17781,24868,13-37-23.704669,92,calib,"17776,17777,17778,17779,17780"
95,"[np.int64(17777), np.int64(17778), np.int64(17779), np.int64(17780), np.int64(17781)]",17782,24869,13-37-23.804812,72,calib,"17777,17778,17779,17780,17781"
95,"[np.int64(17778), np.int64(17779), np.int64(17780), np.int64(17781), np.int64(17782)]",17783,24870,13-37-23.904706,93,calib,"17778,17779,17780,17781,17782"
95,"[np.int64(17779), np.int64(17780), np.int64(17781), np.int64(17782), np.int64(17783)]",17784,24871,13-37-24.005602,76,calib,"17779,17780,17781,17782,17783"
95,"[np.int64(17780), np.int64(17781), np.int64(17782), np.int64(17783), np.int64(17784)]",17785,24872,13-37-24.105224,79,calib,"17780,17781,17782,17783,17784"
95,"[np.int64(17781), np.int64(17782), np.int64(17783), np.int64(17784), np.int64(17785)]",17786,24873,13-37-24.205666,68,calib,"17781,17782,17783,17784,17785"
95,"[np.int64(17782), np.int64(17783), np.int64(17784), np.int64(17785), np.int64(17786)]",17787,24874,13-37-24.305152,36,calib,"17782,17783,17784,17785,17786"
95,"[np.int64(17783), np.int64(17784), np.int64(17785), np.int64(17786), np.int64(17787)]",17788,24875,13-37-24.404962,94,calib,"17783,17784,17785,17786,17787"
95,"[np.int64(17784), np.int64(17785), np.int64(17786), np.int64(17787), np.int64(17788)]",17789,24876,13-37-24.504906,102,calib,"17784,17785,17786,17787,17788"
95,"[np.int64(17785), np.int64(17786), np.int64(17787), np.int64(17788), np.int64(17789)]",17790,24877,13-37-24.604771,126,calib,"17785,17786,17787,17788,17789"
95,"[np.int64(17786), np.int64(17787), np.int64(17788), np.int64(17789), np.int64(17790)]",17791,24878,13-37-24.705049,84,calib,"17786,17787,17788,17789,17790"
95,"[np.int64(17787), np.int64(17788), np.int64(17789), np.int64(17790), np.int64(17791)]",17792,24879,13-37-24.805498,122,calib,"17787,17788,17789,17790,17791"
95,"[np.int64(17788), np.int64(17789), np.int64(17790), np.int64(17791), np.int64(17792)]",17793,24880,13-37-24.904937,69,calib,"17788,17789,17790,17791,17792"
95,"[np.int64(17789), np.int64(17790), np.int64(17791), np.int64(17792), np.int64(17793)]",17794,24881,13-37-25.005389,86,calib,"17789,17790,17791,17792,17793"
95,"[np.int64(17790), np.int64(17791), np.int64(17792), np.int64(17793), np.int64(17794)]",17795,24882,13-37-25.105641,69,calib,"17790,17791,17792,17793,17794"
95,"[np.int64(17791), np.int64(17792), np.int64(17793), np.int64(17794), np.int64(17795)]",17796,24883,13-37-25.205359,116,calib,"17791,17792,17793,17794,17795"
95,"[np.int64(17792), np.int64(17793), np.int64(17794), np.int64(17795), np.int64(17796)]",17797,24884,13-37-25.304764,121,calib,"17792,17793,17794,17795,17796"
95,"[np.int64(17793), np.int64(17794), np.int64(17795), np.int64(17796), np.int64(17797)]",17798,24885,13-37-25.405672,97,calib,"17793,17794,17795,17796,17797"
95,"[np.int64(17794), np.int64(17795), np.int64(17796), np.int64(17797), np.int64(17798)]",17799,24886,13-37-25.504705,97,calib,"17794,17795,17796,17797,17798"
95,"[np.int64(17795), np.int64(17796), np.int64(17797), np.int64(17798), np.int64(17799)]",17800,24887,13-37-25.605119,119,calib,"17795,17796,17797,17798,17799"
95,"[np.int64(17796), np.int64(17797), np.int64(17798), np.int64(17799), np.int64(17800)]",17801,24888,13-37-25.705451,76,calib,"17796,17797,17798,17799,17800"
95,"[np.int64(17797), np.int64(17798), np.int64(17799), np.int64(17800), np.int64(17801)]",17802,24889,13-37-25.804930,98,calib,"17797,17798,17799,17800,17801"
95,"[np.int64(17798), np.int64(17799), np.int64(17800), np.int64(17801), np.int64(17802)]",17803,24890,13-37-25.904674,92,calib,"17798,17799,17800,17801,17802"
95,"[np.int64(17799), np.int64(17800), np.int64(17801), np.int64(17802), np.int64(17803)]",17804,24891,13-37-26.004668,76,calib,"17799,17800,17801,17802,17803"
95,"[np.int64(17800), np.int64(17801), np.int64(17802), np.int64(17803), np.int64(17804)]",17805,24892,13-37-26.104830,75,calib,"17800,17801,17802,17803,17804"
95,"[np.int64(17801), np.int64(17802), np.int64(17803), np.int64(17804), np.int64(17805)]",17806,24893,13-37-26.205396,80,calib,"17801,17802,17803,17804,17805"
95,"[np.int64(17802), np.int64(17803), np.int64(17804), np.int64(17805), np.int64(17806)]",17807,24894,13-37-26.305258,76,calib,"17802,17803,17804,17805,17806"
95,"[np.int64(17803), np.int64(17804), np.int64(17805), np.int64(17806), np.int64(17807)]",17808,24895,13-37-26.405108,101,calib,"17803,17804,17805,17806,17807"
95,"[np.int64(17804), np.int64(17805), np.int64(17806), np.int64(17807), np.int64(17808)]",17809,24896,13-37-26.505151,125,calib,"17804,17805,17806,17807,17808"
95,"[np.int64(17805), np.int64(17806), np.int64(17807), np.int64(17808), np.int64(17809)]",17810,24897,13-37-26.605634,123,calib,"17805,17806,17807,17808,17809"
95,"[np.int64(17806), np.int64(17807), np.int64(17808), np.int64(17809), np.int64(17810)]",17811,24898,13-37-26.704879,70,calib,"17806,17807,17808,17809,17810"
95,"[np.int64(17807), np.int64(17808), np.int64(17809), np.int64(17810), np.int64(17811)]",17812,24899,13-37-26.805684,125,calib,"17807,17808,17809,17810,17811"
95,"[np.int64(17808), np.int64(17809), np.int64(17810), np.int64(17811), np.int64(17812)]",17813,24900,13-37-26.904832,33,calib,"17808,17809,17810,17811,17812"
95,"[np.int64(17809), np.int64(17810), np.int64(17811), np.int64(17812), np.int64(17813)]",17814,24901,13-37-27.005463,84,calib,"17809,17810,17811,17812,17813"
95,"[np.int64(17810), np.int64(17811), np.int64(17812), np.int64(17813), np.int64(17814)]",17815,24902,13-37-27.105344,98,calib,"17810,17811,17812,17813,17814"
95,"[np.int64(17811), np.int64(17812), np.int64(17813), np.int64(17814), np.int64(17815)]",17816,24903,13-37-27.205231,71,calib,"17811,17812,17813,17814,17815"
95,"[np.int64(17812), np.int64(17813), np.int64(17814), np.int64(17815), np.int64(17816)]",17817,24904,13-37-27.305309,88,calib,"17812,17813,17814,17815,17816"
95,"[np.int64(17813), np.int64(17814), np.int64(17815), np.int64(17816), np.int64(17817)]",17818,24905,13-37-27.405657,67,calib,"17813,17814,17815,17816,17817"
95,"[np.int64(17814), np.int64(17815), np.int64(17816), np.int64(17817), np.int64(17818)]",17819,24906,13-37-27.504999,102,calib,"17814,17815,17816,17817,17818"
95,"[np.int64(17815), np.int64(17816), np.int64(17817), np.int64(17818), np.int64(17819)]",17820,24907,13-37-27.605143,30,calib,"17815,17816,17817,17818,17819"
95,"[np.int64(17816), np.int64(17817), np.int64(17818), np.int64(17819), np.int64(17820)]",17821,24908,13-37-27.705529,76,calib,"17816,17817,17818,17819,17820"
95,"[np.int64(17817), np.int64(17818), np.int64(17819), np.int64(17820), np.int64(17821)]",17822,24909,13-37-27.805097,84,calib,"17817,17818,17819,17820,17821"
95,"[np.int64(17818), np.int64(17819), np.int64(17820), np.int64(17821), np.int64(17822)]",17823,24910,13-37-27.904945,94,calib,"17818,17819,17820,17821,17822"
95,"[np.int64(17819), np.int64(17820), np.int64(17821), np.int64(17822), np.int64(17823)]",17824,24911,13-37-28.005554,76,calib,"17819,17820,17821,17822,17823"
95,"[np.int64(17820), np.int64(17821), np.int64(17822), np.int64(17823), np.int64(17824)]",17825,24912,13-37-28.105168,34,calib,"17820,17821,17822,17823,17824"
95,"[np.int64(17821), np.int64(17822), np.int64(17823), np.int64(17824), np.int64(17825)]",17826,24913,13-37-28.205333,33,calib,"17821,17822,17823,17824,17825"
95,"[np.int64(17822), np.int64(17823), np.int64(17824), np.int64(17825), np.int64(17826)]",17827,24914,13-37-28.305148,34,calib,"17822,17823,17824,17825,17826"
95,"[np.int64(17823), np.int64(17824), np.int64(17825), np.int64(17826), np.int64(17827)]",17828,24915,13-37-28.405346,34,calib,"17823,17824,17825,17826,17827"
95,"[np.int64(17824), np.int64(17825), np.int64(17826), np.int64(17827), np.int64(17828)]",17829,24916,13-37-28.505238,117,calib,"17824,17825,17826,17827,17828"
95,"[np.int64(17825), np.int64(17826), np.int64(17827), np.int64(17828), np.int64(17829)]",17830,24917,13-37-28.605551,82,calib,"17825,17826,17827,17828,17829"
95,"[np.int64(17826), np.int64(17827), np.int64(17828), np.int64(17829), np.int64(17830)]",17831,24918,13-37-28.705032,35,calib,"17826,17827,17828,17829,17830"
95,"[np.int64(17827), np.int64(17828), np.int64(17829), np.int64(17830), np.int64(17831)]",17832,24919,13-37-28.805407,35,calib,"17827,17828,17829,17830,17831"
95,"[np.int64(17828), np.int64(17829), np.int64(17830), np.int64(17831), np.int64(17832)]",17833,24920,13-37-28.905292,69,calib,"17828,17829,17830,17831,17832"
95,"[np.int64(17829), np.int64(17830), np.int64(17831), np.int64(17832), np.int64(17833)]",17834,24921,13-37-29.004747,68,calib,"17829,17830,17831,17832,17833"
95,"[np.int64(17830), np.int64(17831), np.int64(17832), np.int64(17833), np.int64(17834)]",17835,24922,13-37-29.104716,88,calib,"17830,17831,17832,17833,17834"
95,"[np.int64(17831), np.int64(17832), np.int64(17833), np.int64(17834), np.int64(17835)]",17836,24923,13-37-29.205157,75,calib,"17831,17832,17833,17834,17835"
95,"[np.int64(17832), np.int64(17833), np.int64(17834), np.int64(17835), np.int64(17836)]",17837,24924,13-37-29.304840,72,calib,"17832,17833,17834,17835,17836"
95,"[np.int64(17833), np.int64(17834), np.int64(17835), np.int64(17836), np.int64(17837)]",17838,24925,13-37-29.404676,33,calib,"17833,17834,17835,17836,17837"
95,"[np.int64(17834), np.int64(17835), np.int64(17836), np.int64(17837), np.int64(17838)]",17839,24926,13-37-29.504722,89,calib,"17834,17835,17836,17837,17838"
95,"[np.int64(17835), np.int64(17836), np.int64(17837), np.int64(17838), np.int64(17839)]",17840,24927,13-37-29.605180,82,calib,"17835,17836,17837,17838,17839"
95,"[np.int64(17836), np.int64(17837), np.int64(17838), np.int64(17839), np.int64(17840)]",17841,24928,13-37-29.705164,99,calib,"17836,17837,17838,17839,17840"
95,"[np.int64(17837), np.int64(17838), np.int64(17839), np.int64(17840), np.int64(17841)]",17842,24929,13-37-29.805006,118,calib,"17837,17838,17839,17840,17841"
95,"[np.int64(17838), np.int64(17839), np.int64(17840), np.int64(17841), np.int64(17842)]",17843,24930,13-37-29.905434,123,calib,"17838,17839,17840,17841,17842"
95,"[np.int64(17839), np.int64(17840), np.int64(17841), np.int64(17842), np.int64(17843)]",17844,24931,13-37-30.005520,117,calib,"17839,17840,17841,17842,17843"
95,"[np.int64(17840), np.int64(17841), np.int64(17842), np.int64(17843), np.int64(17844)]",17845,24932,13-37-30.104893,80,calib,"17840,17841,17842,17843,17844"
95,"[np.int64(17841), np.int64(17842), np.int64(17843), np.int64(17844), np.int64(17845)]",17846,24933,13-37-30.204908,75,calib,"17841,17842,17843,17844,17845"
95,"[np.int64(17842), np.int64(17843), np.int64(17844), np.int64(17845), np.int64(17846)]",17847,24934,13-37-30.305161,92,calib,"17842,17843,17844,17845,17846"
95,"[np.int64(17843), np.int64(17844), np.int64(17845), np.int64(17846), np.int64(17847)]",17848,24935,13-37-30.405272,84,calib,"17843,17844,17845,17846,17847"
95,"[np.int64(17844), np.int64(17845), np.int64(17846), np.int64(17847), np.int64(17848)]",17849,24936,13-37-30.505399,74,calib,"17844,17845,17846,17847,17848"
95,"[np.int64(17845), np.int64(17846), np.int64(17847), np.int64(17848), np.int64(17849)]",17850,24937,13-37-30.605592,80,calib,"17845,17846,17847,17848,17849"
95,"[np.int64(17846), np.int64(17847), np.int64(17848), np.int64(17849), np.int64(17850)]",17851,24938,13-37-30.705490,79,calib,"17846,17847,17848,17849,17850"
95,"[np.int64(17847), np.int64(17848), np.int64(17849), np.int64(17850), np.int64(17851)]",17852,24939,13-37-30.805051,82,calib,"17847,17848,17849,17850,17851"
95,"[np.int64(17848), np.int64(17849), np.int64(17850), np.int64(17851), np.int64(17852)]",17853,24940,13-37-30.905234,69,calib,"17848,17849,17850,17851,17852"
95,"[np.int64(17849), np.int64(17850), np.int64(17851), np.int64(17852), np.int64(17853)]",17854,24941,13-37-31.005234,80,calib,"17849,17850,17851,17852,17853"
95,"[np.int64(17850), np.int64(17851), np.int64(17852), np.int64(17853), np.int64(17854)]",17855,24942,13-37-31.104682,92,calib,"17850,17851,17852,17853,17854"
95,"[np.int64(17851), np.int64(17852), np.int64(17853), np.int64(17854), np.int64(17855)]",17856,24943,13-37-31.205404,113,calib,"17851,17852,17853,17854,17855"
95,"[np.int64(17852), np.int64(17853), np.int64(17854), np.int64(17855), np.int64(17856)]",17857,24944,13-37-31.304825,126,calib,"17852,17853,17854,17855,17856"
95,"[np.int64(17853), np.int64(17854), np.int64(17855), np.int64(17856), np.int64(17857)]",17858,24945,13-37-31.404675,36,calib,"17853,17854,17855,17856,17857"
95,"[np.int64(17854), np.int64(17855), np.int64(17856), np.int64(17857), np.int64(17858)]",17859,24946,13-37-31.505154,100,calib,"17854,17855,17856,17857,17858"
95,"[np.int64(17855), np.int64(17856), np.int64(17857), np.int64(17858), np.int64(17859)]",17860,24947,13-37-31.605404,116,calib,"17855,17856,17857,17858,17859"
95,"[np.int64(17856), np.int64(17857), np.int64(17858), np.int64(17859), np.int64(17860)]",17861,24948,13-37-31.704985,125,calib,"17856,17857,17858,17859,17860"
95,"[np.int64(17857), np.int64(17858), np.int64(17859), np.int64(17860), np.int64(17861)]",17862,24949,13-37-31.804921,89,calib,"17857,17858,17859,17860,17861"
95,"[np.int64(17858), np.int64(17859), np.int64(17860), np.int64(17861), np.int64(17862)]",17863,24950,13-37-31.905420,98,calib,"17858,17859,17860,17861,17862"
95,"[np.int64(17859), np.int64(17860), np.int64(17861), np.int64(17862), np.int64(17863)]",17864,24951,13-37-32.004674,81,calib,"17859,17860,17861,17862,17863"
95,"[np.int64(17860), np.int64(17861), np.int64(17862), np.int64(17863), np.int64(17864)]",17865,24952,13-37-32.105538,85,calib,"17860,17861,17862,17863,17864"
95,"[np.int64(17861), np.int64(17862), np.int64(17863), np.int64(17864), np.int64(17865)]",17866,24953,13-37-32.205254,76,calib,"17861,17862,17863,17864,17865"
95,"[np.int64(17862), np.int64(17863), np.int64(17864), np.int64(17865), np.int64(17866)]",17867,24954,13-37-32.305224,94,calib,"17862,17863,17864,17865,17866"
95,"[np.int64(17863), np.int64(17864), np.int64(17865), np.int64(17866), np.int64(17867)]",17868,24955,13-37-32.405141,114,calib,"17863,17864,17865,17866,17867"
95,"[np.int64(17864), np.int64(17865), np.int64(17866), np.int64(17867), np.int64(17868)]",17869,24956,13-37-32.504827,87,calib,"17864,17865,17866,17867,17868"
95,"[np.int64(17865), np.int64(17866), np.int64(17867), np.int64(17868), np.int64(17869)]",17870,24957,13-37-32.605501,125,calib,"17865,17866,17867,17868,17869"
95,"[np.int64(17866), np.int64(17867), np.int64(17868), np.int64(17869), np.int64(17870)]",17871,24958,13-37-32.705534,82,calib,"17866,17867,17868,17869,17870"
95,"[np.int64(17867), np.int64(17868), np.int64(17869), np.int64(17870), np.int64(17871)]",17872,24959,13-37-32.804761,71,calib,"17867,17868,17869,17870,17871"
95,"[np.int64(17868), np.int64(17869), np.int64(17870), np.int64(17871), np.int64(17872)]",17873,24960,13-37-32.904705,85,calib,"17868,17869,17870,17871,17872"
95,"[np.int64(17869), np.int64(17870), np.int64(17871), np.int64(17872), np.int64(17873)]",17874,24961,13-37-33.004772,125,calib,"17869,17870,17871,17872,17873"
95,"[np.int64(17870), np.int64(17871), np.int64(17872), np.int64(17873), np.int64(17874)]",17875,24962,13-37-33.105624,92,calib,"17870,17871,17872,17873,17874"
95,"[np.int64(17871), np.int64(17872), np.int64(17873), np.int64(17874), np.int64(17875)]",17876,24963,13-37-33.204843,69,calib,"17871,17872,17873,17874,17875"
95,"[np.int64(17872), np.int64(17873), np.int64(17874), np.int64(17875), np.int64(17876)]",17877,24964,13-37-33.304807,124,calib,"17872,17873,17874,17875,17876"
95,"[np.int64(17873), np.int64(17874), np.int64(17875), np.int64(17876), np.int64(17877)]",17878,24965,13-37-33.405085,109,calib,"17873,17874,17875,17876,17877"
95,"[np.int64(17874), np.int64(17875), np.int64(17876), np.int64(17877), np.int64(17878)]",17879,24966,13-37-33.505280,100,calib,"17874,17875,17876,17877,17878"
95,"[np.int64(17875), np.int64(17876), np.int64(17877), np.int64(17878), np.int64(17879)]",17880,24967,13-37-33.605635,85,calib,"17875,17876,17877,17878,17879"
95,"[np.int64(17876), np.int64(17877), np.int64(17878), np.int64(17879), np.int64(17880)]",17881,24968,13-37-33.705608,75,calib,"17876,17877,17878,17879,17880"
95,"[np.int64(17877), np.int64(17878), np.int64(17879), np.int64(17880), np.int64(17881)]",17882,24969,13-37-33.805208,110,calib,"17877,17878,17879,17880,17881"
95,"[np.int64(17878), np.int64(17879), np.int64(17880), np.int64(17881), np.int64(17882)]",17883,24970,13-37-33.905473,122,calib,"17878,17879,17880,17881,17882"
95,"[np.int64(17879), np.int64(17880), np.int64(17881), np.int64(17882), np.int64(17883)]",17884,24971,13-37-34.004845,79,calib,"17879,17880,17881,17882,17883"
95,"[np.int64(17880), np.int64(17881), np.int64(17882), np.int64(17883), np.int64(17884)]",17885,24972,13-37-34.105044,92,calib,"17880,17881,17882,17883,17884"
95,"[np.int64(17881), np.int64(17882), np.int64(17883), np.int64(17884), np.int64(17885)]",17886,24973,13-37-34.205359,100,calib,"17881,17882,17883,17884,17885"
95,"[np.int64(17882), np.int64(17883), np.int64(17884), np.int64(17885), np.int64(17886)]",17887,24974,13-37-34.305217,84,calib,"17882,17883,17884,17885,17886"
95,"[np.int64(17883), np.int64(17884), np.int64(17885), np.int64(17886), np.int64(17887)]",17888,24975,13-37-34.404685,92,calib,"17883,17884,17885,17886,17887"
95,"[np.int64(17884), np.int64(17885), np.int64(17886), np.int64(17887), np.int64(17888)]",17889,24976,13-37-34.505109,96,calib,"17884,17885,17886,17887,17888"
95,"[np.int64(17885), np.int64(17886), np.int64(17887), np.int64(17888), np.int64(17889)]",17890,24977,13-37-34.605056,79,calib,"17885,17886,17887,17888,17889"
95,"[np.int64(17886), np.int64(17887), np.int64(17888), np.int64(17889), np.int64(17890)]",17891,24978,13-37-34.705455,69,calib,"17886,17887,17888,17889,17890"
95,"[np.int64(17887), np.int64(17888), np.int64(17889), np.int64(17890), np.int64(17891)]",17892,24979,13-37-34.805670,123,calib,"17887,17888,17889,17890,17891"
95,"[np.int64(17888), np.int64(17889), np.int64(17890), np.int64(17891), np.int64(17892)]",17893,24980,13-37-34.905665,125,calib,"17888,17889,17890,17891,17892"
95,"[np.int64(17889), np.int64(17890), np.int64(17891), np.int64(17892), np.int64(17893)]",17894,24981,13-37-35.004792,105,calib,"17889,17890,17891,17892,17893"
95,"[np.int64(17890), np.int64(17891), np.int64(17892), np.int64(17893), np.int64(17894)]",17895,24982,13-37-35.105322,116,calib,"17890,17891,17892,17893,17894"
95,"[np.int64(17891), np.int64(17892), np.int64(17893), np.int64(17894), np.int64(17895)]",17896,24983,13-37-35.205504,82,calib,"17891,17892,17893,17894,17895"
95,"[np.int64(17892), np.int64(17893), np.int64(17894), np.int64(17895), np.int64(17896)]",17897,24984,13-37-35.305668,75,calib,"17892,17893,17894,17895,17896"
95,"[np.int64(17893), np.int64(17894), np.int64(17895), np.int64(17896), np.int64(17897)]",17898,24985,13-37-35.405503,86,calib,"17893,17894,17895,17896,17897"
95,"[np.int64(17894), np.int64(17895), np.int64(17896), np.int64(17897), np.int64(17898)]",17899,24986,13-37-35.505142,104,calib,"17894,17895,17896,17897,17898"
95,"[np.int64(17895), np.int64(17896), np.int64(17897), np.int64(17898), np.int64(17899)]",17900,24987,13-37-35.604948,98,calib,"17895,17896,17897,17898,17899"
95,"[np.int64(17896), np.int64(17897), np.int64(17898), np.int64(17899), np.int64(17900)]",17901,24988,13-37-35.705276,30,calib,"17896,17897,17898,17899,17900"
95,"[np.int64(17897), np.int64(17898), np.int64(17899), np.int64(17900), np.int64(17901)]",17902,24989,13-37-35.805012,77,calib,"17897,17898,17899,17900,17901"
95,"[np.int64(17898), np.int64(17899), np.int64(17900), np.int64(17901), np.int64(17902)]",17903,24990,13-37-35.905099,35,calib,"17898,17899,17900,17901,17902"
95,"[np.int64(17899), np.int64(17900), np.int64(17901), np.int64(17902), np.int64(17903)]",17904,24991,13-37-36.004652,100,calib,"17899,17900,17901,17902,17903"
95,"[np.int64(17900), np.int64(17901), np.int64(17902), np.int64(17903), np.int64(17904)]",17905,24992,13-37-36.104993,69,calib,"17900,17901,17902,17903,17904"
95,"[np.int64(17901), np.int64(17902), np.int64(17903), np.int64(17904), np.int64(17905)]",17906,24993,13-37-36.204946,67,calib,"17901,17902,17903,17904,17905"
95,"[np.int64(17902), np.int64(17903), np.int64(17904), np.int64(17905), np.int64(17906)]",17907,24994,13-37-36.305647,69,calib,"17902,17903,17904,17905,17906"
95,"[np.int64(17903), np.int64(17904), np.int64(17905), np.int64(17906), np.int64(17907)]",17908,24995,13-37-36.405665,121,calib,"17903,17904,17905,17906,17907"
95,"[np.int64(17904), np.int64(17905), np.int64(17906), np.int64(17907), np.int64(17908)]",17909,24996,13-37-36.505371,80,calib,"17904,17905,17906,17907,17908"
95,"[np.int64(17905), np.int64(17906), np.int64(17907), np.int64(17908), np.int64(17909)]",17910,24997,13-37-36.604679,92,calib,"17905,17906,17907,17908,17909"
95,"[np.int64(17906), np.int64(17907), np.int64(17908), np.int64(17909), np.int64(17910)]",17911,24998,13-37-36.705643,93,calib,"17906,17907,17908,17909,17910"
95,"[np.int64(17907), np.int64(17908), np.int64(17909), np.int64(17910), np.int64(17911)]",17912,24999,13-37-36.805352,92,calib,"17907,17908,17909,17910,17911"
95,"[np.int64(17908), np.int64(17909), np.int64(17910), np.int64(17911), np.int64(17912)]",17913,25000,13-37-36.905582,91,calib,"17908,17909,17910,17911,17912"
95,"[np.int64(17909), np.int64(17910), np.int64(17911), np.int64(17912), np.int64(17913)]",17914,25001,13-37-37.005115,87,calib,"17909,17910,17911,17912,17913"
95,"[np.int64(17910), np.int64(17911), np.int64(17912), np.int64(17913), np.int64(17914)]",17915,25002,13-37-37.105211,98,calib,"17910,17911,17912,17913,17914"
95,"[np.int64(17911), np.int64(17912), np.int64(17913), np.int64(17914), np.int64(17915)]",17916,25003,13-37-37.205302,72,calib,"17911,17912,17913,17914,17915"
95,"[np.int64(17912), np.int64(17913), np.int64(17914), np.int64(17915), np.int64(17916)]",17917,25004,13-37-37.305328,81,calib,"17912,17913,17914,17915,17916"
95,"[np.int64(17913), np.int64(17914), np.int64(17915), np.int64(17916), np.int64(17917)]",17918,25005,13-37-37.404984,82,calib,"17913,17914,17915,17916,17917"
95,"[np.int64(17914), np.int64(17915), np.int64(17916), np.int64(17917), np.int64(17918)]",17919,25006,13-37-37.504767,119,calib,"17914,17915,17916,17917,17918"
95,"[np.int64(17915), np.int64(17916), np.int64(17917), np.int64(17918), np.int64(17919)]",17920,25007,13-37-37.605576,78,calib,"17915,17916,17917,17918,17919"
95,"[np.int64(17916), np.int64(17917), np.int64(17918), np.int64(17919), np.int64(17920)]",17921,25008,13-37-37.704715,81,calib,"17916,17917,17918,17919,17920"
95,"[np.int64(17917), np.int64(17918), np.int64(17919), np.int64(17920), np.int64(17921)]",17922,25009,13-37-37.804864,124,calib,"17917,17918,17919,17920,17921"
95,"[np.int64(17918), np.int64(17919), np.int64(17920), np.int64(17921), np.int64(17922)]",17923,25010,13-37-37.904877,119,calib,"17918,17919,17920,17921,17922"
95,"[np.int64(17919), np.int64(17920), np.int64(17921), np.int64(17922), np.int64(17923)]",17924,25011,13-37-38.004704,78,calib,"17919,17920,17921,17922,17923"
95,"[np.int64(17920), np.int64(17921), np.int64(17922), np.int64(17923), np.int64(17924)]",17925,25012,13-37-38.105260,65,calib,"17920,17921,17922,17923,17924"
95,"[np.int64(17921), np.int64(17922), np.int64(17923), np.int64(17924), np.int64(17925)]",17926,25013,13-37-38.204793,13,calib,"17921,17922,17923,17924,17925"
95,"[np.int64(17922), np.int64(17923), np.int64(17924), np.int64(17925), np.int64(17926)]",17927,25014,13-37-38.304896,75,calib,"17922,17923,17924,17925,17926"
95,"[np.int64(17923), np.int64(17924), np.int64(17925), np.int64(17926), np.int64(17927)]",17928,25015,13-37-38.404972,105,calib,"17923,17924,17925,17926,17927"
95,"[np.int64(17924), np.int64(17925), np.int64(17926), np.int64(17927), np.int64(17928)]",17929,25016,13-37-38.505255,87,calib,"17924,17925,17926,17927,17928"
95,"[np.int64(17925), np.int64(17926), np.int64(17927), np.int64(17928), np.int64(17929)]",17930,25017,13-37-38.605327,84,calib,"17925,17926,17927,17928,17929"
95,"[np.int64(17926), np.int64(17927), np.int64(17928), np.int64(17929), np.int64(17930)]",17931,25018,13-37-38.704905,82,calib,"17926,17927,17928,17929,17930"
95,"[np.int64(17927), np.int64(17928), np.int64(17929), np.int64(17930), np.int64(17931)]",17932,25019,13-37-38.805091,90,calib,"17927,17928,17929,17930,17931"
95,"[np.int64(17928), np.int64(17929), np.int64(17930), np.int64(17931), np.int64(17932)]",17933,25020,13-37-38.905365,94,calib,"17928,17929,17930,17931,17932"
95,"[np.int64(17929), np.int64(17930), np.int64(17931), np.int64(17932), np.int64(17933)]",17934,25021,13-37-39.004755,92,calib,"17929,17930,17931,17932,17933"
95,"[np.int64(17930), np.int64(17931), np.int64(17932), np.int64(17933), np.int64(17934)]",17935,25022,13-37-39.105034,121,calib,"17930,17931,17932,17933,17934"
95,"[np.int64(17931), np.int64(17932), np.int64(17933), np.int64(17934), np.int64(17935)]",17936,25023,13-37-39.204876,69,calib,"17931,17932,17933,17934,17935"
95,"[np.int64(17932), np.int64(17933), np.int64(17934), np.int64(17935), np.int64(17936)]",17937,25024,13-37-39.305280,92,calib,"17932,17933,17934,17935,17936"
95,"[np.int64(17933), np.int64(17934), np.int64(17935), np.int64(17936), np.int64(17937)]",17938,25025,13-37-39.404998,86,calib,"17933,17934,17935,17936,17937"
95,"[np.int64(17934), np.int64(17935), np.int64(17936), np.int64(17937), np.int64(17938)]",17939,25026,13-37-39.504719,107,calib,"17934,17935,17936,17937,17938"
95,"[np.int64(17935), np.int64(17936), np.int64(17937), np.int64(17938), np.int64(17939)]",17940,25027,13-37-39.605068,113,calib,"17935,17936,17937,17938,17939"
95,"[np.int64(17936), np.int64(17937), np.int64(17938), np.int64(17939), np.int64(17940)]",17941,25028,13-37-39.705433,101,calib,"17936,17937,17938,17939,17940"
95,"[np.int64(17937), np.int64(17938), np.int64(17939), np.int64(17940), np.int64(17941)]",17942,25029,13-37-39.805406,73,calib,"17937,17938,17939,17940,17941"
95,"[np.int64(17938), np.int64(17939), np.int64(17940), np.int64(17941), np.int64(17942)]",17943,25030,13-37-39.905413,98,calib,"17938,17939,17940,17941,17942"
95,"[np.int64(17939), np.int64(17940), np.int64(17941), np.int64(17942), np.int64(17943)]",17944,25031,13-37-40.004852,75,calib,"17939,17940,17941,17942,17943"
95,"[np.int64(17940), np.int64(17941), np.int64(17942), np.int64(17943), np.int64(17944)]",17945,25032,13-37-40.105407,115,calib,"17940,17941,17942,17943,17944"
95,"[np.int64(17941), np.int64(17942), np.int64(17943), np.int64(17944), np.int64(17945)]",17946,25033,13-37-40.204971,119,calib,"17941,17942,17943,17944,17945"
95,"[np.int64(17942), np.int64(17943), np.int64(17944), np.int64(17945), np.int64(17946)]",17947,25034,13-37-40.305019,72,calib,"17942,17943,17944,17945,17946"
95,"[np.int64(17943), np.int64(17944), np.int64(17945), np.int64(17946), np.int64(17947)]",17948,25035,13-37-40.404762,69,calib,"17943,17944,17945,17946,17947"
95,"[np.int64(17944), np.int64(17945), np.int64(17946), np.int64(17947), np.int64(17948)]",17949,25036,13-37-40.505470,99,calib,"17944,17945,17946,17947,17948"
95,"[np.int64(17945), np.int64(17946), np.int64(17947), np.int64(17948), np.int64(17949)]",17950,25037,13-37-40.605012,72,calib,"17945,17946,17947,17948,17949"
95,"[np.int64(17946), np.int64(17947), np.int64(17948), np.int64(17949), np.int64(17950)]",17951,25038,13-37-40.704975,94,calib,"17946,17947,17948,17949,17950"
95,"[np.int64(17947), np.int64(17948), np.int64(17949), np.int64(17950), np.int64(17951)]",17952,25039,13-37-40.805232,80,calib,"17947,17948,17949,17950,17951"
95,"[np.int64(17948), np.int64(17949), np.int64(17950), np.int64(17951), np.int64(17952)]",17953,25040,13-37-40.905613,84,calib,"17948,17949,17950,17951,17952"
95,"[np.int64(17949), np.int64(17950), np.int64(17951), np.int64(17952), np.int64(17953)]",17954,25041,13-37-41.005426,85,calib,"17949,17950,17951,17952,17953"
95,"[np.int64(17950), np.int64(17951), np.int64(17952), np.int64(17953), np.int64(17954)]",17955,25042,13-37-41.105585,88,calib,"17950,17951,17952,17953,17954"
95,"[np.int64(17951), np.int64(17952), np.int64(17953), np.int64(17954), np.int64(17955)]",17956,25043,13-37-41.205610,114,calib,"17951,17952,17953,17954,17955"
95,"[np.int64(17952), np.int64(17953), np.int64(17954), np.int64(17955), np.int64(17956)]",17957,25044,13-37-41.304692,100,calib,"17952,17953,17954,17955,17956"
95,"[np.int64(17953), np.int64(17954), np.int64(17955), np.int64(17956), np.int64(17957)]",17958,25045,13-37-41.404676,78,calib,"17953,17954,17955,17956,17957"
95,"[np.int64(17954), np.int64(17955), np.int64(17956), np.int64(17957), np.int64(17958)]",17959,25046,13-37-41.504903,116,calib,"17954,17955,17956,17957,17958"
95,"[np.int64(17955), np.int64(17956), np.int64(17957), np.int64(17958), np.int64(17959)]",17960,25047,13-37-41.605677,82,calib,"17955,17956,17957,17958,17959"
95,"[np.int64(17956), np.int64(17957), np.int64(17958), np.int64(17959), np.int64(17960)]",17961,25048,13-37-41.704693,89,calib,"17956,17957,17958,17959,17960"
95,"[np.int64(17957), np.int64(17958), np.int64(17959), np.int64(17960), np.int64(17961)]",17962,25049,13-37-41.805168,72,calib,"17957,17958,17959,17960,17961"
95,"[np.int64(17958), np.int64(17959), np.int64(17960), np.int64(17961), np.int64(17962)]",17963,25050,13-37-41.905370,69,calib,"17958,17959,17960,17961,17962"
95,"[np.int64(17959), np.int64(17960), np.int64(17961), np.int64(17962), np.int64(17963)]",17964,25051,13-37-42.005435,72,calib,"17959,17960,17961,17962,17963"
95,"[np.int64(17960), np.int64(17961), np.int64(17962), np.int64(17963), np.int64(17964)]",17965,25052,13-37-42.105494,117,calib,"17960,17961,17962,17963,17964"
95,"[np.int64(17961), np.int64(17962), np.int64(17963), np.int64(17964), np.int64(17965)]",17966,25053,13-37-42.205197,103,calib,"17961,17962,17963,17964,17965"
95,"[np.int64(17962), np.int64(17963), np.int64(17964), np.int64(17965), np.int64(17966)]",17967,25054,13-37-42.305579,75,calib,"17962,17963,17964,17965,17966"
95,"[np.int64(17963), np.int64(17964), np.int64(17965), np.int64(17966), np.int64(17967)]",17968,25055,13-37-42.405668,125,calib,"17963,17964,17965,17966,17967"
95,"[np.int64(17964), np.int64(17965), np.int64(17966), np.int64(17967), np.int64(17968)]",17969,25056,13-37-42.504836,94,calib,"17964,17965,17966,17967,17968"
95,"[np.int64(17965), np.int64(17966), np.int64(17967), np.int64(17968), np.int64(17969)]",17970,25057,13-37-42.604730,126,calib,"17965,17966,17967,17968,17969"
95,"[np.int64(17966), np.int64(17967), np.int64(17968), np.int64(17969), np.int64(17970)]",17971,25058,13-37-42.705008,94,calib,"17966,17967,17968,17969,17970"
95,"[np.int64(17967), np.int64(17968), np.int64(17969), np.int64(17970), np.int64(17971)]",17972,25059,13-37-42.805080,119,calib,"17967,17968,17969,17970,17971"
95,"[np.int64(17968), np.int64(17969), np.int64(17970), np.int64(17971), np.int64(17972)]",17973,25060,13-37-42.904769,69,calib,"17968,17969,17970,17971,17972"
95,"[np.int64(17969), np.int64(17970), np.int64(17971), np.int64(17972), np.int64(17973)]",17974,25061,13-37-43.005486,69,calib,"17969,17970,17971,17972,17973"
95,"[np.int64(17970), np.int64(17971), np.int64(17972), np.int64(17973), np.int64(17974)]",17975,25062,13-37-43.104750,100,calib,"17970,17971,17972,17973,17974"
95,"[np.int64(17971), np.int64(17972), np.int64(17973), np.int64(17974), np.int64(17975)]",17976,25063,13-37-43.205522,69,calib,"17971,17972,17973,17974,17975"
95,"[np.int64(17972), np.int64(17973), np.int64(17974), np.int64(17975), np.int64(17976)]",17977,25064,13-37-43.305527,37,calib,"17972,17973,17974,17975,17976"
95,"[np.int64(17973), np.int64(17974), np.int64(17975), np.int64(17976), np.int64(17977)]",17978,25065,13-37-43.404974,58,calib,"17973,17974,17975,17976,17977"
95,"[np.int64(17974), np.int64(17975), np.int64(17976), np.int64(17977), np.int64(17978)]",17979,25066,13-37-43.505156,84,calib,"17974,17975,17976,17977,17978"
95,"[np.int64(17975), np.int64(17976), np.int64(17977), np.int64(17978), np.int64(17979)]",17980,25067,13-37-43.604647,92,calib,"17975,17976,17977,17978,17979"
95,"[np.int64(17976), np.int64(17977), np.int64(17978), np.int64(17979), np.int64(17980)]",17981,25068,13-37-43.705339,67,calib,"17976,17977,17978,17979,17980"
95,"[np.int64(17977), np.int64(17978), np.int64(17979), np.int64(17980), np.int64(17981)]",17982,25069,13-37-43.804830,93,calib,"17977,17978,17979,17980,17981"
95,"[np.int64(17978), np.int64(17979), np.int64(17980), np.int64(17981), np.int64(17982)]",17983,25070,13-37-43.905431,80,calib,"17978,17979,17980,17981,17982"
95,"[np.int64(17979), np.int64(17980), np.int64(17981), np.int64(17982), np.int64(17983)]",17984,25071,13-37-44.005666,66,calib,"17979,17980,17981,17982,17983"
95,"[np.int64(17980), np.int64(17981), np.int64(17982), np.int64(17983), np.int64(17984)]",17985,25072,13-37-44.105117,92,calib,"17980,17981,17982,17983,17984"
95,"[np.int64(17981), np.int64(17982), np.int64(17983), np.int64(17984), np.int64(17985)]",17986,25073,13-37-44.205213,75,calib,"17981,17982,17983,17984,17985"
95,"[np.int64(17982), np.int64(17983), np.int64(17984), np.int64(17985), np.int64(17986)]",17987,25074,13-37-44.305061,84,calib,"17982,17983,17984,17985,17986"
95,"[np.int64(17983), np.int64(17984), np.int64(17985), np.int64(17986), np.int64(17987)]",17988,25075,13-37-44.404994,91,calib,"17983,17984,17985,17986,17987"
95,"[np.int64(17984), np.int64(17985), np.int64(17986), np.int64(17987), np.int64(17988)]",17989,25076,13-37-44.505477,114,calib,"17984,17985,17986,17987,17988"
95,"[np.int64(17985), np.int64(17986), np.int64(17987), np.int64(17988), np.int64(17989)]",17990,25077,13-37-44.605135,100,calib,"17985,17986,17987,17988,17989"
95,"[np.int64(17986), np.int64(17987), np.int64(17988), np.int64(17989), np.int64(17990)]",17991,25078,13-37-44.705245,81,calib,"17986,17987,17988,17989,17990"
95,"[np.int64(17987), np.int64(17988), np.int64(17989), np.int64(17990), np.int64(17991)]",17992,25079,13-37-44.805625,80,calib,"17987,17988,17989,17990,17991"
95,"[np.int64(17988), np.int64(17989), np.int64(17990), np.int64(17991), np.int64(17992)]",17993,25080,13-37-44.905631,120,calib,"17988,17989,17990,17991,17992"
95,"[np.int64(17989), np.int64(17990), np.int64(17991), np.int64(17992), np.int64(17993)]",17994,25081,13-37-45.005610,87,calib,"17989,17990,17991,17992,17993"
95,"[np.int64(17990), np.int64(17991), np.int64(17992), np.int64(17993), np.int64(17994)]",17995,25082,13-37-45.104990,46,calib,"17990,17991,17992,17993,17994"
95,"[np.int64(17991), np.int64(17992), np.int64(17993), np.int64(17994), np.int64(17995)]",17996,25083,13-37-45.204677,105,calib,"17991,17992,17993,17994,17995"
95,"[np.int64(17992), np.int64(17993), np.int64(17994), np.int64(17995), np.int64(17996)]",17997,25084,13-37-45.304829,69,calib,"17992,17993,17994,17995,17996"
95,"[np.int64(17993), np.int64(17994), np.int64(17995), np.int64(17996), np.int64(17997)]",17998,25085,13-37-45.405049,102,calib,"17993,17994,17995,17996,17997"
95,"[np.int64(17994), np.int64(17995), np.int64(17996), np.int64(17997), np.int64(17998)]",17999,25086,13-37-45.505397,101,calib,"17994,17995,17996,17997,17998"
95,"[np.int64(17995), np.int64(17996), np.int64(17997), np.int64(17998), np.int64(17999)]",18000,25087,13-37-45.605221,96,calib,"17995,17996,17997,17998,17999"
95,"[np.int64(17996), np.int64(17997), np.int64(17998), np.int64(17999), np.int64(18000)]",18001,25088,13-37-45.705181,88,calib,"17996,17997,17998,17999,18000"
95,"[np.int64(17997), np.int64(17998), np.int64(17999), np.int64(18000), np.int64(18001)]",18002,25089,13-37-45.805645,82,calib,"17997,17998,17999,18000,18001"
95,"[np.int64(17998), np.int64(17999), np.int64(18000), np.int64(18001), np.int64(18002)]",18003,25090,13-37-45.905417,94,calib,"17998,17999,18000,18001,18002"
95,"[np.int64(17999), np.int64(18000), np.int64(18001), np.int64(18002), np.int64(18003)]",18004,25091,13-37-46.005064,94,calib,"17999,18000,18001,18002,18003"
95,"[np.int64(18000), np.int64(18001), np.int64(18002), np.int64(18003), np.int64(18004)]",18005,25092,13-37-46.104793,89,calib,"18000,18001,18002,18003,18004"
95,"[np.int64(18001), np.int64(18002), np.int64(18003), np.int64(18004), np.int64(18005)]",18006,25093,13-37-46.205599,75,calib,"18001,18002,18003,18004,18005"
95,"[np.int64(18002), np.int64(18003), np.int64(18004), np.int64(18005), np.int64(18006)]",18007,25094,13-37-46.305282,86,calib,"18002,18003,18004,18005,18006"
95,"[np.int64(18003), np.int64(18004), np.int64(18005), np.int64(18006), np.int64(18007)]",18008,25095,13-37-46.405273,88,calib,"18003,18004,18005,18006,18007"
95,"[np.int64(18004), np.int64(18005), np.int64(18006), np.int64(18007), np.int64(18008)]",18009,25096,13-37-46.504829,69,calib,"18004,18005,18006,18007,18008"
95,"[np.int64(18005), np.int64(18006), np.int64(18007), np.int64(18008), np.int64(18009)]",18010,25097,13-37-46.605323,94,calib,"18005,18006,18007,18008,18009"
95,"[np.int64(18006), np.int64(18007), np.int64(18008), np.int64(18009), np.int64(18010)]",18011,25098,13-37-46.705121,120,calib,"18006,18007,18008,18009,18010"
95,"[np.int64(18007), np.int64(18008), np.int64(18009), np.int64(18010), np.int64(18011)]",18012,25099,13-37-46.805188,78,calib,"18007,18008,18009,18010,18011"
95,"[np.int64(18008), np.int64(18009), np.int64(18010), np.int64(18011), np.int64(18012)]",18013,25100,13-37-46.904727,103,calib,"18008,18009,18010,18011,18012"
95,"[np.int64(18009), np.int64(18010), np.int64(18011), np.int64(18012), np.int64(18013)]",18014,25101,13-37-47.004968,84,calib,"18009,18010,18011,18012,18013"
95,"[np.int64(18010), np.int64(18011), np.int64(18012), np.int64(18013), np.int64(18014)]",18015,25102,13-37-47.104944,102,calib,"18010,18011,18012,18013,18014"
95,"[np.int64(18011), np.int64(18012), np.int64(18013), np.int64(18014), np.int64(18015)]",18016,25103,13-37-47.204954,113,calib,"18011,18012,18013,18014,18015"
95,"[np.int64(18012), np.int64(18013), np.int64(18014), np.int64(18015), np.int64(18016)]",18017,25104,13-37-47.305263,120,calib,"18012,18013,18014,18015,18016"
95,"[np.int64(18013), np.int64(18014), np.int64(18015), np.int64(18016), np.int64(18017)]",18018,25105,13-37-47.404665,92,calib,"18013,18014,18015,18016,18017"
95,"[np.int64(18014), np.int64(18015), np.int64(18016), np.int64(18017), np.int64(18018)]",18019,25106,13-37-47.505698,123,calib,"18014,18015,18016,18017,18018"
95,"[np.int64(18015), np.int64(18016), np.int64(18017), np.int64(18018), np.int64(18019)]",18020,25107,13-37-47.605243,72,calib,"18015,18016,18017,18018,18019"
95,"[np.int64(18016), np.int64(18017), np.int64(18018), np.int64(18019), np.int64(18020)]",18021,25108,13-37-47.704901,89,calib,"18016,18017,18018,18019,18020"
95,"[np.int64(18017), np.int64(18018), np.int64(18019), np.int64(18020), np.int64(18021)]",18022,25109,13-37-47.805157,85,calib,"18017,18018,18019,18020,18021"
95,"[np.int64(18018), np.int64(18019), np.int64(18020), np.int64(18021), np.int64(18022)]",18023,25110,13-37-47.905390,101,calib,"18018,18019,18020,18021,18022"
95,"[np.int64(18019), np.int64(18020), np.int64(18021), np.int64(18022), np.int64(18023)]",18024,25111,13-37-48.005426,123,calib,"18019,18020,18021,18022,18023"
95,"[np.int64(18020), np.int64(18021), np.int64(18022), np.int64(18023), np.int64(18024)]",18025,25112,13-37-48.105625,89,calib,"18020,18021,18022,18023,18024"
95,"[np.int64(18021), np.int64(18022), np.int64(18023), np.int64(18024), np.int64(18025)]",18026,25113,13-37-48.204792,102,calib,"18021,18022,18023,18024,18025"
95,"[np.int64(18022), np.int64(18023), np.int64(18024), np.int64(18025), np.int64(18026)]",18027,25114,13-37-48.304829,120,calib,"18022,18023,18024,18025,18026"
95,"[np.int64(18023), np.int64(18024), np.int64(18025), np.int64(18026), np.int64(18027)]",18028,25115,13-37-48.405364,83,calib,"18023,18024,18025,18026,18027"
95,"[np.int64(18024), np.int64(18025), np.int64(18026), np.int64(18027), np.int64(18028)]",18029,25116,13-37-48.505624,97,calib,"18024,18025,18026,18027,18028"
95,"[np.int64(18025), np.int64(18026), np.int64(18027), np.int64(18028), np.int64(18029)]",18030,25117,13-37-48.605670,102,calib,"18025,18026,18027,18028,18029"
95,"[np.int64(18026), np.int64(18027), np.int64(18028), np.int64(18029), np.int64(18030)]",18031,25118,13-37-48.704664,82,calib,"18026,18027,18028,18029,18030"
95,"[np.int64(18027), np.int64(18028), np.int64(18029), np.int64(18030), np.int64(18031)]",18032,25119,13-37-48.805636,79,calib,"18027,18028,18029,18030,18031"
95,"[np.int64(18028), np.int64(18029), np.int64(18030), np.int64(18031), np.int64(18032)]",18033,25120,13-37-48.904899,126,calib,"18028,18029,18030,18031,18032"
95,"[np.int64(18029), np.int64(18030), np.int64(18031), np.int64(18032), np.int64(18033)]",18034,25121,13-37-49.005674,86,calib,"18029,18030,18031,18032,18033"
95,"[np.int64(18030), np.int64(18031), np.int64(18032), np.int64(18033), np.int64(18034)]",18035,25122,13-37-49.104687,84,calib,"18030,18031,18032,18033,18034"
95,"[np.int64(18031), np.int64(18032), np.int64(18033), np.int64(18034), np.int64(18035)]",18036,25123,13-37-49.205035,85,calib,"18031,18032,18033,18034,18035"
95,"[np.int64(18032), np.int64(18033), np.int64(18034), np.int64(18035), np.int64(18036)]",18037,25124,13-37-49.305670,121,calib,"18032,18033,18034,18035,18036"
95,"[np.int64(18033), np.int64(18034), np.int64(18035), np.int64(18036), np.int64(18037)]",18038,25125,13-37-49.405272,100,calib,"18033,18034,18035,18036,18037"
95,"[np.int64(18034), np.int64(18035), np.int64(18036), np.int64(18037), np.int64(18038)]",18039,25126,13-37-49.504811,114,calib,"18034,18035,18036,18037,18038"
95,"[np.int64(18035), np.int64(18036), np.int64(18037), np.int64(18038), np.int64(18039)]",18040,25127,13-37-49.605014,121,calib,"18035,18036,18037,18038,18039"
95,"[np.int64(18036), np.int64(18037), np.int64(18038), np.int64(18039), np.int64(18040)]",18041,25128,13-37-49.704808,84,calib,"18036,18037,18038,18039,18040"
95,"[np.int64(18037), np.int64(18038), np.int64(18039), np.int64(18040), np.int64(18041)]",18042,25129,13-37-49.805251,92,calib,"18037,18038,18039,18040,18041"
95,"[np.int64(18038), np.int64(18039), np.int64(18040), np.int64(18041), np.int64(18042)]",18043,25130,13-37-49.905447,92,calib,"18038,18039,18040,18041,18042"
95,"[np.int64(18039), np.int64(18040), np.int64(18041), np.int64(18042), np.int64(18043)]",18044,25131,13-37-50.004750,94,calib,"18039,18040,18041,18042,18043"
95,"[np.int64(18040), np.int64(18041), np.int64(18042), np.int64(18043), np.int64(18044)]",18045,25132,13-37-50.104995,75,calib,"18040,18041,18042,18043,18044"
95,"[np.int64(18041), np.int64(18042), np.int64(18043), np.int64(18044), np.int64(18045)]",18046,25133,13-37-50.205418,35,calib,"18041,18042,18043,18044,18045"
95,"[np.int64(18042), np.int64(18043), np.int64(18044), np.int64(18045), np.int64(18046)]",18047,25134,13-37-50.305171,110,calib,"18042,18043,18044,18045,18046"
95,"[np.int64(18043), np.int64(18044), np.int64(18045), np.int64(18046), np.int64(18047)]",18048,25135,13-37-50.405644,112,calib,"18043,18044,18045,18046,18047"
95,"[np.int64(18044), np.int64(18045), np.int64(18046), np.int64(18047), np.int64(18048)]",18049,25136,13-37-50.505013,75,calib,"18044,18045,18046,18047,18048"
95,"[np.int64(18045), np.int64(18046), np.int64(18047), np.int64(18048), np.int64(18049)]",18050,25137,13-37-50.604684,117,calib,"18045,18046,18047,18048,18049"
95,"[np.int64(18046), np.int64(18047), np.int64(18048), np.int64(18049), np.int64(18050)]",18051,25138,13-37-50.704881,75,calib,"18046,18047,18048,18049,18050"
95,"[np.int64(18047), np.int64(18048), np.int64(18049), np.int64(18050), np.int64(18051)]",18052,25139,13-37-50.805541,74,calib,"18047,18048,18049,18050,18051"
95,"[np.int64(18048), np.int64(18049), np.int64(18050), np.int64(18051), np.int64(18052)]",18053,25140,13-37-50.905251,94,calib,"18048,18049,18050,18051,18052"
95,"[np.int64(18049), np.int64(18050), np.int64(18051), np.int64(18052), np.int64(18053)]",18054,25141,13-37-51.005371,85,calib,"18049,18050,18051,18052,18053"
95,"[np.int64(18050), np.int64(18051), np.int64(18052), np.int64(18053), np.int64(18054)]",18055,25142,13-37-51.105224,82,calib,"18050,18051,18052,18053,18054"
95,"[np.int64(18051), np.int64(18052), np.int64(18053), np.int64(18054), np.int64(18055)]",18056,25143,13-37-51.205239,94,calib,"18051,18052,18053,18054,18055"
95,"[np.int64(18052), np.int64(18053), np.int64(18054), np.int64(18055), np.int64(18056)]",18057,25144,13-37-51.305006,72,calib,"18052,18053,18054,18055,18056"
95,"[np.int64(18053), np.int64(18054), np.int64(18055), np.int64(18056), np.int64(18057)]",18058,25145,13-37-51.404967,101,calib,"18053,18054,18055,18056,18057"
95,"[np.int64(18054), np.int64(18055), np.int64(18056), np.int64(18057), np.int64(18058)]",18059,25146,13-37-51.505021,110,calib,"18054,18055,18056,18057,18058"
95,"[np.int64(18055), np.int64(18056), np.int64(18057), np.int64(18058), np.int64(18059)]",18060,25147,13-37-51.605563,110,calib,"18055,18056,18057,18058,18059"
95,"[np.int64(18056), np.int64(18057), np.int64(18058), np.int64(18059), np.int64(18060)]",18061,25148,13-37-51.704824,120,calib,"18056,18057,18058,18059,18060"
95,"[np.int64(18057), np.int64(18058), np.int64(18059), np.int64(18060), np.int64(18061)]",18062,25149,13-37-51.805006,100,calib,"18057,18058,18059,18060,18061"
95,"[np.int64(18058), np.int64(18059), np.int64(18060), np.int64(18061), np.int64(18062)]",18063,25150,13-37-51.905651,114,calib,"18058,18059,18060,18061,18062"
95,"[np.int64(18059), np.int64(18060), np.int64(18061), np.int64(18062), np.int64(18063)]",18064,25151,13-37-52.005623,121,calib,"18059,18060,18061,18062,18063"
95,"[np.int64(18060), np.int64(18061), np.int64(18062), np.int64(18063), np.int64(18064)]",18065,25152,13-37-52.105041,92,calib,"18060,18061,18062,18063,18064"
95,"[np.int64(18061), np.int64(18062), np.int64(18063), np.int64(18064), np.int64(18065)]",18066,25153,13-37-52.205016,5,calib,"18061,18062,18063,18064,18065"
95,"[np.int64(18062), np.int64(18063), np.int64(18064), np.int64(18065), np.int64(18066)]",18067,25154,13-37-52.305010,35,calib,"18062,18063,18064,18065,18066"
95,"[np.int64(18063), np.int64(18064), np.int64(18065), np.int64(18066), np.int64(18067)]",18068,25155,13-37-52.404834,35,calib,"18063,18064,18065,18066,18067"
95,"[np.int64(18064), np.int64(18065), np.int64(18066), np.int64(18067), np.int64(18068)]",18069,25156,13-37-52.505623,34,calib,"18064,18065,18066,18067,18068"
95,"[np.int64(18065), np.int64(18066), np.int64(18067), np.int64(18068), np.int64(18069)]",18070,25157,13-37-52.605449,77,calib,"18065,18066,18067,18068,18069"
95,"[np.int64(18066), np.int64(18067), np.int64(18068), np.int64(18069), np.int64(18070)]",18071,25158,13-37-52.704901,36,calib,"18066,18067,18068,18069,18070"
95,"[np.int64(18067), np.int64(18068), np.int64(18069), np.int64(18070), np.int64(18071)]",18072,25159,13-37-52.805172,35,calib,"18067,18068,18069,18070,18071"
95,"[np.int64(18068), np.int64(18069), np.int64(18070), np.int64(18071), np.int64(18072)]",18073,25160,13-37-52.905423,36,calib,"18068,18069,18070,18071,18072"
95,"[np.int64(18069), np.int64(18070), np.int64(18071), np.int64(18072), np.int64(18073)]",18074,25161,13-37-53.005609,124,calib,"18069,18070,18071,18072,18073"
95,"[np.int64(18070), np.int64(18071), np.int64(18072), np.int64(18073), np.int64(18074)]",18075,25162,13-37-53.105476,92,calib,"18070,18071,18072,18073,18074"
95,"[np.int64(18071), np.int64(18072), np.int64(18073), np.int64(18074), np.int64(18075)]",18076,25163,13-37-53.205012,33,calib,"18071,18072,18073,18074,18075"
95,"[np.int64(18072), np.int64(18073), np.int64(18074), np.int64(18075), np.int64(18076)]",18077,25164,13-37-53.304813,37,calib,"18072,18073,18074,18075,18076"
95,"[np.int64(18073), np.int64(18074), np.int64(18075), np.int64(18076), np.int64(18077)]",18078,25165,13-37-53.404687,34,calib,"18073,18074,18075,18076,18077"
95,"[np.int64(18074), np.int64(18075), np.int64(18076), np.int64(18077), np.int64(18078)]",18079,25166,13-37-53.504920,81,calib,"18074,18075,18076,18077,18078"
95,"[np.int64(18075), np.int64(18076), np.int64(18077), np.int64(18078), np.int64(18079)]",18080,25167,13-37-53.605257,75,calib,"18075,18076,18077,18078,18079"
95,"[np.int64(18076), np.int64(18077), np.int64(18078), np.int64(18079), np.int64(18080)]",18081,25168,13-37-53.705408,125,calib,"18076,18077,18078,18079,18080"
95,"[np.int64(18077), np.int64(18078), np.int64(18079), np.int64(18080), np.int64(18081)]",18082,25169,13-37-53.805250,36,calib,"18077,18078,18079,18080,18081"
95,"[np.int64(18078), np.int64(18079), np.int64(18080), np.int64(18081), np.int64(18082)]",18083,25170,13-37-53.904770,102,calib,"18078,18079,18080,18081,18082"
95,"[np.int64(18079), np.int64(18080), np.int64(18081), np.int64(18082), np.int64(18083)]",18084,25171,13-37-54.005084,94,calib,"18079,18080,18081,18082,18083"
95,"[np.int64(18080), np.int64(18081), np.int64(18082), np.int64(18083), np.int64(18084)]",18085,25172,13-37-54.104972,76,calib,"18080,18081,18082,18083,18084"
95,"[np.int64(18081), np.int64(18082), np.int64(18083), np.int64(18084), np.int64(18085)]",18086,25173,13-37-54.204802,102,calib,"18081,18082,18083,18084,18085"
95,"[np.int64(18082), np.int64(18083), np.int64(18084), np.int64(18085), np.int64(18086)]",18087,25174,13-37-54.305375,102,calib,"18082,18083,18084,18085,18086"
95,"[np.int64(18083), np.int64(18084), np.int64(18085), np.int64(18086), np.int64(18087)]",18088,25175,13-37-54.405322,103,calib,"18083,18084,18085,18086,18087"
95,"[np.int64(18084), np.int64(18085), np.int64(18086), np.int64(18087), np.int64(18088)]",18089,25176,13-37-54.505182,100,calib,"18084,18085,18086,18087,18088"
95,"[np.int64(18085), np.int64(18086), np.int64(18087), np.int64(18088), np.int64(18089)]",18090,25177,13-37-54.604662,78,calib,"18085,18086,18087,18088,18089"
95,"[np.int64(18086), np.int64(18087), np.int64(18088), np.int64(18089), np.int64(18090)]",18091,25178,13-37-54.705000,123,calib,"18086,18087,18088,18089,18090"
95,"[np.int64(18087), np.int64(18088), np.int64(18089), np.int64(18090), np.int64(18091)]",18092,25179,13-37-54.805671,100,calib,"18087,18088,18089,18090,18091"
95,"[np.int64(18088), np.int64(18089), np.int64(18090), np.int64(18091), np.int64(18092)]",18093,25180,13-37-54.905258,121,calib,"18088,18089,18090,18091,18092"
95,"[np.int64(18089), np.int64(18090), np.int64(18091), np.int64(18092), np.int64(18093)]",18094,25181,13-37-55.005444,72,calib,"18089,18090,18091,18092,18093"
95,"[np.int64(18090), np.int64(18091), np.int64(18092), np.int64(18093), np.int64(18094)]",18095,25182,13-37-55.105590,75,calib,"18090,18091,18092,18093,18094"
95,"[np.int64(18091), np.int64(18092), np.int64(18093), np.int64(18094), np.int64(18095)]",18096,25183,13-37-55.205040,74,calib,"18091,18092,18093,18094,18095"
95,"[np.int64(18092), np.int64(18093), np.int64(18094), np.int64(18095), np.int64(18096)]",18097,25184,13-37-55.304931,36,calib,"18092,18093,18094,18095,18096"
95,"[np.int64(18093), np.int64(18094), np.int64(18095), np.int64(18096), np.int64(18097)]",18098,25185,13-37-55.405389,112,calib,"18093,18094,18095,18096,18097"
95,"[np.int64(18094), np.int64(18095), np.int64(18096), np.int64(18097), np.int64(18098)]",18099,25186,13-37-55.504782,35,calib,"18094,18095,18096,18097,18098"
95,"[np.int64(18095), np.int64(18096), np.int64(18097), np.int64(18098), np.int64(18099)]",18100,25187,13-37-55.605043,36,calib,"18095,18096,18097,18098,18099"
95,"[np.int64(18096), np.int64(18097), np.int64(18098), np.int64(18099), np.int64(18100)]",18101,25188,13-37-55.705055,73,calib,"18096,18097,18098,18099,18100"
95,"[np.int64(18097), np.int64(18098), np.int64(18099), np.int64(18100), np.int64(18101)]",18102,25189,13-37-55.804759,36,calib,"18097,18098,18099,18100,18101"
95,"[np.int64(18098), np.int64(18099), np.int64(18100), np.int64(18101), np.int64(18102)]",18103,25190,13-37-55.905041,35,calib,"18098,18099,18100,18101,18102"
95,"[np.int64(18099), np.int64(18100), np.int64(18101), np.int64(18102), np.int64(18103)]",18104,25191,13-37-56.004722,33,calib,"18099,18100,18101,18102,18103"
95,"[np.int64(18100), np.int64(18101), np.int64(18102), np.int64(18103), np.int64(18104)]",18105,25192,13-37-56.105156,36,calib,"18100,18101,18102,18103,18104"
95,"[np.int64(18101), np.int64(18102), np.int64(18103), np.int64(18104), np.int64(18105)]",18106,25193,13-37-56.205397,88,calib,"18101,18102,18103,18104,18105"
95,"[np.int64(18102), np.int64(18103), np.int64(18104), np.int64(18105), np.int64(18106)]",18107,25194,13-37-56.305280,74,calib,"18102,18103,18104,18105,18106"
95,"[np.int64(18103), np.int64(18104), np.int64(18105), np.int64(18106), np.int64(18107)]",18108,25195,13-37-56.404936,35,calib,"18103,18104,18105,18106,18107"
95,"[np.int64(18104), np.int64(18105), np.int64(18106), np.int64(18107), np.int64(18108)]",18109,25196,13-37-56.505499,93,calib,"18104,18105,18106,18107,18108"
95,"[np.int64(18105), np.int64(18106), np.int64(18107), np.int64(18108), np.int64(18109)]",18110,25197,13-37-56.605357,33,calib,"18105,18106,18107,18108,18109"
95,"[np.int64(18106), np.int64(18107), np.int64(18108), np.int64(18109), np.int64(18110)]",18111,25198,13-37-56.704793,125,calib,"18106,18107,18108,18109,18110"
95,"[np.int64(18107), np.int64(18108), np.int64(18109), np.int64(18110), np.int64(18111)]",18112,25199,13-37-56.804977,85,calib,"18107,18108,18109,18110,18111"
95,"[np.int64(18108), np.int64(18109), np.int64(18110), np.int64(18111), np.int64(18112)]",18113,25200,13-37-56.905430,89,calib,"18108,18109,18110,18111,18112"
95,"[np.int64(18109), np.int64(18110), np.int64(18111), np.int64(18112), np.int64(18113)]",18114,25201,13-37-57.005254,86,calib,"18109,18110,18111,18112,18113"
95,"[np.int64(18110), np.int64(18111), np.int64(18112), np.int64(18113), np.int64(18114)]",18115,25202,13-37-57.105130,110,calib,"18110,18111,18112,18113,18114"
95,"[np.int64(18111), np.int64(18112), np.int64(18113), np.int64(18114), np.int64(18115)]",18116,25203,13-37-57.205592,75,calib,"18111,18112,18113,18114,18115"
95,"[np.int64(18112), np.int64(18113), np.int64(18114), np.int64(18115), np.int64(18116)]",18117,25204,13-37-57.305254,36,calib,"18112,18113,18114,18115,18116"
95,"[np.int64(18113), np.int64(18114), np.int64(18115), np.int64(18116), np.int64(18117)]",18118,25205,13-37-57.405046,80,calib,"18113,18114,18115,18116,18117"
95,"[np.int64(18114), np.int64(18115), np.int64(18116), np.int64(18117), np.int64(18118)]",18119,25206,13-37-57.504818,33,calib,"18114,18115,18116,18117,18118"
95,"[np.int64(18115), np.int64(18116), np.int64(18117), np.int64(18118), np.int64(18119)]",18120,25207,13-37-57.605046,79,calib,"18115,18116,18117,18118,18119"
95,"[np.int64(18116), np.int64(18117), np.int64(18118), np.int64(18119), np.int64(18120)]",18121,25208,13-37-57.705048,100,calib,"18116,18117,18118,18119,18120"
95,"[np.int64(18117), np.int64(18118), np.int64(18119), np.int64(18120), np.int64(18121)]",18122,25209,13-37-57.805641,92,calib,"18117,18118,18119,18120,18121"
95,"[np.int64(18118), np.int64(18119), np.int64(18120), np.int64(18121), np.int64(18122)]",18123,25210,13-37-57.904806,73,calib,"18118,18119,18120,18121,18122"
95,"[np.int64(18119), np.int64(18120), np.int64(18121), np.int64(18122), np.int64(18123)]",18124,25211,13-37-58.006465,107,calib,"18119,18120,18121,18122,18123"
95,"[np.int64(18120), np.int64(18121), np.int64(18122), np.int64(18123), np.int64(18124)]",18125,25212,13-37-58.104881,81,calib,"18120,18121,18122,18123,18124"
95,"[np.int64(18121), np.int64(18122), np.int64(18123), np.int64(18124), np.int64(18125)]",18126,25213,13-37-58.204723,77,calib,"18121,18122,18123,18124,18125"
95,"[np.int64(18122), np.int64(18123), np.int64(18124), np.int64(18125), np.int64(18126)]",18127,25214,13-37-58.305047,79,calib,"18122,18123,18124,18125,18126"
95,"[np.int64(18123), np.int64(18124), np.int64(18125), np.int64(18126), np.int64(18127)]",18128,25215,13-37-58.405085,93,calib,"18123,18124,18125,18126,18127"
95,"[np.int64(18124), np.int64(18125), np.int64(18126), np.int64(18127), np.int64(18128)]",18129,25216,13-37-58.504698,123,calib,"18124,18125,18126,18127,18128"
95,"[np.int64(18125), np.int64(18126), np.int64(18127), np.int64(18128), np.int64(18129)]",18130,25217,13-37-58.605436,124,calib,"18125,18126,18127,18128,18129"
95,"[np.int64(18126), np.int64(18127), np.int64(18128), np.int64(18129), np.int64(18130)]",18131,25218,13-37-58.705447,86,calib,"18126,18127,18128,18129,18130"
95,"[np.int64(18127), np.int64(18128), np.int64(18129), np.int64(18130), np.int64(18131)]",18132,25219,13-37-58.805473,65,calib,"18127,18128,18129,18130,18131"
95,"[np.int64(18128), np.int64(18129), np.int64(18130), np.int64(18131), np.int64(18132)]",18133,25220,13-37-58.904892,77,calib,"18128,18129,18130,18131,18132"
95,"[np.int64(18129), np.int64(18130), np.int64(18131), np.int64(18132), np.int64(18133)]",18134,25221,13-37-59.004913,21,calib,"18129,18130,18131,18132,18133"
95,"[np.int64(18130), np.int64(18131), np.int64(18132), np.int64(18133), np.int64(18134)]",18135,25222,13-37-59.105182,112,calib,"18130,18131,18132,18133,18134"
95,"[np.int64(18131), np.int64(18132), np.int64(18133), np.int64(18134), np.int64(18135)]",18136,25223,13-37-59.205025,110,calib,"18131,18132,18133,18134,18135"
95,"[np.int64(18132), np.int64(18133), np.int64(18134), np.int64(18135), np.int64(18136)]",18137,25224,13-37-59.305335,69,calib,"18132,18133,18134,18135,18136"
95,"[np.int64(18133), np.int64(18134), np.int64(18135), np.int64(18136), np.int64(18137)]",18138,25225,13-37-59.405633,117,calib,"18133,18134,18135,18136,18137"
95,"[np.int64(18134), np.int64(18135), np.int64(18136), np.int64(18137), np.int64(18138)]",18139,25226,13-37-59.505416,125,calib,"18134,18135,18136,18137,18138"
95,"[np.int64(18135), np.int64(18136), np.int64(18137), np.int64(18138), np.int64(18139)]",18140,25227,13-37-59.604814,78,calib,"18135,18136,18137,18138,18139"
95,"[np.int64(18136), np.int64(18137), np.int64(18138), np.int64(18139), np.int64(18140)]",18141,25228,13-37-59.704668,86,calib,"18136,18137,18138,18139,18140"
95,"[np.int64(18137), np.int64(18138), np.int64(18139), np.int64(18140), np.int64(18141)]",18142,25229,13-37-59.805410,112,calib,"18137,18138,18139,18140,18141"
95,"[np.int64(18138), np.int64(18139), np.int64(18140), np.int64(18141), np.int64(18142)]",18143,25230,13-37-59.904770,75,calib,"18138,18139,18140,18141,18142"
95,"[np.int64(18139), np.int64(18140), np.int64(18141), np.int64(18142), np.int64(18143)]",18144,25231,13-38-00.005150,72,calib,"18139,18140,18141,18142,18143"
95,"[np.int64(18140), np.int64(18141), np.int64(18142), np.int64(18143), np.int64(18144)]",18145,25232,13-38-00.104816,94,calib,"18140,18141,18142,18143,18144"
95,"[np.int64(18141), np.int64(18142), np.int64(18143), np.int64(18144), np.int64(18145)]",18146,25233,13-38-00.205281,36,calib,"18141,18142,18143,18144,18145"
95,"[np.int64(18142), np.int64(18143), np.int64(18144), np.int64(18145), np.int64(18146)]",18147,25234,13-38-00.304834,14,calib,"18142,18143,18144,18145,18146"
95,"[np.int64(18143), np.int64(18144), np.int64(18145), np.int64(18146), np.int64(18147)]",18148,25235,13-38-00.404651,69,calib,"18143,18144,18145,18146,18147"
95,"[np.int64(18144), np.int64(18145), np.int64(18146), np.int64(18147), np.int64(18148)]",18149,25236,13-38-00.504992,35,calib,"18144,18145,18146,18147,18148"
95,"[np.int64(18145), np.int64(18146), np.int64(18147), np.int64(18148), np.int64(18149)]",18150,25237,13-38-00.605230,84,calib,"18145,18146,18147,18148,18149"
95,"[np.int64(18146), np.int64(18147), np.int64(18148), np.int64(18149), np.int64(18150)]",18151,25238,13-38-00.705486,81,calib,"18146,18147,18148,18149,18150"
95,"[np.int64(18147), np.int64(18148), np.int64(18149), np.int64(18150), np.int64(18151)]",18152,25239,13-38-00.805235,68,calib,"18147,18148,18149,18150,18151"
95,"[np.int64(18148), np.int64(18149), np.int64(18150), np.int64(18151), np.int64(18152)]",18153,25240,13-38-00.905484,81,calib,"18148,18149,18150,18151,18152"
95,"[np.int64(18149), np.int64(18150), np.int64(18151), np.int64(18152), np.int64(18153)]",18154,25241,13-38-01.005058,125,calib,"18149,18150,18151,18152,18153"
95,"[np.int64(18150), np.int64(18151), np.int64(18152), np.int64(18153), np.int64(18154)]",18155,25242,13-38-01.105042,82,calib,"18150,18151,18152,18153,18154"
95,"[np.int64(18151), np.int64(18152), np.int64(18153), np.int64(18154), np.int64(18155)]",18156,25243,13-38-01.205321,123,calib,"18151,18152,18153,18154,18155"
95,"[np.int64(18152), np.int64(18153), np.int64(18154), np.int64(18155), np.int64(18156)]",18157,25244,13-38-01.305435,107,calib,"18152,18153,18154,18155,18156"
95,"[np.int64(18153), np.int64(18154), np.int64(18155), np.int64(18156), np.int64(18157)]",18158,25245,13-38-01.405112,125,calib,"18153,18154,18155,18156,18157"
95,"[np.int64(18154), np.int64(18155), np.int64(18156), np.int64(18157), np.int64(18158)]",18159,25246,13-38-01.505470,121,calib,"18154,18155,18156,18157,18158"
95,"[np.int64(18155), np.int64(18156), np.int64(18157), np.int64(18158), np.int64(18159)]",18160,25247,13-38-01.605027,35,calib,"18155,18156,18157,18158,18159"
95,"[np.int64(18156), np.int64(18157), np.int64(18158), np.int64(18159), np.int64(18160)]",18161,25248,13-38-01.705472,87,calib,"18156,18157,18158,18159,18160"
95,"[np.int64(18157), np.int64(18158), np.int64(18159), np.int64(18160), np.int64(18161)]",18162,25249,13-38-01.804750,93,calib,"18157,18158,18159,18160,18161"
95,"[np.int64(18158), np.int64(18159), np.int64(18160), np.int64(18161), np.int64(18162)]",18163,25250,13-38-01.904969,72,calib,"18158,18159,18160,18161,18162"
95,"[np.int64(18159), np.int64(18160), np.int64(18161), np.int64(18162), np.int64(18163)]",18164,25251,13-38-02.005565,67,calib,"18159,18160,18161,18162,18163"
95,"[np.int64(18160), np.int64(18161), np.int64(18162), np.int64(18163), np.int64(18164)]",18165,25252,13-38-02.105058,34,calib,"18160,18161,18162,18163,18164"
95,"[np.int64(18161), np.int64(18162), np.int64(18163), np.int64(18164), np.int64(18165)]",18166,25253,13-38-02.205066,86,calib,"18161,18162,18163,18164,18165"
95,"[np.int64(18162), np.int64(18163), np.int64(18164), np.int64(18165), np.int64(18166)]",18167,25254,13-38-02.304662,33,calib,"18162,18163,18164,18165,18166"
95,"[np.int64(18163), np.int64(18164), np.int64(18165), np.int64(18166), np.int64(18167)]",18168,25255,13-38-02.405256,113,calib,"18163,18164,18165,18166,18167"
95,"[np.int64(18164), np.int64(18165), np.int64(18166), np.int64(18167), np.int64(18168)]",18169,25256,13-38-02.504826,76,calib,"18164,18165,18166,18167,18168"
95,"[np.int64(18165), np.int64(18166), np.int64(18167), np.int64(18168), np.int64(18169)]",18170,25257,13-38-02.605484,112,calib,"18165,18166,18167,18168,18169"
95,"[np.int64(18166), np.int64(18167), np.int64(18168), np.int64(18169), np.int64(18170)]",18171,25258,13-38-02.704999,80,calib,"18166,18167,18168,18169,18170"
95,"[np.int64(18167), np.int64(18168), np.int64(18169), np.int64(18170), np.int64(18171)]",18172,25259,13-38-02.805669,35,calib,"18167,18168,18169,18170,18171"
95,"[np.int64(18168), np.int64(18169), np.int64(18170), np.int64(18171), np.int64(18172)]",18173,25260,13-38-02.905564,81,calib,"18168,18169,18170,18171,18172"
95,"[np.int64(18169), np.int64(18170), np.int64(18171), np.int64(18172), np.int64(18173)]",18174,25261,13-38-03.005328,94,calib,"18169,18170,18171,18172,18173"
95,"[np.int64(18170), np.int64(18171), np.int64(18172), np.int64(18173), np.int64(18174)]",18175,25262,13-38-03.105408,92,calib,"18170,18171,18172,18173,18174"
95,"[np.int64(18171), np.int64(18172), np.int64(18173), np.int64(18174), np.int64(18175)]",18176,25263,13-38-03.204848,84,calib,"18171,18172,18173,18174,18175"
95,"[np.int64(18172), np.int64(18173), np.int64(18174), np.int64(18175), np.int64(18176)]",18177,25264,13-38-03.305501,79,calib,"18172,18173,18174,18175,18176"
95,"[np.int64(18173), np.int64(18174), np.int64(18175), np.int64(18176), np.int64(18177)]",18178,25265,13-38-03.405556,106,calib,"18173,18174,18175,18176,18177"
95,"[np.int64(18174), np.int64(18175), np.int64(18176), np.int64(18177), np.int64(18178)]",18179,25266,13-38-03.505265,67,calib,"18174,18175,18176,18177,18178"
95,"[np.int64(18175), np.int64(18176), np.int64(18177), np.int64(18178), np.int64(18179)]",18180,25267,13-38-03.604752,80,calib,"18175,18176,18177,18178,18179"
95,"[np.int64(18176), np.int64(18177), np.int64(18178), np.int64(18179), np.int64(18180)]",18181,25268,13-38-03.705264,75,calib,"18176,18177,18178,18179,18180"
95,"[np.int64(18177), np.int64(18178), np.int64(18179), np.int64(18180), np.int64(18181)]",18182,25269,13-38-03.805302,115,calib,"18177,18178,18179,18180,18181"
95,"[np.int64(18178), np.int64(18179), np.int64(18180), np.int64(18181), np.int64(18182)]",18183,25270,13-38-03.905257,107,calib,"18178,18179,18180,18181,18182"
95,"[np.int64(18179), np.int64(18180), np.int64(18181), np.int64(18182), np.int64(18183)]",18184,25271,13-38-04.005573,73,calib,"18179,18180,18181,18182,18183"
95,"[np.int64(18180), np.int64(18181), np.int64(18182), np.int64(18183), np.int64(18184)]",18185,25272,13-38-04.105202,125,calib,"18180,18181,18182,18183,18184"
95,"[np.int64(18181), np.int64(18182), np.int64(18183), np.int64(18184), np.int64(18185)]",18186,25273,13-38-04.205535,104,calib,"18181,18182,18183,18184,18185"
95,"[np.int64(18182), np.int64(18183), np.int64(18184), np.int64(18185), np.int64(18186)]",18187,25274,13-38-04.304779,76,calib,"18182,18183,18184,18185,18186"
95,"[np.int64(18183), np.int64(18184), np.int64(18185), np.int64(18186), np.int64(18187)]",18188,25275,13-38-04.404888,78,calib,"18183,18184,18185,18186,18187"
95,"[np.int64(18184), np.int64(18185), np.int64(18186), np.int64(18187), np.int64(18188)]",18189,25276,13-38-04.505629,88,calib,"18184,18185,18186,18187,18188"
95,"[np.int64(18185), np.int64(18186), np.int64(18187), np.int64(18188), np.int64(18189)]",18190,25277,13-38-04.604651,75,calib,"18185,18186,18187,18188,18189"
95,"[np.int64(18186), np.int64(18187), np.int64(18188), np.int64(18189), np.int64(18190)]",18191,25278,13-38-04.705517,73,calib,"18186,18187,18188,18189,18190"
95,"[np.int64(18187), np.int64(18188), np.int64(18189), np.int64(18190), np.int64(18191)]",18192,25279,13-38-04.805432,80,calib,"18187,18188,18189,18190,18191"
95,"[np.int64(18188), np.int64(18189), np.int64(18190), np.int64(18191), np.int64(18192)]",18193,25280,13-38-04.905302,76,calib,"18188,18189,18190,18191,18192"
95,"[np.int64(18189), np.int64(18190), np.int64(18191), np.int64(18192), np.int64(18193)]",18194,25281,13-38-05.005250,75,calib,"18189,18190,18191,18192,18193"
95,"[np.int64(18190), np.int64(18191), np.int64(18192), np.int64(18193), np.int64(18194)]",18195,25282,13-38-05.105493,68,calib,"18190,18191,18192,18193,18194"
95,"[np.int64(18191), np.int64(18192), np.int64(18193), np.int64(18194), np.int64(18195)]",18196,25283,13-38-05.205049,69,calib,"18191,18192,18193,18194,18195"
95,"[np.int64(18192), np.int64(18193), np.int64(18194), np.int64(18195), np.int64(18196)]",18197,25284,13-38-05.304927,109,calib,"18192,18193,18194,18195,18196"
95,"[np.int64(18193), np.int64(18194), np.int64(18195), np.int64(18196), np.int64(18197)]",18198,25285,13-38-05.405037,77,calib,"18193,18194,18195,18196,18197"
95,"[np.int64(18194), np.int64(18195), np.int64(18196), np.int64(18197), np.int64(18198)]",18199,25286,13-38-05.504969,35,calib,"18194,18195,18196,18197,18198"
95,"[np.int64(18195), np.int64(18196), np.int64(18197), np.int64(18198), np.int64(18199)]",18200,25287,13-38-05.604912,36,calib,"18195,18196,18197,18198,18199"
95,"[np.int64(18196), np.int64(18197), np.int64(18198), np.int64(18199), np.int64(18200)]",18201,25288,13-38-05.705520,36,calib,"18196,18197,18198,18199,18200"
95,"[np.int64(18197), np.int64(18198), np.int64(18199), np.int64(18200), np.int64(18201)]",18202,25289,13-38-05.804991,36,calib,"18197,18198,18199,18200,18201"
95,"[np.int64(18198), np.int64(18199), np.int64(18200), np.int64(18201), np.int64(18202)]",18203,25290,13-38-05.905465,35,calib,"18198,18199,18200,18201,18202"
95,"[np.int64(18199), np.int64(18200), np.int64(18201), np.int64(18202), np.int64(18203)]",18204,25291,13-38-06.005375,36,calib,"18199,18200,18201,18202,18203"
95,"[np.int64(18200), np.int64(18201), np.int64(18202), np.int64(18203), np.int64(18204)]",18205,25292,13-38-06.105027,34,calib,"18200,18201,18202,18203,18204"
95,"[np.int64(18201), np.int64(18202), np.int64(18203), np.int64(18204), np.int64(18205)]",18206,25293,13-38-06.204995,36,calib,"18201,18202,18203,18204,18205"
95,"[np.int64(18202), np.int64(18203), np.int64(18204), np.int64(18205), np.int64(18206)]",18207,25294,13-38-06.305646,35,calib,"18202,18203,18204,18205,18206"
95,"[np.int64(18203), np.int64(18204), np.int64(18205), np.int64(18206), np.int64(18207)]",18208,25295,13-38-06.405376,36,calib,"18203,18204,18205,18206,18207"
95,"[np.int64(18204), np.int64(18205), np.int64(18206), np.int64(18207), np.int64(18208)]",18209,25296,13-38-06.504744,34,calib,"18204,18205,18206,18207,18208"
95,"[np.int64(18205), np.int64(18206), np.int64(18207), np.int64(18208), np.int64(18209)]",18210,25297,13-38-06.605041,35,calib,"18205,18206,18207,18208,18209"
95,"[np.int64(18206), np.int64(18207), np.int64(18208), np.int64(18209), np.int64(18210)]",18211,25298,13-38-06.704743,36,calib,"18206,18207,18208,18209,18210"
95,"[np.int64(18207), np.int64(18208), np.int64(18209), np.int64(18210), np.int64(18211)]",18212,25299,13-38-06.804964,34,calib,"18207,18208,18209,18210,18211"
95,"[np.int64(18208), np.int64(18209), np.int64(18210), np.int64(18211), np.int64(18212)]",18213,25300,13-38-06.905268,36,calib,"18208,18209,18210,18211,18212"
95,"[np.int64(18209), np.int64(18210), np.int64(18211), np.int64(18212), np.int64(18213)]",18214,25301,13-38-07.005666,34,calib,"18209,18210,18211,18212,18213"
95,"[np.int64(18210), np.int64(18211), np.int64(18212), np.int64(18213), np.int64(18214)]",18215,25302,13-38-07.105155,35,calib,"18210,18211,18212,18213,18214"
95,"[np.int64(18211), np.int64(18212), np.int64(18213), np.int64(18214), np.int64(18215)]",18216,25303,13-38-07.205383,34,calib,"18211,18212,18213,18214,18215"
95,"[np.int64(18212), np.int64(18213), np.int64(18214), np.int64(18215), np.int64(18216)]",18217,25304,13-38-07.305180,36,calib,"18212,18213,18214,18215,18216"
95,"[np.int64(18213), np.int64(18214), np.int64(18215), np.int64(18216), np.int64(18217)]",18218,25305,13-38-07.405527,35,calib,"18213,18214,18215,18216,18217"
95,"[np.int64(18214), np.int64(18215), np.int64(18216), np.int64(18217), np.int64(18218)]",18219,25306,13-38-07.505406,35,calib,"18214,18215,18216,18217,18218"
95,"[np.int64(18215), np.int64(18216), np.int64(18217), np.int64(18218), np.int64(18219)]",18220,25307,13-38-07.605468,33,calib,"18215,18216,18217,18218,18219"
95,"[np.int64(18216), np.int64(18217), np.int64(18218), np.int64(18219), np.int64(18220)]",18221,25308,13-38-07.704664,36,calib,"18216,18217,18218,18219,18220"
95,"[np.int64(18217), np.int64(18218), np.int64(18219), np.int64(18220), np.int64(18221)]",18222,25309,13-38-07.805321,34,calib,"18217,18218,18219,18220,18221"
95,"[np.int64(18218), np.int64(18219), np.int64(18220), np.int64(18221), np.int64(18222)]",18223,25310,13-38-07.905287,34,calib,"18218,18219,18220,18221,18222"
95,"[np.int64(18219), np.int64(18220), np.int64(18221), np.int64(18222), np.int64(18223)]",18224,25311,13-38-08.004828,35,calib,"18219,18220,18221,18222,18223"
95,"[np.int64(18220), np.int64(18221), np.int64(18222), np.int64(18223), np.int64(18224)]",18225,25312,13-38-08.105207,35,calib,"18220,18221,18222,18223,18224"
95,"[np.int64(18221), np.int64(18222), np.int64(18223), np.int64(18224), np.int64(18225)]",18226,25313,13-38-08.205202,33,calib,"18221,18222,18223,18224,18225"
95,"[np.int64(18222), np.int64(18223), np.int64(18224), np.int64(18225), np.int64(18226)]",18227,25314,13-38-08.305663,35,calib,"18222,18223,18224,18225,18226"
95,"[np.int64(18223), np.int64(18224), np.int64(18225), np.int64(18226), np.int64(18227)]",18228,25315,13-38-08.404701,36,calib,"18223,18224,18225,18226,18227"
95,"[np.int64(18224), np.int64(18225), np.int64(18226), np.int64(18227), np.int64(18228)]",18229,25316,13-38-08.504680,34,calib,"18224,18225,18226,18227,18228"
95,"[np.int64(18225), np.int64(18226), np.int64(18227), np.int64(18228), np.int64(18229)]",18230,25317,13-38-08.605517,35,calib,"18225,18226,18227,18228,18229"
95,"[np.int64(18226), np.int64(18227), np.int64(18228), np.int64(18229), np.int64(18230)]",18231,25318,13-38-08.705475,35,calib,"18226,18227,18228,18229,18230"
95,"[np.int64(18227), np.int64(18228), np.int64(18229), np.int64(18230), np.int64(18231)]",18232,25319,13-38-08.804979,35,calib,"18227,18228,18229,18230,18231"
95,"[np.int64(18228), np.int64(18229), np.int64(18230), np.int64(18231), np.int64(18232)]",18233,25320,13-38-08.905056,36,calib,"18228,18229,18230,18231,18232"
95,"[np.int64(18229), np.int64(18230), np.int64(18231), np.int64(18232), np.int64(18233)]",18234,25321,13-38-09.004958,35,calib,"18229,18230,18231,18232,18233"
95,"[np.int64(18230), np.int64(18231), np.int64(18232), np.int64(18233), np.int64(18234)]",18235,25322,13-38-09.105665,94,calib,"18230,18231,18232,18233,18234"
95,"[np.int64(18231), np.int64(18232), np.int64(18233), np.int64(18234), np.int64(18235)]",18236,25323,13-38-09.204701,104,calib,"18231,18232,18233,18234,18235"
95,"[np.int64(18232), np.int64(18233), np.int64(18234), np.int64(18235), np.int64(18236)]",18237,25324,13-38-09.305010,36,calib,"18232,18233,18234,18235,18236"
95,"[np.int64(18233), np.int64(18234), np.int64(18235), np.int64(18236), np.int64(18237)]",18238,25325,13-38-09.405412,104,calib,"18233,18234,18235,18236,18237"
95,"[np.int64(18234), np.int64(18235), np.int64(18236), np.int64(18237), np.int64(18238)]",18239,25326,13-38-09.505353,92,calib,"18234,18235,18236,18237,18238"
95,"[np.int64(18235), np.int64(18236), np.int64(18237), np.int64(18238), np.int64(18239)]",18240,25327,13-38-09.605667,85,calib,"18235,18236,18237,18238,18239"
95,"[np.int64(18236), np.int64(18237), np.int64(18238), np.int64(18239), np.int64(18240)]",18241,25328,13-38-09.705667,68,calib,"18236,18237,18238,18239,18240"
95,"[np.int64(18237), np.int64(18238), np.int64(18239), np.int64(18240), np.int64(18241)]",18242,25329,13-38-09.804828,126,calib,"18237,18238,18239,18240,18241"
95,"[np.int64(18238), np.int64(18239), np.int64(18240), np.int64(18241), np.int64(18242)]",18243,25330,13-38-09.904739,84,calib,"18238,18239,18240,18241,18242"
95,"[np.int64(18239), np.int64(18240), np.int64(18241), np.int64(18242), np.int64(18243)]",18244,25331,13-38-10.005095,105,calib,"18239,18240,18241,18242,18243"
95,"[np.int64(18240), np.int64(18241), np.int64(18242), np.int64(18243), np.int64(18244)]",18245,25332,13-38-10.105239,85,calib,"18240,18241,18242,18243,18244"
95,"[np.int64(18241), np.int64(18242), np.int64(18243), np.int64(18244), np.int64(18245)]",18246,25333,13-38-10.205159,92,calib,"18241,18242,18243,18244,18245"
95,"[np.int64(18242), np.int64(18243), np.int64(18244), np.int64(18245), np.int64(18246)]",18247,25334,13-38-10.304724,120,calib,"18242,18243,18244,18245,18246"
95,"[np.int64(18243), np.int64(18244), np.int64(18245), np.int64(18246), np.int64(18247)]",18248,25335,13-38-10.404788,101,calib,"18243,18244,18245,18246,18247"
95,"[np.int64(18244), np.int64(18245), np.int64(18246), np.int64(18247), np.int64(18248)]",18249,25336,13-38-10.505668,92,calib,"18244,18245,18246,18247,18248"
95,"[np.int64(18245), np.int64(18246), np.int64(18247), np.int64(18248), np.int64(18249)]",18250,25337,13-38-10.604891,79,calib,"18245,18246,18247,18248,18249"
95,"[np.int64(18246), np.int64(18247), np.int64(18248), np.int64(18249), np.int64(18250)]",18251,25338,13-38-10.704912,79,calib,"18246,18247,18248,18249,18250"
95,"[np.int64(18247), np.int64(18248), np.int64(18249), np.int64(18250), np.int64(18251)]",18252,25339,13-38-10.805375,69,calib,"18247,18248,18249,18250,18251"
95,"[np.int64(18248), np.int64(18249), np.int64(18250), np.int64(18251), np.int64(18252)]",18253,25340,13-38-10.905185,67,calib,"18248,18249,18250,18251,18252"
95,"[np.int64(18249), np.int64(18250), np.int64(18251), np.int64(18252), np.int64(18253)]",18254,25341,13-38-11.005664,77,calib,"18249,18250,18251,18252,18253"
95,"[np.int64(18250), np.int64(18251), np.int64(18252), np.int64(18253), np.int64(18254)]",18255,25342,13-38-11.104981,92,calib,"18250,18251,18252,18253,18254"
95,"[np.int64(18251), np.int64(18252), np.int64(18253), np.int64(18254), np.int64(18255)]",18256,25343,13-38-11.205162,36,calib,"18251,18252,18253,18254,18255"
95,"[np.int64(18252), np.int64(18253), np.int64(18254), np.int64(18255), np.int64(18256)]",18257,25344,13-38-11.305311,111,calib,"18252,18253,18254,18255,18256"
95,"[np.int64(18253), np.int64(18254), np.int64(18255), np.int64(18256), np.int64(18257)]",18258,25345,13-38-11.405226,91,calib,"18253,18254,18255,18256,18257"
95,"[np.int64(18254), np.int64(18255), np.int64(18256), np.int64(18257), np.int64(18258)]",18259,25346,13-38-11.504723,81,calib,"18254,18255,18256,18257,18258"
95,"[np.int64(18255), np.int64(18256), np.int64(18257), np.int64(18258), np.int64(18259)]",18260,25347,13-38-11.604916,102,calib,"18255,18256,18257,18258,18259"
95,"[np.int64(18256), np.int64(18257), np.int64(18258), np.int64(18259), np.int64(18260)]",18261,25348,13-38-11.704721,100,calib,"18256,18257,18258,18259,18260"
95,"[np.int64(18257), np.int64(18258), np.int64(18259), np.int64(18260), np.int64(18261)]",18262,25349,13-38-11.804915,92,calib,"18257,18258,18259,18260,18261"
95,"[np.int64(18258), np.int64(18259), np.int64(18260), np.int64(18261), np.int64(18262)]",18263,25350,13-38-11.905475,86,calib,"18258,18259,18260,18261,18262"
95,"[np.int64(18259), np.int64(18260), np.int64(18261), np.int64(18262), np.int64(18263)]",18264,25351,13-38-12.005044,75,calib,"18259,18260,18261,18262,18263"
95,"[np.int64(18260), np.int64(18261), np.int64(18262), np.int64(18263), np.int64(18264)]",18265,25352,13-38-12.104690,79,calib,"18260,18261,18262,18263,18264"
95,"[np.int64(18261), np.int64(18262), np.int64(18263), np.int64(18264), np.int64(18265)]",18266,25353,13-38-12.205262,68,calib,"18261,18262,18263,18264,18265"
95,"[np.int64(18262), np.int64(18263), np.int64(18264), np.int64(18265), np.int64(18266)]",18267,25354,13-38-12.305021,89,calib,"18262,18263,18264,18265,18266"
95,"[np.int64(18263), np.int64(18264), np.int64(18265), np.int64(18266), np.int64(18267)]",18268,25355,13-38-12.405669,125,calib,"18263,18264,18265,18266,18267"
95,"[np.int64(18264), np.int64(18265), np.int64(18266), np.int64(18267), np.int64(18268)]",18269,25356,13-38-12.504914,85,calib,"18264,18265,18266,18267,18268"
95,"[np.int64(18265), np.int64(18266), np.int64(18267), np.int64(18268), np.int64(18269)]",18270,25357,13-38-12.605093,94,calib,"18265,18266,18267,18268,18269"
95,"[np.int64(18266), np.int64(18267), np.int64(18268), np.int64(18269), np.int64(18270)]",18271,25358,13-38-12.704864,110,calib,"18266,18267,18268,18269,18270"
95,"[np.int64(18267), np.int64(18268), np.int64(18269), np.int64(18270), np.int64(18271)]",18272,25359,13-38-12.805181,36,calib,"18267,18268,18269,18270,18271"
95,"[np.int64(18268), np.int64(18269), np.int64(18270), np.int64(18271), np.int64(18272)]",18273,25360,13-38-12.904723,84,calib,"18268,18269,18270,18271,18272"
95,"[np.int64(18269), np.int64(18270), np.int64(18271), np.int64(18272), np.int64(18273)]",18274,25361,13-38-13.005506,92,calib,"18269,18270,18271,18272,18273"
95,"[np.int64(18270), np.int64(18271), np.int64(18272), np.int64(18273), np.int64(18274)]",18275,25362,13-38-13.105376,72,calib,"18270,18271,18272,18273,18274"
95,"[np.int64(18271), np.int64(18272), np.int64(18273), np.int64(18274), np.int64(18275)]",18276,25363,13-38-13.205176,77,calib,"18271,18272,18273,18274,18275"
95,"[np.int64(18272), np.int64(18273), np.int64(18274), np.int64(18275), np.int64(18276)]",18277,25364,13-38-13.305521,86,calib,"18272,18273,18274,18275,18276"
95,"[np.int64(18273), np.int64(18274), np.int64(18275), np.int64(18276), np.int64(18277)]",18278,25365,13-38-13.405300,87,calib,"18273,18274,18275,18276,18277"
95,"[np.int64(18274), np.int64(18275), np.int64(18276), np.int64(18277), np.int64(18278)]",18279,25366,13-38-13.504980,123,calib,"18274,18275,18276,18277,18278"
95,"[np.int64(18275), np.int64(18276), np.int64(18277), np.int64(18278), np.int64(18279)]",18280,25367,13-38-13.605395,30,calib,"18275,18276,18277,18278,18279"
95,"[np.int64(18276), np.int64(18277), np.int64(18278), np.int64(18279), np.int64(18280)]",18281,25368,13-38-13.704728,110,calib,"18276,18277,18278,18279,18280"
95,"[np.int64(18277), np.int64(18278), np.int64(18279), np.int64(18280), np.int64(18281)]",18282,25369,13-38-13.805144,81,calib,"18277,18278,18279,18280,18281"
95,"[np.int64(18278), np.int64(18279), np.int64(18280), np.int64(18281), np.int64(18282)]",18283,25370,13-38-13.905106,84,calib,"18278,18279,18280,18281,18282"
95,"[np.int64(18279), np.int64(18280), np.int64(18281), np.int64(18282), np.int64(18283)]",18284,25371,13-38-14.005492,72,calib,"18279,18280,18281,18282,18283"
95,"[np.int64(18280), np.int64(18281), np.int64(18282), np.int64(18283), np.int64(18284)]",18285,25372,13-38-14.105635,91,calib,"18280,18281,18282,18283,18284"
95,"[np.int64(18281), np.int64(18282), np.int64(18283), np.int64(18284), np.int64(18285)]",18286,25373,13-38-14.205244,119,calib,"18281,18282,18283,18284,18285"
95,"[np.int64(18282), np.int64(18283), np.int64(18284), np.int64(18285), np.int64(18286)]",18287,25374,13-38-14.305347,113,calib,"18282,18283,18284,18285,18286"
95,"[np.int64(18283), np.int64(18284), np.int64(18285), np.int64(18286), np.int64(18287)]",18288,25375,13-38-14.404959,80,calib,"18283,18284,18285,18286,18287"
95,"[np.int64(18284), np.int64(18285), np.int64(18286), np.int64(18287), np.int64(18288)]",18289,25376,13-38-14.505718,83,calib,"18284,18285,18286,18287,18288"
95,"[np.int64(18285), np.int64(18286), np.int64(18287), np.int64(18288), np.int64(18289)]",18290,25377,13-38-14.605643,75,calib,"18285,18286,18287,18288,18289"
95,"[np.int64(18286), np.int64(18287), np.int64(18288), np.int64(18289), np.int64(18290)]",18291,25378,13-38-14.705047,34,calib,"18286,18287,18288,18289,18290"
95,"[np.int64(18287), np.int64(18288), np.int64(18289), np.int64(18290), np.int64(18291)]",18292,25379,13-38-14.804662,86,calib,"18287,18288,18289,18290,18291"
95,"[np.int64(18288), np.int64(18289), np.int64(18290), np.int64(18291), np.int64(18292)]",18293,25380,13-38-14.905132,36,calib,"18288,18289,18290,18291,18292"
95,"[np.int64(18289), np.int64(18290), np.int64(18291), np.int64(18292), np.int64(18293)]",18294,25381,13-38-15.005173,89,calib,"18289,18290,18291,18292,18293"
95,"[np.int64(18290), np.int64(18291), np.int64(18292), np.int64(18293), np.int64(18294)]",18295,25382,13-38-15.105429,100,calib,"18290,18291,18292,18293,18294"
95,"[np.int64(18291), np.int64(18292), np.int64(18293), np.int64(18294), np.int64(18295)]",18296,25383,13-38-15.204963,36,calib,"18291,18292,18293,18294,18295"
95,"[np.int64(18292), np.int64(18293), np.int64(18294), np.int64(18295), np.int64(18296)]",18297,25384,13-38-15.305412,86,calib,"18292,18293,18294,18295,18296"
95,"[np.int64(18293), np.int64(18294), np.int64(18295), np.int64(18296), np.int64(18297)]",18298,25385,13-38-15.405012,35,calib,"18293,18294,18295,18296,18297"
95,"[np.int64(18294), np.int64(18295), np.int64(18296), np.int64(18297), np.int64(18298)]",18299,25386,13-38-15.505097,36,calib,"18294,18295,18296,18297,18298"
95,"[np.int64(18295), np.int64(18296), np.int64(18297), np.int64(18298), np.int64(18299)]",18300,25387,13-38-15.604755,107,calib,"18295,18296,18297,18298,18299"
95,"[np.int64(18296), np.int64(18297), np.int64(18298), np.int64(18299), np.int64(18300)]",18301,25388,13-38-15.705264,100,calib,"18296,18297,18298,18299,18300"
95,"[np.int64(18297), np.int64(18298), np.int64(18299), np.int64(18300), np.int64(18301)]",18302,25389,13-38-15.805598,110,calib,"18297,18298,18299,18300,18301"
95,"[np.int64(18298), np.int64(18299), np.int64(18300), np.int64(18301), np.int64(18302)]",18303,25390,13-38-15.905664,90,calib,"18298,18299,18300,18301,18302"
95,"[np.int64(18299), np.int64(18300), np.int64(18301), np.int64(18302), np.int64(18303)]",18304,25391,13-38-16.005081,36,calib,"18299,18300,18301,18302,18303"
95,"[np.int64(18300), np.int64(18301), np.int64(18302), np.int64(18303), np.int64(18304)]",18305,25392,13-38-16.105459,33,calib,"18300,18301,18302,18303,18304"
95,"[np.int64(18301), np.int64(18302), np.int64(18303), np.int64(18304), np.int64(18305)]",18306,25393,13-38-16.205379,37,calib,"18301,18302,18303,18304,18305"
95,"[np.int64(18302), np.int64(18303), np.int64(18304), np.int64(18305), np.int64(18306)]",18307,25394,13-38-16.304856,34,calib,"18302,18303,18304,18305,18306"
95,"[np.int64(18303), np.int64(18304), np.int64(18305), np.int64(18306), np.int64(18307)]",18308,25395,13-38-16.405023,35,calib,"18303,18304,18305,18306,18307"
95,"[np.int64(18304), np.int64(18305), np.int64(18306), np.int64(18307), np.int64(18308)]",18309,25396,13-38-16.504830,101,calib,"18304,18305,18306,18307,18308"
95,"[np.int64(18305), np.int64(18306), np.int64(18307), np.int64(18308), np.int64(18309)]",18310,25397,13-38-16.605669,34,calib,"18305,18306,18307,18308,18309"
95,"[np.int64(18306), np.int64(18307), np.int64(18308), np.int64(18309), np.int64(18310)]",18311,25398,13-38-16.704763,8,calib,"18306,18307,18308,18309,18310"
95,"[np.int64(18307), np.int64(18308), np.int64(18309), np.int64(18310), np.int64(18311)]",18312,25399,13-38-16.805266,92,calib,"18307,18308,18309,18310,18311"
95,"[np.int64(18308), np.int64(18309), np.int64(18310), np.int64(18311), np.int64(18312)]",18313,25400,13-38-16.905044,122,calib,"18308,18309,18310,18311,18312"
95,"[np.int64(18309), np.int64(18310), np.int64(18311), np.int64(18312), np.int64(18313)]",18314,25401,13-38-17.004828,67,calib,"18309,18310,18311,18312,18313"
95,"[np.int64(18310), np.int64(18311), np.int64(18312), np.int64(18313), np.int64(18314)]",18315,25402,13-38-17.105570,73,calib,"18310,18311,18312,18313,18314"
95,"[np.int64(18311), np.int64(18312), np.int64(18313), np.int64(18314), np.int64(18315)]",18316,25403,13-38-17.205424,33,calib,"18311,18312,18313,18314,18315"
95,"[np.int64(18312), np.int64(18313), np.int64(18314), np.int64(18315), np.int64(18316)]",18317,25404,13-38-17.305495,36,calib,"18312,18313,18314,18315,18316"
95,"[np.int64(18313), np.int64(18314), np.int64(18315), np.int64(18316), np.int64(18317)]",18318,25405,13-38-17.405526,123,calib,"18313,18314,18315,18316,18317"
95,"[np.int64(18314), np.int64(18315), np.int64(18316), np.int64(18317), np.int64(18318)]",18319,25406,13-38-17.505055,35,calib,"18314,18315,18316,18317,18318"
95,"[np.int64(18315), np.int64(18316), np.int64(18317), np.int64(18318), np.int64(18319)]",18320,25407,13-38-17.605598,125,calib,"18315,18316,18317,18318,18319"
95,"[np.int64(18316), np.int64(18317), np.int64(18318), np.int64(18319), np.int64(18320)]",18321,25408,13-38-17.704773,36,calib,"18316,18317,18318,18319,18320"
95,"[np.int64(18317), np.int64(18318), np.int64(18319), np.int64(18320), np.int64(18321)]",18322,25409,13-38-17.805408,87,calib,"18317,18318,18319,18320,18321"
95,"[np.int64(18318), np.int64(18319), np.int64(18320), np.int64(18321), np.int64(18322)]",18323,25410,13-38-17.905587,94,calib,"18318,18319,18320,18321,18322"
95,"[np.int64(18319), np.int64(18320), np.int64(18321), np.int64(18322), np.int64(18323)]",18324,25411,13-38-18.005106,115,calib,"18319,18320,18321,18322,18323"
95,"[np.int64(18320), np.int64(18321), np.int64(18322), np.int64(18323), np.int64(18324)]",18325,25412,13-38-18.105540,102,calib,"18320,18321,18322,18323,18324"
95,"[np.int64(18321), np.int64(18322), np.int64(18323), np.int64(18324), np.int64(18325)]",18326,25413,13-38-18.204689,89,calib,"18321,18322,18323,18324,18325"
95,"[np.int64(18322), np.int64(18323), np.int64(18324), np.int64(18325), np.int64(18326)]",18327,25414,13-38-18.304919,76,calib,"18322,18323,18324,18325,18326"
95,"[np.int64(18323), np.int64(18324), np.int64(18325), np.int64(18326), np.int64(18327)]",18328,25415,13-38-18.404738,69,calib,"18323,18324,18325,18326,18327"
95,"[np.int64(18324), np.int64(18325), np.int64(18326), np.int64(18327), np.int64(18328)]",18329,25416,13-38-18.505349,97,calib,"18324,18325,18326,18327,18328"
95,"[np.int64(18325), np.int64(18326), np.int64(18327), np.int64(18328), np.int64(18329)]",18330,25417,13-38-18.605180,101,calib,"18325,18326,18327,18328,18329"
95,"[np.int64(18326), np.int64(18327), np.int64(18328), np.int64(18329), np.int64(18330)]",18331,25418,13-38-18.705318,65,calib,"18326,18327,18328,18329,18330"
95,"[np.int64(18327), np.int64(18328), np.int64(18329), np.int64(18330), np.int64(18331)]",18332,25419,13-38-18.804648,35,calib,"18327,18328,18329,18330,18331"
95,"[np.int64(18328), np.int64(18329), np.int64(18330), np.int64(18331), np.int64(18332)]",18333,25420,13-38-18.905486,84,calib,"18328,18329,18330,18331,18332"
95,"[np.int64(18329), np.int64(18330), np.int64(18331), np.int64(18332), np.int64(18333)]",18334,25421,13-38-19.005066,124,calib,"18329,18330,18331,18332,18333"
95,"[np.int64(18330), np.int64(18331), np.int64(18332), np.int64(18333), np.int64(18334)]",18335,25422,13-38-19.105041,69,calib,"18330,18331,18332,18333,18334"
95,"[np.int64(18331), np.int64(18332), np.int64(18333), np.int64(18334), np.int64(18335)]",18336,25423,13-38-19.205400,84,calib,"18331,18332,18333,18334,18335"
95,"[np.int64(18332), np.int64(18333), np.int64(18334), np.int64(18335), np.int64(18336)]",18337,25424,13-38-19.304785,71,calib,"18332,18333,18334,18335,18336"
95,"[np.int64(18333), np.int64(18334), np.int64(18335), np.int64(18336), np.int64(18337)]",18338,25425,13-38-19.405475,113,calib,"18333,18334,18335,18336,18337"
95,"[np.int64(18334), np.int64(18335), np.int64(18336), np.int64(18337), np.int64(18338)]",18339,25426,13-38-19.504886,72,calib,"18334,18335,18336,18337,18338"
95,"[np.int64(18335), np.int64(18336), np.int64(18337), np.int64(18338), np.int64(18339)]",18340,25427,13-38-19.605609,124,calib,"18335,18336,18337,18338,18339"
95,"[np.int64(18336), np.int64(18337), np.int64(18338), np.int64(18339), np.int64(18340)]",18341,25428,13-38-19.704949,82,calib,"18336,18337,18338,18339,18340"
95,"[np.int64(18337), np.int64(18338), np.int64(18339), np.int64(18340), np.int64(18341)]",18342,25429,13-38-19.804790,82,calib,"18337,18338,18339,18340,18341"
95,"[np.int64(18338), np.int64(18339), np.int64(18340), np.int64(18341), np.int64(18342)]",18343,25430,13-38-19.904694,70,calib,"18338,18339,18340,18341,18342"
95,"[np.int64(18339), np.int64(18340), np.int64(18341), np.int64(18342), np.int64(18343)]",18344,25431,13-38-20.005483,110,calib,"18339,18340,18341,18342,18343"
95,"[np.int64(18340), np.int64(18341), np.int64(18342), np.int64(18343), np.int64(18344)]",18345,25432,13-38-20.104826,102,calib,"18340,18341,18342,18343,18344"
95,"[np.int64(18341), np.int64(18342), np.int64(18343), np.int64(18344), np.int64(18345)]",18346,25433,13-38-20.205201,118,calib,"18341,18342,18343,18344,18345"
95,"[np.int64(18342), np.int64(18343), np.int64(18344), np.int64(18345), np.int64(18346)]",18347,25434,13-38-20.305563,121,calib,"18342,18343,18344,18345,18346"
95,"[np.int64(18343), np.int64(18344), np.int64(18345), np.int64(18346), np.int64(18347)]",18348,25435,13-38-20.405323,100,calib,"18343,18344,18345,18346,18347"
95,"[np.int64(18344), np.int64(18345), np.int64(18346), np.int64(18347), np.int64(18348)]",18349,25436,13-38-20.504907,69,calib,"18344,18345,18346,18347,18348"
95,"[np.int64(18345), np.int64(18346), np.int64(18347), np.int64(18348), np.int64(18349)]",18350,25437,13-38-20.605463,91,calib,"18345,18346,18347,18348,18349"
95,"[np.int64(18346), np.int64(18347), np.int64(18348), np.int64(18349), np.int64(18350)]",18351,25438,13-38-20.704839,117,calib,"18346,18347,18348,18349,18350"
95,"[np.int64(18347), np.int64(18348), np.int64(18349), np.int64(18350), np.int64(18351)]",18352,25439,13-38-20.804970,36,calib,"18347,18348,18349,18350,18351"
95,"[np.int64(18348), np.int64(18349), np.int64(18350), np.int64(18351), np.int64(18352)]",18353,25440,13-38-20.905273,80,calib,"18348,18349,18350,18351,18352"
95,"[np.int64(18349), np.int64(18350), np.int64(18351), np.int64(18352), np.int64(18353)]",18354,25441,13-38-21.005670,104,calib,"18349,18350,18351,18352,18353"
95,"[np.int64(18350), np.int64(18351), np.int64(18352), np.int64(18353), np.int64(18354)]",18355,25442,13-38-21.104794,76,calib,"18350,18351,18352,18353,18354"
95,"[np.int64(18351), np.int64(18352), np.int64(18353), np.int64(18354), np.int64(18355)]",18356,25443,13-38-21.204910,83,calib,"18351,18352,18353,18354,18355"
95,"[np.int64(18352), np.int64(18353), np.int64(18354), np.int64(18355), np.int64(18356)]",18357,25444,13-38-21.305580,77,calib,"18352,18353,18354,18355,18356"
95,"[np.int64(18353), np.int64(18354), np.int64(18355), np.int64(18356), np.int64(18357)]",18358,25445,13-38-21.405675,72,calib,"18353,18354,18355,18356,18357"
95,"[np.int64(18354), np.int64(18355), np.int64(18356), np.int64(18357), np.int64(18358)]",18359,25446,13-38-21.504758,74,calib,"18354,18355,18356,18357,18358"
95,"[np.int64(18355), np.int64(18356), np.int64(18357), np.int64(18358), np.int64(18359)]",18360,25447,13-38-21.605667,68,calib,"18355,18356,18357,18358,18359"
95,"[np.int64(18356), np.int64(18357), np.int64(18358), np.int64(18359), np.int64(18360)]",18361,25448,13-38-21.705626,125,calib,"18356,18357,18358,18359,18360"
95,"[np.int64(18357), np.int64(18358), np.int64(18359), np.int64(18360), np.int64(18361)]",18362,25449,13-38-21.805001,34,calib,"18357,18358,18359,18360,18361"
95,"[np.int64(18358), np.int64(18359), np.int64(18360), np.int64(18361), np.int64(18362)]",18363,25450,13-38-21.905045,80,calib,"18358,18359,18360,18361,18362"
95,"[np.int64(18359), np.int64(18360), np.int64(18361), np.int64(18362), np.int64(18363)]",18364,25451,13-38-22.005510,94,calib,"18359,18360,18361,18362,18363"
95,"[np.int64(18360), np.int64(18361), np.int64(18362), np.int64(18363), np.int64(18364)]",18365,25452,13-38-22.105420,36,calib,"18360,18361,18362,18363,18364"
95,"[np.int64(18361), np.int64(18362), np.int64(18363), np.int64(18364), np.int64(18365)]",18366,25453,13-38-22.205626,35,calib,"18361,18362,18363,18364,18365"
95,"[np.int64(18362), np.int64(18363), np.int64(18364), np.int64(18365), np.int64(18366)]",18367,25454,13-38-22.305145,92,calib,"18362,18363,18364,18365,18366"
95,"[np.int64(18363), np.int64(18364), np.int64(18365), np.int64(18366), np.int64(18367)]",18368,25455,13-38-22.404950,86,calib,"18363,18364,18365,18366,18367"
95,"[np.int64(18364), np.int64(18365), np.int64(18366), np.int64(18367), np.int64(18368)]",18369,25456,13-38-22.505175,76,calib,"18364,18365,18366,18367,18368"
95,"[np.int64(18365), np.int64(18366), np.int64(18367), np.int64(18368), np.int64(18369)]",18370,25457,13-38-22.605636,123,calib,"18365,18366,18367,18368,18369"
95,"[np.int64(18366), np.int64(18367), np.int64(18368), np.int64(18369), np.int64(18370)]",18371,25458,13-38-22.705667,72,calib,"18366,18367,18368,18369,18370"
95,"[np.int64(18367), np.int64(18368), np.int64(18369), np.int64(18370), np.int64(18371)]",18372,25459,13-38-22.805110,89,calib,"18367,18368,18369,18370,18371"
95,"[np.int64(18368), np.int64(18369), np.int64(18370), np.int64(18371), np.int64(18372)]",18373,25460,13-38-22.905252,66,calib,"18368,18369,18370,18371,18372"
95,"[np.int64(18369), np.int64(18370), np.int64(18371), np.int64(18372), np.int64(18373)]",18374,25461,13-38-23.004678,84,calib,"18369,18370,18371,18372,18373"
95,"[np.int64(18370), np.int64(18371), np.int64(18372), np.int64(18373), np.int64(18374)]",18375,25462,13-38-23.105304,86,calib,"18370,18371,18372,18373,18374"
95,"[np.int64(18371), np.int64(18372), np.int64(18373), np.int64(18374), np.int64(18375)]",18376,25463,13-38-23.205479,92,calib,"18371,18372,18373,18374,18375"
95,"[np.int64(18372), np.int64(18373), np.int64(18374), np.int64(18375), np.int64(18376)]",18377,25464,13-38-23.305673,84,calib,"18372,18373,18374,18375,18376"
95,"[np.int64(18373), np.int64(18374), np.int64(18375), np.int64(18376), np.int64(18377)]",18378,25465,13-38-23.405367,110,calib,"18373,18374,18375,18376,18377"
95,"[np.int64(18374), np.int64(18375), np.int64(18376), np.int64(18377), np.int64(18378)]",18379,25466,13-38-23.505399,111,calib,"18374,18375,18376,18377,18378"
95,"[np.int64(18375), np.int64(18376), np.int64(18377), np.int64(18378), np.int64(18379)]",18380,25467,13-38-23.605429,67,calib,"18375,18376,18377,18378,18379"
95,"[np.int64(18376), np.int64(18377), np.int64(18378), np.int64(18379), np.int64(18380)]",18381,25468,13-38-23.704886,117,calib,"18376,18377,18378,18379,18380"
95,"[np.int64(18377), np.int64(18378), np.int64(18379), np.int64(18380), np.int64(18381)]",18382,25469,13-38-23.805138,69,calib,"18377,18378,18379,18380,18381"
95,"[np.int64(18378), np.int64(18379), np.int64(18380), np.int64(18381), np.int64(18382)]",18383,25470,13-38-23.905484,69,calib,"18378,18379,18380,18381,18382"
95,"[np.int64(18379), np.int64(18380), np.int64(18381), np.int64(18382), np.int64(18383)]",18384,25471,13-38-24.004832,80,calib,"18379,18380,18381,18382,18383"
95,"[np.int64(18380), np.int64(18381), np.int64(18382), np.int64(18383), np.int64(18384)]",18385,25472,13-38-24.105666,79,calib,"18380,18381,18382,18383,18384"
95,"[np.int64(18381), np.int64(18382), np.int64(18383), np.int64(18384), np.int64(18385)]",18386,25473,13-38-24.205216,110,calib,"18381,18382,18383,18384,18385"
95,"[np.int64(18382), np.int64(18383), np.int64(18384), np.int64(18385), np.int64(18386)]",18387,25474,13-38-24.304885,97,calib,"18382,18383,18384,18385,18386"
95,"[np.int64(18383), np.int64(18384), np.int64(18385), np.int64(18386), np.int64(18387)]",18388,25475,13-38-24.405526,116,calib,"18383,18384,18385,18386,18387"
95,"[np.int64(18384), np.int64(18385), np.int64(18386), np.int64(18387), np.int64(18388)]",18389,25476,13-38-24.505278,100,calib,"18384,18385,18386,18387,18388"
95,"[np.int64(18385), np.int64(18386), np.int64(18387), np.int64(18388), np.int64(18389)]",18390,25477,13-38-24.605517,100,calib,"18385,18386,18387,18388,18389"
95,"[np.int64(18386), np.int64(18387), np.int64(18388), np.int64(18389), np.int64(18390)]",18391,25478,13-38-24.705566,85,calib,"18386,18387,18388,18389,18390"
95,"[np.int64(18387), np.int64(18388), np.int64(18389), np.int64(18390), np.int64(18391)]",18392,25479,13-38-24.805081,76,calib,"18387,18388,18389,18390,18391"
95,"[np.int64(18388), np.int64(18389), np.int64(18390), np.int64(18391), np.int64(18392)]",18393,25480,13-38-24.904831,94,calib,"18388,18389,18390,18391,18392"
95,"[np.int64(18389), np.int64(18390), np.int64(18391), np.int64(18392), np.int64(18393)]",18394,25481,13-38-25.005667,82,calib,"18389,18390,18391,18392,18393"
95,"[np.int64(18390), np.int64(18391), np.int64(18392), np.int64(18393), np.int64(18394)]",18395,25482,13-38-25.105060,86,calib,"18390,18391,18392,18393,18394"
95,"[np.int64(18391), np.int64(18392), np.int64(18393), np.int64(18394), np.int64(18395)]",18396,25483,13-38-25.205472,34,calib,"18391,18392,18393,18394,18395"
95,"[np.int64(18392), np.int64(18393), np.int64(18394), np.int64(18395), np.int64(18396)]",18397,25484,13-38-25.305211,122,calib,"18392,18393,18394,18395,18396"
95,"[np.int64(18393), np.int64(18394), np.int64(18395), np.int64(18396), np.int64(18397)]",18398,25485,13-38-25.405572,122,calib,"18393,18394,18395,18396,18397"
95,"[np.int64(18394), np.int64(18395), np.int64(18396), np.int64(18397), np.int64(18398)]",18399,25486,13-38-25.505223,76,calib,"18394,18395,18396,18397,18398"
